account,name,city,state,naics,chlorine_lb,ammonia_lb,program_level,est_peak_kw,buffer_class,accidents,recent_accidents,submissions,validated,validation_note,rmp_id,url,lat,lon
Metropolitan Water District of Southern California,Robert A. Skinner Water Treatment Plant,Winchester,CA,22131,144000,0,3,5000,elevated storage network (inferred),1,0,7,True,,100000112601,www.mwd.dst.ca.us,33.582889,-117.081278
Metropolitan Water District of Southern California,F. E. Weymouth Water Treatment Plant,La Verne,CA,22131,403200,0,3,8000,elevated storage network (inferred),0,0,7,True,,100000125063,www.mwdh2o.com,34.111972,-117.782111
Metropolitan Water District of Southern California,Chemical Unloading Facility,Perris,CA,22131,1230000,0,3,8000,elevated storage network (inferred),0,0,6,True,,100000126927,www.mwdh2o.com,33.833972,-117.254806
Metropolitan Water District of Southern California,Joseph Jensen Water Treatment Plant,Granada Hills,CA,22131,540000,0,3,8000,elevated storage network (inferred),0,0,7,True,,100000129078,www.mwdh2o.com,34.311806,-118.496028
Metropolitan Water District of Southern California,Henry J. Mills Water Treatment Plant,Riverside,CA,22131,72000,0,3,3000,elevated storage network (inferred),0,0,7,True,,100000130388,www.mwdh2o.com,33.920528,-117.319750
Metropolitan Water District of Southern California,Robert B. Diemer Water Treatment Plant,Yorba Linda,CA,22131,180000,0,3,5000,elevated storage network (inferred),1,0,10,True,,100000132723,www.mwdh2o.com,33.911306,-117.817083
Dallas Water Utilities,Bachman Water Treatment Plant,Dallas,TX,22131,410000,10000,2,8000,elevated storage network (inferred),0,0,16,True,,100000043776,www.dallascityhall.com,32.849678,-096.869145
Dallas Water Utilities,Elm Fork Water Treatment Plant,Carrollton,TX,22131,410000,68000,2,8000,elevated storage network (inferred),0,0,14,True,,100000044766,http://www.dallascityhall.com,32.972158,-96.912212
Dallas Water Utilities,East Side Water Treatment Plant,Sunnyvale,TX,22131,360000,30000,2,8000,elevated storage network (inferred),3,0,19,True,,100000044837,http://www.dallascityhall.com,32.770492,-096.555495
Dallas Water Utilities,Central Wastewater Treatment Plant,Dallas,TX,22132,360000,0,2,8000,wet-well / inflow detention (inferred),2,0,14,True,,100000129201,http://www.dallascityhall.com,32.641716,-96.646700
Dallas Water Utilities,Southside Wastewater Treatment Plant,Dallas,TX,22132,150000,0,2,5000,wet-well / inflow detention (inferred),3,1,18,True,,100000129513,https://dallascityhall.com/departments/waterutilities/Pages/default.aspx,32.641716,-96.646700
American Water Utilities Holdings,New Castle Water Treatment Plant,New Castle,PA,22131,18000,0,3,1500,elevated storage network (inferred),0,0,8,True,,100000000072,www.amwater.com,41.017778,-080.361944
American Water Utilities Holdings,Ceastown Water Treatment Plant,Hunlock Creek,PA,22131,8000,0,3,500,elevated storage network (inferred),0,0,17,True,,100000000232,www.americanwater.com,41.250000,-076.033333
American Water Utilities Holdings,Brownell Water Treatment Plant,Carbondale,PA,22131,8000,0,3,500,elevated storage network (inferred),0,0,14,True,,100000000269,www.pawc.com,41.576111,-075.471944
American Water Utilities Holdings,Crystal Lake Water Treatment Plant,Mountaintop,PA,22131,8000,0,3,500,elevated storage network (inferred),0,0,13,True,,100000000606,www.pawc.com,41.1713,-75.845
American Water Utilities Holdings,Nesbitt Water Treatment Plant,Pittston,PA,22131,8000,0,3,500,elevated storage network (inferred),0,0,19,True,,100000000857,www.pawc.com,41.327500,-075.655833
American Water Utilities Holdings,Oneida Valley Treatment Plant,Butler,PA,22131,16000,0,3,1500,elevated storage network (inferred),0,0,8,True,,100000001473,www.pawc.com,40.888611,-079.880556
American Water Utilities Holdings,Indiana American Water-Seymour,Seymour,IN,22131,2000,0,3,500,elevated storage network (inferred),0,0,8,True,,100000024886,www.amwater.com/inaw,38.959722,-085.884444
American Water Utilities Holdings,Illinois American Water - Urbana East Plant,Urbana,IL,22131,2000,0,3,500,elevated storage network (inferred),0,0,7,True,,100000026296,www.amwater.com,40.117500,-088.219444
American Water Utilities Holdings,Swimming River Water Treatment Plant,Colts Neck,NJ,22131,42000,0,3,3000,elevated storage network (inferred),0,0,11,True,,100000065895,,40.317749,-074.113002
American Water Utilities Holdings,Home Water Treatment Plant,Spring City,PA,22131,6000,0,3,500,elevated storage network (inferred),0,0,8,True,,100000079513,www.pawc.com,40.183333,-75.566667
American Water Utilities Holdings,Missouri American Water Company North Plant,Florissant,MO,22131,32000,0,3,1500,elevated storage network (inferred),1,0,8,True,,100000099029,www.amwater.com,38.819722,-090.369444
American Water Utilities Holdings,Missouri American Water Company Central Plant,Chesterfield,MO,22131,260000,0,3,5000,elevated storage network (inferred),1,0,7,True,,100000101294,www.amwater.com,38.688889,-090.523056
American Water Utilities Holdings,"West Virginia American Water - Huntington, WV WTP",Huntington,WV,22131,28000,0,3,1500,elevated storage network (inferred),0,0,9,True,,100000103069,,38.43152,-82.4124
American Water Utilities Holdings,"Illinois-Amer. Water Co, Granite City Facility",Granite City,IL,22131,50000,0,3,3000,elevated storage network (inferred),0,0,6,True,,100000137791,http://www.illinoisamerican.com/,38.711667,-090.151667
American Water Utilities Holdings,Illinois-American Water Company San Koty facility,Peoria,IL,22131,22000,0,3,1500,elevated storage network (inferred),1,0,7,True,,100000139432,www.illinoisamerican.com,40.760833,-089.570000
American Water Utilities Holdings,Illinois-American Water Co. Main Station Facility,Peoria,IL,22131,40000,0,3,3000,elevated storage network (inferred),0,0,7,True,,100000161031,www.illinoisamerican.com,40.725000,-089.552222
American Water Utilities Holdings,Missouri American Water Co. St. Joseph Plant,St. Joseph,MO,22131,48000,0,3,3000,elevated storage network (inferred),0,0,6,True,,100000167892,www.amwater.com,39.820833,-094.855000
American Water Utilities Holdings,Tolt Treatment Facility,Duvall,WA,22131,40000,0,3,3000,elevated storage network (inferred),0,0,6,True,,100000173368,http://www.seattle.gov/utilities,47.705623,-121.823659
American Water Utilities Holdings,West Virginia American Water - New River WTP,Beckwith,WV,22131,12000,0,3,1500,elevated storage network (inferred),0,0,8,True,,100000175785,wvawater.com,38.1061,-081.11174
American Water Utilities Holdings,Huntsville Water Treatment Plant,Dallas,PA,22131,8000,0,3,500,elevated storage network (inferred),0,0,8,True,,100000182615,www.americanwater.com,41.190440,-75.682770
American Water Utilities Holdings,Indiana American Water-Newburgh,Newburgh,IN,22131,6000,0,3,500,elevated storage network (inferred),0,0,6,True,,100000187576,www.amwater.com/inaw,37.932778,-087.359167
American Water Utilities Holdings,Butler Wastewater Treatment Plant,Butler,PA,22132,6000,0,2,1200,wet-well / inflow detention (inferred),0,0,4,True,,100000155495,pennsylvaniaamericanwater.com,40.841389,-079.917500
PR Aqueduct & Sewer Authority (ACQUEDUCTOS),Aguadilla Nueva Filtration Plant,Aguadilla,PR,22131,16000,0,3,1500,elevated storage network (inferred),0,0,10,True,,100000119999,acueductospr.com,18.447222,-067.143888
PR Aqueduct & Sewer Authority (ACQUEDUCTOS),Sergio Cuevas Filtration Plant,Trujillo Alto,PR,22131,166000,0,3,5000,elevated storage network (inferred),0,0,7,True,,100000121753,www.acueductospr.com,18.371307,-066.022378
PR Aqueduct & Sewer Authority (ACQUEDUCTOS),Patillas Filtration Plant,Patillas,PR,22131,10000,0,3,1500,elevated storage network (inferred),0,0,6,True,,100000124698,www.acueductospr.com,18.017472,-066.017333
PR Aqueduct & Sewer Authority (ACQUEDUCTOS),Ponce Nueva Filtration Plant,Ponce,PR,22131,20000,0,3,1500,elevated storage network (inferred),1,0,6,True,,100000124796,,18.039772,-066.648338
PR Aqueduct & Sewer Authority (ACQUEDUCTOS),La PlataToa Alta Filtration Plant (Enrique Ortega),Toa Alta,PR,22131,68000,0,3,3000,elevated storage network (inferred),0,0,6,True,,100000125223,www.acueductospr.com,18.352778,-066.225000
PR Aqueduct & Sewer Authority (ACQUEDUCTOS),Ponce Vieja Filtration Plant,Ponce,PR,22131,18000,0,3,1500,elevated storage network (inferred),1,0,6,True,,100000125599,,18.023565,-066.614804
PR Aqueduct & Sewer Authority (ACQUEDUCTOS),Morovis Sur Filtration Plant,Morovis,PR,22131,8000,0,3,500,elevated storage network (inferred),0,0,6,True,,100000125955,www.acueductospr.com,18.308778,-066.406972
PR Aqueduct & Sewer Authority (ACQUEDUCTOS),Negros-Corozal Filtration Plant,Corozal,PR,22131,10000,0,3,1500,elevated storage network (inferred),0,0,6,True,,100000126641,www.acueductos.com,18.286975,-066.333084
PR Aqueduct & Sewer Authority (ACQUEDUCTOS),North Coast Superaqueduct Filtration Plant,Arecibo,PR,22131,76000,0,3,3000,elevated storage network (inferred),0,0,6,True,,100000155985,www.jacobs.com,18.428264,-066.628106
PR Aqueduct & Sewer Authority (ACQUEDUCTOS),Espino Lares Filtration Plant,Lares,PR,22131,6000,0,3,500,elevated storage network (inferred),0,0,4,True,,100000204593,acueductospr.com,18.257061,-066.912109
PR Aqueduct & Sewer Authority (ACQUEDUCTOS),Aguada-Aguadilla Wastewater Treatment Plant,Aguada,PR,22132,32000,0,3,1500,wet-well / inflow detention (inferred),0,0,6,True,,100000121469,acueductospr.com,18.392550,-067.181740
PR Aqueduct & Sewer Authority (ACQUEDUCTOS),Camuy Hatillo Wastewater Treatment Plant,Camuy,PR,22132,12000,0,3,1500,wet-well / inflow detention (inferred),0,0,6,True,,100000122958,www.acueductospr.com,18.488744,-066.875578
PR Aqueduct & Sewer Authority (ACQUEDUCTOS),Bayamon Wastewater Treatment Plant,Cataño,PR,22132,52000,0,3,3000,wet-well / inflow detention (inferred),2,0,6,True,,100000123118,acueductospr.com,18.441881,-066.152222
PR Aqueduct & Sewer Authority (ACQUEDUCTOS),Puerto Nuevo Regional Wastewater Treatment Plant,San Juan,PR,22132,52000,0,3,3000,wet-well / inflow detention (inferred),1,0,6,True,,100000125241,acueductospr.com,18.431111,-066.085833
Great Lakes Water Authority,SOUTHWEST WATER TREATMENT PLANT,Allen Park,MI,22131,40000,0,3,3000,elevated storage network (inferred),3,0,7,True,,100000084696,,42.228056,-083.206111
Great Lakes Water Authority,LAKE HURON WATER TREATMENT PLANT,FORT GRATIOT,MI,22131,50000,0,3,3000,elevated storage network (inferred),0,0,6,True,,100000112861,,43.082500,-082.489444
Great Lakes Water Authority,NORTHEAST WATER TREATMENT PLANT,Detroit,MI,22131,18000,0,3,1500,elevated storage network (inferred),0,0,6,True,,100000112923,,42.448056,-083.014444
Great Lakes Water Authority,WATER WORKS PARK WATER TREATMENT PLANT,DETROIT,MI,22131,180000,0,3,5000,elevated storage network (inferred),2,0,6,True,,100000112987,,42.361944,-082.980278
Great Lakes Water Authority,SPRINGWELLS WATER TREATMENT PLANT,DEARBORN,MI,22131,48000,0,3,3000,elevated storage network (inferred),4,0,6,True,,100000165536,,42.344722,-083.150000
Great Lakes Water Authority,GLWA Water Resource Recovery Facility,Detroit,MI,22132,900000,0,3,8000,wet-well / inflow detention (inferred),0,0,18,True,,100000113021,www.glwater.org,42.280556,-083.118889
El Paso Water,Northeast Station,El Paso,TX,22132,4000,0,2,1200,wet-well / inflow detention (inferred),0,0,6,True,,100000067269,www.epwater.org,31.928000,-106.407500
El Paso Water,Montana,El Paso,TX,22132,30000,0,2,1500,wet-well / inflow detention (inferred),0,0,6,True,,100000068393,www.epwater.org,31.797167,-106.342167
El Paso Water,Robertson-Umbenhauer Water Treatment Plant,El Paso,TX,22132,42000,0,2,3000,elevated storage network (inferred),0,0,7,True,,100000074073,http://www.epwater.org,31.752444,-106.492417
El Paso Water,McRae Station,El Paso,TX,22132,4000,0,2,1200,wet-well / inflow detention (inferred),0,0,6,True,,100000074171,www.epwater.org,31.795833,-106.360833
El Paso Water,Jonathan Rogers Water Treatment Plant,El Paso,TX,22132,20000,0,2,1500,elevated storage network (inferred),0,0,7,True,,100000074199,http://www.epwater.org,31.6555230,-106.321177
El Paso Water,Nevins Station,El Paso,TX,22132,4000,0,2,1200,wet-well / inflow detention (inferred),0,0,6,True,,100000077436,www.epwater.org,31.899500,-106.423000
El Paso Water,Canutillo Station,El Paso,TX,22132,4000,0,2,1200,wet-well / inflow detention (inferred),0,0,6,True,,100000109651,www.epwater.org,31.922972,-106.606697
El Paso Water,Loop 375 Station,El Paso,TX,22132,30000,0,2,1500,wet-well / inflow detention (inferred),0,0,6,True,,100000114235,www.epwater.org,31.900000,-106.390000
El Paso Water,Artcraft Station,El Paso,TX,22131,6000,0,2,1200,elevated storage network (inferred),0,0,5,True,,100000186577,www.epwater.org,31.882833,-106.576444
El Paso Water,Americas Station,El Paso,TX,22131,6000,0,2,1200,elevated storage network (inferred),0,0,5,True,,100000194363,www.epwater.org,31.712583,-106.270639
El Paso Water,Pebble Hills Booster Station,El Paso,TX,22131,4000,0,2,1200,elevated storage network (inferred),0,0,5,True,,100000199894,www.epwater.org,31.783580,-106.269390
El Paso Water,Fred Hervey Water Reclamation Plant,El Paso,TX,22132,8000,0,2,1200,wet-well / inflow detention (inferred),0,0,6,True,,100000061443,www.epwater.org,31.944583,-106.352556
El Paso Water,Roberto Bustamante Wastewater Treatment Plant,El Paso,TX,22132,44000,0,2,3000,wet-well / inflow detention (inferred),0,0,7,True,,100000066652,www.epwater.org,31.658972,-106.320250
El Paso Water,John T. Hickerson Water Reclamation Facility,El Paso,TX,22132,10000,0,2,1500,wet-well / inflow detention (inferred),0,0,6,True,,100000075447,,31.794667,-106.525000
El Paso Water,Haskell R. Street Wastewater Treatment Plant,El Paso,TX,22132,30000,0,2,1500,wet-well / inflow detention (inferred),1,0,8,True,,100000077365,www.epwater.org,31.761506,-106.442349
City of Houston,Southeast Water Purification Plant,Houston,TX,22131,60000,66960,3,3000,elevated storage network (inferred),0,0,10,True,,100000057608,www.houstontx.gov,29.630689,-095.151661
City of Houston,Katy Addicks Plant,Houston,TX,22131,8000,0,2,1200,elevated storage network (inferred),0,0,6,True,,100000081939,www.houstontx.gov,29.785619,-95.585644
City of Houston,Spring Branch Plant,Houston,TX,22131,4000,0,2,1200,elevated storage network (inferred),0,0,6,True,,100000083456,www.houstontx.gov,29.822167,-95.525206
City of Houston,Bellaire Braes Plant,Houston,TX,22131,8000,0,2,1200,elevated storage network (inferred),0,0,6,True,,100000083802,www.houstontx.gov,29.701911,-95.598436
City of Houston,Jersey Village Plant,Houston,TX,22131,32000,0,2,1500,elevated storage network (inferred),0,0,6,True,,100000083937,www.houstontx.gov,29.882489,-95.594489
City of Houston,Acres Homes Plant,Houston,TX,22131,12000,0,2,1500,elevated storage network (inferred),0,0,6,True,,100000126204,www.houstontx.gov,29.867291,-95.437164
City of Houston,Sims Bayou Plant,Houston,TX,22131,8000,0,2,1200,elevated storage network (inferred),0,0,6,True,,100000126286,www.houstontx.gov,29.6243,-95.474628
City of Houston,Southwest Plant,Houston,TX,22131,6000,0,2,1200,elevated storage network (inferred),0,0,6,True,,100000126348,www.houstontx.gov,29.729197,-95.451119
City of Houston,East Water Purification Plant,Houston,TX,22131,568000,67600,2,8000,elevated storage network (inferred),6,0,7,True,,100000138308,www.houstontx.gov,29.747797,-95.212911
City of Houston,North Park Water Treatment Plant A,Kingwood,TX,22131,4000,0,3,500,elevated storage network (inferred),0,0,5,True,,100000153772,www.houstontx.gov,30.067445,-095.208407
City of Houston,Rustic Wood Water Treatment Plant B,Kingwood,TX,22131,4000,0,3,500,elevated storage network (inferred),0,0,5,True,,100000154058,www.houstontx.gov,30.053805,-095.188364
City of Houston,Mills Branch Water Treatment Plant C,Kingwood,TX,22131,4000,0,3,500,elevated storage network (inferred),0,0,5,True,,100000160997,www.houstontx.gov,30.065737,-95.160294
City of Houston,Katy Addicks Surface Water Pump Station,Houston,TX,22131,32000,0,2,1500,elevated storage network (inferred),0,0,5,True,,100000187399,www.houstontx.gov,29.799044,-95.569769
City of Phoenix Water Services Department,Val Vista Water Treatment Plant,Mesa,AZ,22131,68000,0,3,3000,elevated storage network (inferred),0,0,7,True,,100000035179,www.phoenix.gov/waterservices/envservices/contact-esd,33.468155,-111.764806
City of Phoenix Water Services Department,Union Hills Water Treatment Plant,Phoenix,AZ,22131,68000,0,3,3000,elevated storage network (inferred),0,0,6,True,,100000035204,www.phoenix.gov/waterservices/envservices/contact-esd,33.683263,-112.036330
City of Phoenix Water Services Department,24th Street Water Treatment Plant,Phoenix,AZ,22131,66000,0,3,3000,elevated storage network (inferred),0,0,6,True,,100000036454,www.phoenix.gov/waterservices/envservices/contact-esd,33.532688,-112.031452
City of Phoenix Water Services Department,Deer Valley Water Treatment Plant,Phoenix,AZ,22131,30000,0,3,1500,elevated storage network (inferred),0,0,8,True,,100000039692,www.phoenix.gov/waterservices/envservices/contact-esd,33.568796,-112.128099
City of Phoenix Water Services Department,91st Avenue Wastewater Treatment Plant,Tolleson,AZ,22132,330000,0,3,8000,wet-well / inflow detention (inferred),1,0,8,True,,100000035295,www.phoenix.gov/waterservices/envservices/contact-esd,33.392177,-112.251589
San Antonio Water System,Salado Creek Chemical Storage Facility,San Antonio,TX,22132,30000,0,2,1500,wet-well / inflow detention (inferred),0,0,8,True,,100000038755,www.saws.org,29.281707,-098.42651
San Antonio Water System,Anderson Pump Station,San Antonio,TX,22131,6000,0,2,1200,elevated storage network (inferred),0,0,8,True,,100000058224,www.saws.org,29.479764,-098.712639
San Antonio Water System,Randolph Pump Station,San Antonio,TX,22131,6000,0,2,1200,elevated storage network (inferred),0,0,8,True,,100000058279,www.saws.org,29.530278,-098.379444
San Antonio Water System,Seale Pumping Station,San Antonio,TX,22131,6000,0,2,1200,elevated storage network (inferred),0,0,8,True,,100000058322,www.saws.org,29.445000,-098.405556
San Antonio Water System,Mission Pump Station,San Antonio,TX,22131,4000,0,2,1200,elevated storage network (inferred),0,0,12,True,,100000058457,www.saws.org,29.390556,-098.497500
San Antonio Water System,SAWS H2 Oaks Water Treatment Plant,Elmendorf,TX,22131,64000,0,2,3000,elevated storage network (inferred),0,0,7,True,,100000184622,www.saws.org,29.145809,-098.392654
San Antonio Water System,Oliver Ranch Pump Station,SAN ANTONIO,TX,22131,8000,0,2,1200,elevated storage network (inferred),0,0,4,True,,100000205789,www.saws.org,29.690602,-098.455108
San Antonio Water System,Steven M. Clouse Water Recycling Center,San Antonio,TX,22132,88000,0,2,3000,elevated storage network (inferred),0,0,7,True,,100000038531,www.saws.org,29.235597,-098.418079
San Antonio Water System,Leon Creek Water Recycling Center,San Antonio,TX,22132,44000,0,2,3000,elevated storage network (inferred),0,0,8,True,,100000039255,,29.274869,-098.516300
Miami-Dade Water & Sewer Management Dept,John E. Preston Water Treatment Plant,Hialeah,FL,22131,360000,134400,3,8000,elevated storage network (inferred),1,0,7,True,,100000010668,www.miamidade.gov/water,25.831060,-080.285890
Miami-Dade Water & Sewer Management Dept,Alexander Orr Water Treatment Plant,Miami,FL,22131,360000,134400,3,8000,elevated storage network (inferred),3,0,7,True,,100000094453,www.miamidade.gov/water,25.705360,-080.334670
Denver Water,Moffat Water Treatment Plant,Lakewood,CO,22131,40000,0,2,3000,elevated storage network (inferred),0,0,9,True,,100000103023,www.denverwater.org,39.749166,-105.120363
Denver Water,Foothills Water Treatment Plant,Littleton,CO,22131,100000,67275,2,5000,elevated storage network (inferred),0,0,8,True,,100000112291,www.denverwater.org,39.458462,-105.064714
Denver Water,Marston Water Treatment Plant,Denver,CO,22131,48000,0,2,3000,elevated storage network (inferred),0,0,7,True,,100000112344,www.denverwater.org,39.636091,-105.060954
Denver Water,Recycling Plant,Commerce City,CO,22131,48000,0,2,3000,elevated storage network (inferred),0,0,9,True,,100000183552,www.denverwater.org,39.799997,-104.957241
City of Chicago Department of Water Management,Sawyer Water Purification Plant (SWPP),Chicago,IL,22131,220000,0,3,5000,elevated storage network (inferred),3,0,8,True,,100000045159,http://www.cityofchicago.org/watermanagement,41.758136,-087.542459
City of Chicago Department of Water Management,James W. Jardine Water Purification Plant (JWPP),Chicago,IL,22131,308000,0,3,8000,elevated storage network (inferred),2,0,6,True,,100000045505,http://www.cityofchicago.org/watermanagement,41.893333,-087.605833
Los Angeles Department of Water & Power,Santa Ynez Chlorination Station,Pacific Palisades,CA,22131,8000,0,3,500,elevated storage network (inferred),0,0,6,True,,100000138317,www.ladwp.com,34.071944,-118.568056
Los Angeles Department of Water & Power,North Hollywood Wells Chlorination Station,North Hollywood,CA,22131,12000,0,3,1500,elevated storage network (inferred),0,0,7,True,,100000138424,www.ladwp.com,34.194167,-118.390278
Los Angeles Department of Water & Power,Los Angeles Aqueduct Filtration Plant,Sylmar,CA,22131,1136000,0,3,8000,elevated storage network (inferred),1,0,39,True,,100000140019,www.ladwp.com,34.305278,-118.488611
Los Angeles Department of Water & Power,Green-Verdugo Chlorination Station,Sunland,CA,22131,6000,0,3,500,elevated storage network (inferred),0,0,6,True,,100000140162,www.ladwp.com,34.256667,-118.337778
Los Angeles Department of Water & Power,Manhattan Wells Chlorination Station,Los Angeles,CA,22131,6000,0,3,500,elevated storage network (inferred),0,0,6,True,,100000141367,www.ladwp.com,33.982778,-118.310000
Los Angeles Department of Water & Power,Tujunga Wells Chlorination Station,Sun Valley,CA,22131,18000,0,3,1500,elevated storage network (inferred),0,0,6,True,,100000145247,www.ladwp.com,34.228333,-118.414444
City of Austin Water Utility,Albert R. Davis Water Treatment Plant,Austin,TX,22131,70000,17000,2,3000,elevated storage network (inferred),0,0,12,True,,100000067544,www.austintexas.gov,30.315000,-097.772778
City of Austin Water Utility,Albert H. Ullrich Water Treatment Plant,Austin,TX,22131,72000,17000,2,3000,elevated storage network (inferred),0,0,12,True,,100000077837,www.austintexas.gov,30.290833,-097.795278
City of Austin Water Utility,Walnut Creek Wastewater Treatment Plant,Austin,TX,22132,64000,0,2,3000,wet-well / inflow detention (inferred),0,0,12,True,,100000077123,www.austintexas.gov,30.279722,-097.652778
City of Austin Water Utility,South Austin Regional Wastewater Treatment Plant,Austin,TX,22132,56000,0,2,3000,wet-well / inflow detention (inferred),1,0,9,True,,100000080226,https://www.austintexas.gov/content/austin-water,30.208333,-097.605000
Trinity River Authority of Texas,Tarrant County Water Supply Project,Euless,TX,22131,2000,10000,2,1200,elevated storage network (inferred),0,0,16,True,,100000064084,www.trinityra.org,32.811121,-097.126857
Trinity River Authority of Texas,Huntsville Regional Water Supply System,Huntsville,TX,22131,2000,0,2,1200,elevated storage network (inferred),0,0,6,True,,100000071316,www.trinityra.org,30.835285,-095.548069
Trinity River Authority of Texas,Livingston Regional Water Supply System,Livingston,TX,22131,2000,0,2,1200,elevated storage network (inferred),0,0,6,True,,100000071628,www.trinityra.org,30.692258,-095.020570
Trinity River Authority of Texas,Central Regional Wastewater System,Grand Prairie,TX,22132,180000,0,2,5000,wet-well / inflow detention (inferred),2,0,15,True,,100000072583,www.trinityra.org,32.778677,-096.924789
Trinity River Authority of Texas,Ten Mile Creek Regional Wastewater System,Ferris,TX,22132,50000,0,2,3000,wet-well / inflow detention (inferred),0,0,11,True,,100000072752,www.trinityra.org,32.563831,-096.633251
Wastewater Treatment Division WTD,West Point Treatment Plant (WPTP),Seattle,WA,22132,72000,0,3,3000,wet-well / inflow detention (inferred),0,0,8,True,,100000134188,www.kingcounty.gov/depts/dnrp/wtd,47.662222,-122.428889
Wastewater Treatment Division WTD,South Treatment Plant,Renton,WA,22132,360000,0,3,8000,wet-well / inflow detention (inferred),0,0,7,True,,100000144756,http://dnr-web.metrokc.gov,47.468395,-122.234423
City of Fort Worth,Eagle Mountain Water Treatment Plant,Fort Worth,TX,22131,92000,24000,2,3000,elevated storage network (inferred),0,0,12,True,,100000077864,www.fortworthtexas.gov,32.859511,-097.420947
City of Fort Worth,Rolling Hills Water Treatment Plant,Fort Worth,TX,22131,96000,97000,2,3000,elevated storage network (inferred),0,0,12,True,,100000078024,www.fortworthtexas.gov,32.662475,-097.293235
City of Fort Worth,Village Creek Wastewater Treatment Plant,Arlington,TX,22132,132000,0,2,5000,wet-well / inflow detention (inferred),0,0,12,True,,100000070665,www.fortworthtexas.gov,32.777885,-097.143408
City of St Louis Water Division,Chain of Rocks Water Treatment Plant,St. Louis,MO,22131,110000,0,2,5000,elevated storage network (inferred),0,0,9,True,,100000072299,www.stlwater.com,38.7556,-090.1838
City of St Louis Water Division,Howard Bend Water Treatment Plant,Chesterfield,MO,22131,112000,0,2,5000,elevated storage network (inferred),3,0,12,True,,100000072324,www.stlwater.com,38.6786,-90.545
City of Forest,City of Forest (Hwy 80 west waterwell),Forest,MS,22131,4000,0,2,1200,elevated storage network (inferred),0,0,6,True,,100000022806,WWW.cityofforest.com,32.362222,-089.496667
City of Forest,City of Forest (Trenton Road waterwell),Forest,MS,22131,4000,0,2,1200,elevated storage network (inferred),0,0,5,True,,100000022815,WWW.cityofforest.com,32.351389,-089.480278
City of Forest,City of Forest (Cedar Street Waterwell),Forest,MS,22131,4000,0,2,1200,elevated storage network (inferred),0,0,5,True,,100000022833,,32.366944,-089.455556
City of Forest,City of Forest (Oak Park),Forest,MS,22131,4000,0,2,1200,elevated storage network (inferred),0,0,5,True,,100000022842,,32.373333,-089.493056
City of Forest,City of Forest (I-20 waterwell),Forest,MS,22131,4000,0,2,1200,elevated storage network (inferred),0,0,5,True,,100000022851,WWW.city of forest.com,32.340000,-089.484444
City of Forest,City of Forest (Hwy 80 & 21 waterwell),Forest,MS,22131,4000,0,2,1200,elevated storage network (inferred),0,0,5,True,,100000023253,WWW.cityofforest.com,32.380000,-089.462222
City of Forest,City of Forest (Little Princess Waterwell),Forest,MS,22131,4000,0,2,1200,elevated storage network (inferred),0,0,5,True,,100000023342,WWW.cityofforest.com,32.353333,-089.480278
City of Forest,City of Forest POTW,Forest,MS,22132,12000,0,2,1500,wet-well / inflow detention (inferred),0,0,5,True,,100000023084,WWW.cityofforest.com,32.387500,-089.445833
Metropolitan Utilities District,Platte South Water Production Facility,Bellevue,NE,22131,28000,0,2,1500,elevated storage network (inferred),0,0,6,True,,100000112692,www.mudomaha.com,41.071110,-095.973323
Metropolitan Utilities District,Florence Water Production Facility,Omaha,NE,22131,150000,0,2,5000,elevated storage network (inferred),0,0,6,True,,100000115109,7350 World Communication Drive,41.33762,-095.95700
Metropolitan Utilities District,Platte West Water Production Facility,Omaha,NE,22131,72000,0,2,3000,elevated storage network (inferred),0,0,4,True,,100000207402,www.mudomaha.com,41.20780,-96.24897
North Texas Municipal Water District,NTMWD Wylie Water Treatment Plant,Wylie,TX,22131,1080000,88000,2,8000,elevated storage network (inferred),4,0,35,True,,100000154584,www.ntmwd.com,33.017750,-096.532500
North Texas Municipal Water District,Wilson Creek Regional Wastewater Treatment Plant,Allen,TX,22132,2000,0,2,1200,wet-well / inflow detention (inferred),1,0,9,True,,100000147263,www.ntmwd.com,33.124283,-96.559717
City of Alexandria,Adams Station,Alexandria,LA,22131,22000,0,2,1500,elevated storage network (inferred),0,0,13,True,,100000122912,,31.235192,-092.462351
City of Alexandria,Highway 1 Pump Station,Alexandria,LA,22131,4000,0,2,1200,elevated storage network (inferred),0,0,11,True,,100000123582,,31.327191,-92.481401
City of Alexandria,Sterkx Road Site,Alexandria,LA,22131,4000,0,2,1200,elevated storage network (inferred),0,0,10,True,,100000124983,,31.270189,-92.451301
City of Alexandria,Ground Storage Castor Plunge,Woodworth,LA,22131,4000,0,2,1200,elevated storage network (inferred),0,0,11,True,,100000124992,,31.177390,-92.550901
City of Alexandria,City Park Station,Alexandria,LA,22131,4000,0,2,1200,elevated storage network (inferred),0,0,11,True,,100000125027,,31.290941,-92.452576
City of Alexandria,"Wastewater Treatment Plant, Hudson Site",Alexandria,LA,22132,28000,0,2,1500,wet-well / inflow detention (inferred),0,0,9,True,,100000122716,,31.280371,-92.420028
City of Alexandria,Dechlorination Facility,Alexandria,LA,22132,0,0,2,1200,wet-well / inflow detention (inferred),0,0,4,True,,100000181705,,31.294016,-92.419380
City of Bogalusa,City of Bogalusa Well Site #6,Bogalusa,LA,22131,4300,0,2,1200,elevated storage network (inferred),1,0,7,True,,100000172671,,30.770278,-089.856944
City of Bogalusa,City of Bogalusa Well Site #1,Bogalusa,LA,22131,10500,0,2,1500,elevated storage network (inferred),0,0,6,True,,100000198387,,30.804046,-089.847650
City of Bogalusa,City of Bogalusa Well Site #5,Bogalusa,LA,22131,4300,0,2,1200,elevated storage network (inferred),0,0,6,True,,100000198396,,30.757526,-089.874821
City of Bogalusa,City of Bogalusa Well Site #3,Bogalusa,LA,22131,4300,0,2,1200,elevated storage network (inferred),0,0,5,True,,100000198403,,30.781472,-089.867112
City of Bogalusa,City of Bogalusa Well Site #4,Bogalusa,LA,22131,4300,0,2,1200,elevated storage network (inferred),0,0,5,True,,100000198412,,30.770333,-089.870500
City of Bogalusa,City of Bogalusa Well Site #2,Bogalusa,LA,22131,4000,0,2,1200,elevated storage network (inferred),0,0,5,True,,100000198421,,30.799166,-089.862639
City of Bogalusa,City of Bogalusa Waste Water Treatment Plant,Bogalusa,LA,22132,9000,0,2,1200,wet-well / inflow detention (inferred),0,0,11,True,,100000143427,,30.785086,-089.859558
KCMO Water Services Department,"Kansas City, Missouri Water Treatment Plant",Kansas City,MO,22131,426000,56100,2,8000,elevated storage network (inferred),2,0,15,True,,100000087826,www.kcmo.org,39.155972,-094.583889
St Paul Regional Water Services,St. Paul Regional Water Services - McCarron,Maplewood,MN,22131,360000,87870,3,8000,elevated storage network (inferred),2,0,6,True,,100000082162,www.stpaul.gov/water,44.995690,-093.102152
City of Corpus Christi,O.N. Stevens Water Treatment Plant,Corpus Christi,TX,22131,360000,0,2,8000,elevated storage network (inferred),1,0,8,True,,100000107797,www.cctexas.com,27.8599871,-097.622622
City of Phoenix,Lake Pleasant Water Treatment Plant,Peoria,AZ,22131,52000,0,3,3000,elevated storage network (inferred),0,0,4,True,,100000196067,http://phoenix.gov,33.821899,-112.239695
City of Phoenix,23rd Avenue Wastewater Treatment Plant,Phoenix,AZ,22132,210000,0,3,5000,wet-well / inflow detention (inferred),0,0,11,True,,100000033206,www.phoenix.gov/waterservices/envservices/contact-esd,33.423067,-112.109519
City of Fort Lauderdale,Fiveash Water Treatment Plant,Fort Lauderdale,FL,22131,200000,56000,3,5000,elevated storage network (inferred),0,0,10,True,,100000057644,www.fortlauderdale.gov,26.178036,-080.156114
City of Fort Lauderdale,George T. Lohmeyer Wastewater Treatment Plant,Fort Lauderdale,FL,22132,40000,0,3,3000,wet-well / inflow detention (inferred),0,0,8,True,,100000050721,www.fortlauderdale.gov,26.098700,-80.125793
Washington Suburban Sanitary Commission,Potomac Water Filtration Plant,Potomac,MD,22131,120000,0,3,5000,elevated storage network (inferred),1,0,6,True,,100000113432,www.wsscwater.com,39.044823,-077.261363
Washington Suburban Sanitary Commission,Patuxent Water Filtration Plant,Laurel,MD,22131,72000,0,3,3000,elevated storage network (inferred),0,0,8,True,,100000155379,www.wsscwater.com,39.098611,-076.900833
City of Charlotte,Franklin Water Treatment Plant,Charlotte,NC,22131,112000,0,3,5000,elevated storage network (inferred),2,1,8,True,,100000047987,5200 Brookshire Blvd.,35.278333,-080.891944
City of Charlotte,Vest Water Treatment Plant,Charlotte,NC,22131,36000,0,3,1500,elevated storage network (inferred),0,0,9,True,,100000048003,,35.250417,-080.855500
City of Charlotte,Lee S. Dukes Jr. Water Treatment Plant,Huntersville,NC,22131,36000,0,3,1500,elevated storage network (inferred),0,0,8,True,,100000062601,,35.429444,-080.893611
"Aqua America, Inc.","AQUA Illinois, Inc.",Danville,IL,22131,25000,0,3,1500,elevated storage network (inferred),0,0,6,True,,100000100268,aquaamerica.com,40.138455,-087.648617
"Aqua America, Inc.","AQUA Illinois, Inc.",Kankakee,IL,22131,25000,0,3,1500,elevated storage network (inferred),0,0,6,True,,100000102079,WWW.AQUAAMERICA.COM,41.103855,-87.854288
"Aqua America, Inc.",Pickering Creek Water Treatment Plant,Phoenixville,PA,22131,4100,0,3,500,elevated storage network (inferred),0,0,14,True,,100000116395,www.aquaamerica.com,40.120601,-075.494871
"Aqua America, Inc.",Crum Creek Water Treatment Plant,Springfield,PA,22131,4100,0,3,500,elevated storage network (inferred),0,0,7,True,,100000119533,www.aquaamerica.com,39.926249,-075.365266
"Aqua America, Inc.",Neshaminy Pumping Station,Oakford,PA,22131,4100,0,3,500,elevated storage network (inferred),0,0,7,True,,100000119739,www.aquaamerica.com,40.149313,-074.951546
"Aqua America, Inc.",Ingram's Mill Water Treatment Plant,West Chester,PA,22131,4000,0,3,500,elevated storage network (inferred),0,0,7,True,,100000120111,www.aquaamerica.com,39.966257,-075.656245
"Aqua America, Inc.",Ridley Creek Water Treatment Plant,Media,PA,22131,4000,0,3,500,elevated storage network (inferred),0,0,6,True,,100000120264,www.aquaamerica.com,39.915816,-075.404381
"Aqua America, Inc.","Aqua Pennsylvania, Inc.",Sharon,PA,22131,36000,0,3,1500,elevated storage network (inferred),0,0,6,True,,100000124803,www.aquaamerica.com,41.242500,-080.512778
"Aqua America, Inc.",Bristol Boro Water Treatment Plant,Bristol,PA,22131,4000,0,3,500,elevated storage network (inferred),0,0,6,True,,100000162922,www.aquaamerica.com,40.096530,-074.852590
City of Lake Charles,GH West Water Plant,Lake Charles,LA,22131,12000,0,2,1500,elevated storage network (inferred),1,0,6,True,,100000041304,www.cityoflakecharles.com,30.240200,-093.219100
City of Lake Charles,Center East Water Plant,Lake Charles,LA,22131,4000,0,2,1200,elevated storage network (inferred),0,0,6,True,,100000041527,www.cityoflakecharles.com,30.199271,-093.211518
City of Lake Charles,Southwest Water Plant,Lake Charles,LA,22131,8000,0,2,1200,elevated storage network (inferred),0,0,8,True,,100000049155,www.cityoflakecharles.com,30.178602,-093.245834
City of Lake Charles,Center West Water Plant,Lake Charles,LA,22131,4000,0,2,1200,elevated storage network (inferred),0,0,6,True,,100000054674,www.cityoflakecharles.com,30.199215,-093.212317
City of Lake Charles,City of Lake Charles - Chennault Water Plant,Lake Charles,LA,22131,4000,0,2,1200,elevated storage network (inferred),0,0,6,True,,100000055058,www.cityoflakecharles.com,30.220588,-093.162300
City of Lake Charles,McNeese Water Plant,Lake Charles,LA,22131,4000,0,2,1200,elevated storage network (inferred),0,0,6,True,,100000055094,www.cityoflakecharles.com,30.176483,-093.213098
San Jacinto River Authority,Water Plant 3,The Woodlands,TX,22131,8000,0,2,1200,elevated storage network (inferred),0,0,8,True,,100000132607,www.sjra.net,30.218822,-095.525546
San Jacinto River Authority,Water Plant 1,The Woodlands,TX,22131,6000,0,2,1200,elevated storage network (inferred),0,0,7,True,,100000138219,www.sjra.net,30.140406,-095.463002
San Jacinto River Authority,Water Plant 2,The Woodlands,TX,22131,8000,0,2,1200,elevated storage network (inferred),0,0,7,True,,100000143819,www.sjra.net,30.185288,-095.492190
San Jacinto River Authority,Water Plant 4,The  Woodlands,TX,22131,6000,0,2,1200,elevated storage network (inferred),0,0,4,True,,100000207484,www.sjra.net,30.184928,-095.587041
San Jacinto River Authority,Water Plant 5,The Woodlands,TX,22131,6000,0,2,1200,elevated storage network (inferred),0,0,4,True,,100000207493,www.sjra.net,30.198722,-095.458984
San Jacinto River Authority,Wastewater Plant 1,The Woodlands,TX,22132,8000,0,2,1200,wet-well / inflow detention (inferred),2,0,14,True,,100000132536,www.sjra.net,30.135146,-095.475399
Laguna Madre Water District,Andy Bowie Wastewater Treatment Plant,South Padre Island,TX,22132,8000,0,2,1200,wet-well / inflow detention (inferred),0,0,8,True,,100000061121,,26.137912,-097.174350
Laguna Madre Water District,Port Isabel Water Treatment Plant,Port Isabel,TX,22131,8000,0,2,1200,elevated storage network (inferred),0,0,7,True,,100000061256,,26.063290,-097.221077
Laguna Madre Water District,Laguna Vista Water Treatment Plant,Laguna Vista,TX,22131,8000,0,2,1200,elevated storage network (inferred),0,0,7,True,,100000061363,,26.094360,-097.308093
Laguna Madre Water District,Isla Blanca Wastewater Treatment Plant,South Padre Island,TX,22132,8000,0,2,1200,wet-well / inflow detention (inferred),0,0,11,True,,100000061292,,26.073105,-097.162881
Laguna Madre Water District,Port Isabel Wastewater Treatment Plant,Port Isabel,TX,22132,4000,0,2,1200,wet-well / inflow detention (inferred),0,0,11,True,,100000061498,,26.116111,-97.315000
Laguna Madre Water District,Laguna Vista Wastewater Treatment Plant,Laguna Vista,TX,22132,4000,0,2,1200,wet-well / inflow detention (inferred),0,0,5,True,,100000201248,,26.060500,-097.182400
City of Pineville,"Water Department, Lakeview Water Well",Pineville,LA,22131,4000,0,2,1200,elevated storage network (inferred),0,0,3,True,,100000204398,,31.317222,-092.437222
City of Pineville,"Water Department, Libuse Water Well",Pineville,LA,22131,4000,0,2,1200,elevated storage network (inferred),0,0,3,True,,100000204405,,31.343889,-092.335000
City of Pineville,"Water Department, Highway 107",Pineville,LA,22131,4000,0,2,1200,elevated storage network (inferred),0,0,3,True,,100000204414,,31.316944,-092.380556
City of Pineville,"Water Department, Janet Drive Water Well",Pineville,LA,22131,4000,0,2,1200,elevated storage network (inferred),0,0,3,True,,100000204423,,31.358611,-092.350278
City of Pineville,"Water Department , Jefferson Hwy Water Well",Pineville,LA,22131,4000,0,2,1200,elevated storage network (inferred),0,0,3,True,,100000204432,,31.343611,-092.430556
City of Pineville,Wastewater Treatment Plant,Pineville,LA,22132,6000,0,2,1200,wet-well / inflow detention (inferred),0,0,18,True,,100000161656,,31.316667,-092.447222
City of Minneapolis,Columbia Heights Membrane Plant,Columbia Heights,MN,22131,22000,30000,3,1500,elevated storage network (inferred),2,0,8,True,,100000127613,,45.052500,-093.236667
City of Minneapolis,Fridley Complex,Minneapolis,MN,22131,250000,30000,3,5000,elevated storage network (inferred),2,0,14,True,,100000128211,,45.048889,-093.276944
Greater Cincinnati Water Works,Richard Miller Water Treatment Plant,Cincinnati,OH,22131,120000,0,3,5000,elevated storage network (inferred),2,0,6,True,,100000060024,,39.070886,-084.423889
Greater Cincinnati Water Works,Charles M. Bolton Plant,Fairfield,OH,22131,20000,0,3,1500,elevated storage network (inferred),0,0,6,True,,100000065314,,39.315000,-084.608611
City of Sacramento Department of Utilities,E.A. Fairbairn Water Treatment Plant,Sacramento,CA,92411,16000,0,3,1500,elevated storage network (inferred),0,0,6,True,,100000054399,http://portal.cityofsacramento.org/utilities,38.557500,-121.416111
City of Sacramento Department of Utilities,Sacramento River Water Treatment Plant,Sacramento,CA,92411,102400,0,3,5000,elevated storage network (inferred),0,0,9,True,,100000058787,http:/portal.cityofsacramento.org/utilities,38.594722,-121.5009
City of Wichita Falls,Cypress Water Treatment Plant,Wichita Falls,TX,22131,30000,25000,3,1500,elevated storage network (inferred),0,0,13,True,,100000072832,,33.867778,-098.572502
City of Wichita Falls,Jasper Water Treatment Plant,Wichita Falls,TX,22131,30000,25000,3,1500,elevated storage network (inferred),2,0,12,True,,100000092865,,33.894444,-098.486944
City of Wichita Falls,Resource Recovery,Wichita Falls,TX,22132,40000,0,3,3000,wet-well / inflow detention (inferred),2,0,13,True,,100000070433,,33.924285,-098.471336
City of Wichita Falls,Northside Wastewater Treatment Plant,Wichita Falls,TX,22132,4000,0,3,500,wet-well / inflow detention (inferred),0,0,12,True,,100000072636,,33.995348,-098.518725
City of Arlington,Pierce-Burch Water Treatment Plant,Arlington,TX,22131,76000,13000,2,3000,elevated storage network (inferred),0,0,9,True,,100000113931,,32.713703,-097.181251
City of Arlington,John Kubala Water Treatment Plant,Arlington,TX,22131,85000,13200,2,3000,elevated storage network (inferred),1,1,9,True,,100000114002,,32.630914,-097.172986
City of Tulsa,Mohawk Water Treatment Plant,Tulsa,OK,22131,80000,0,3,3000,elevated storage network (inferred),0,0,8,True,,100000032788,www.cityoftulsa.org,36.212658,-95.934267
City of Tulsa,A.B. Jewell Water Treatment Plant,Tulsa,OK,22131,80000,0,3,3000,elevated storage network (inferred),1,0,9,True,,100000036356,www.cityoftulsa.org,36.135800,-095.770100
Gwinnett County,Lanier Filter Plant,Buford,GA,22131,68000,0,2,3000,elevated storage network (inferred),1,0,6,True,,100000161102,www.gwinnettcounty.com,34.142901,-84.000000
Gwinnett County,Shoal Creek Filter Plant,Buford,GA,22131,82000,0,2,3000,elevated storage network (inferred),0,0,5,True,,100000185505,www.gwinnettcounty.com,34.147000,-84.042800
New York City Dept of Environmental Protection,Kensico  Reservoir-Shaft 18,Valhalla,NY,22131,72000,0,3,3000,elevated storage network (inferred),1,0,15,True,,100000123653,www.nyc.gov/dep,41.090052,-073.760592
New York City Dept of Environmental Protection,Hillview Reservoir,Yonkers,NY,22131,54000,0,3,3000,elevated storage network (inferred),0,0,12,True,,100000125018,www.nyc.gov/dep,40.912246,-073.869397
City of Cedar Rapids,Ellis Road NW Water Treatment Plant,Cedar Rapids,IA,22131,34000,0,3,1500,elevated storage network (inferred),1,0,6,True,,100000084703,,41.997039,-91.771894
City of Cedar Rapids,J Avenue NE Water Treatment Plant,Cedar Rapids,IA,22131,34000,0,3,1500,elevated storage network (inferred),0,0,6,True,,100000110989,,42.000556,-091.676389
City of Cedar Rapids,Water Pollution Control Facility,Cedar Rapids,IA,22132,44000,0,3,3000,wet-well / inflow detention (inferred),2,0,6,True,,100000110998,https://cedar-rapids.org/,41.958278,-091.563583
City of Columbia,Lake Murray Water Treatment Plant,Columbia,SC,22131,40000,0,3,3000,elevated storage network (inferred),0,0,7,True,,100000020247,,34.093524,-081.224486
City of Columbia,Columbia Canal Water Treatment Plant,Columbia,SC,22131,32000,0,3,1500,elevated storage network (inferred),0,0,7,True,,100000020425,,34.003889,-081.052222
City of Columbia,City of Columbia Water Treatment Plant,Columbia,MO,22131,30000,0,2,1500,elevated storage network (inferred),0,0,6,True,,100000131252,www.gocolumbiamo.com,38.886500,-092.442700
City of Port St Lucie,Prineville Water Treatment Plant,Port St. Lucie,FL,22131,28000,0,3,1500,elevated storage network (inferred),1,0,6,True,,100000118348,http://www.cityofpsl.com,27.308318,-080.341783
City of Port St Lucie,James E. Anderson Water Treatment Plant,Port St. Lucie,FL,22131,24000,10300,3,1500,elevated storage network (inferred),0,0,7,True,,100000187362,http://www.cityofpsl.com,27.369630,-080.401622
City of Port St Lucie,Glades Wastewater Treatment Plant,Port St. Lucie,FL,22131,22000,0,2,1500,wet-well / inflow detention (inferred),0,0,3,True,,100000199876,www.cityofpsl.com,27.343408,-080.453692
City of Port St Lucie,Westport Wastewater Treatment Plant,Port St. Lucie,FL,22131,10000,0,2,1500,wet-well / inflow detention (inferred),0,0,4,True,,100000199885,http://www.cityofpsl.com,27.235212,-080.351614
Calleguas Municipal Water District,Calleguas MWD Lake Bard Water Filtration Plant,Thousand Oaks,CA,22131,40000,0,3,3000,elevated storage network (inferred),0,0,7,True,,100000158045,www.calleguas.com,34.24559,-118.83090
Calleguas Municipal Water District,Calleguas MWD Grimes Canyon Disinfection Facility,Moorpark,CA,22131,40000,0,3,3000,elevated storage network (inferred),0,0,4,True,,100000211978,www.calleguas.com,34.30732,-118.91554
City of Abilene,Raw Water Disinfection Facility,Abilene,TX,22131,12000,0,2,1500,elevated storage network (inferred),0,0,6,True,,100000133928,www.abilenetx.gov,32.555291,-099.688107
City of Abilene,Northeast Treatment Plant,Abilene,TX,22131,24000,40000,2,1500,elevated storage network (inferred),0,0,6,True,,100000134133,www.abilenetx.com,32.505542,-099.691727
City of Abilene,Grimes Treatment Plant,Abilene,TX,22131,20000,20000,2,1500,elevated storage network (inferred),0,0,6,True,,100000143169,www.abilenetx.com,32.448631,-099.725822
City of Abilene,Hargesheimer Treatment Plant,Tuscola,TX,22131,16000,0,2,1500,elevated storage network (inferred),0,0,5,True,,100000194121,www.abilenetx.com,32.296875,-099.767106
City of Redding,Redding Foothill Water Treatment Plant,Redding,CA,22131,16000,0,3,1500,elevated storage network (inferred),0,0,10,True,,100000105897,www.cityoredding.org/water/index.html,40.582183,-122.417927
City of Redding,Redding Buckeye Water Treatment Plant,Shasta,CA,22131,10000,0,3,1500,elevated storage network (inferred),0,0,10,True,,100000122869,www.cityofredding.org/water/index.html,40.627000,-122.488432
City of Redding,Redding Clear Creek Wastewater Treatment Plant,Anderson,CA,22132,28000,0,3,1500,wet-well / inflow detention (inferred),0,0,8,True,,100000099467,http//www.cityofredding.org,40.496917,-122.356472
City of Redding,Redding Stillwater Wastewater Treatment Plant,Anderson,CA,22132,16000,0,3,1500,wet-well / inflow detention (inferred),0,0,8,True,,100000106084,http//www.cityofredding.org,40.472511,-122.289166
Harrison County Utility Authority,West Biloxi Wastewater Treatment Plant,Biloxi,MS,22132,16000,0,3,1500,wet-well / inflow detention (inferred),0,0,10,True,,100000049814,,30.407105,-88.968923
Harrison County Utility Authority,Long Beach / Pass Christian Treatment Plant,Pass Christian,MS,22132,12000,0,3,1500,wet-well / inflow detention (inferred),0,0,11,True,,100000050437,,30.3322459,-089.245298
Harrison County Utility Authority,South Gulfport Wastewater Treatment Plant,Gulfport,MS,22132,24000,0,3,1500,wet-well / inflow detention (inferred),0,0,11,True,,100000050614,,30.42131,-089.061620
Harrison County Utility Authority,Keegan Bayou Wastewater Treatment Plant,Biloxi,MS,22132,16000,0,3,1500,wet-well / inflow detention (inferred),0,0,11,True,,100000053354,,30.406513,-88.896482
Birmingham Water Works Board,Western Filter Plant,Birmingham,AL,22131,40000,0,2,3000,elevated storage network (inferred),0,0,10,True,,100000032001,www.bwwb.org,33.536241,-86.861874
Birmingham Water Works Board,Putnam Filter Plant,Birmingham,AL,22131,12000,0,2,1500,elevated storage network (inferred),0,0,11,True,,100000032261,www.bwwb.org,33.571916,-86.766630
Birmingham Water Works Board,Carson Filter Plant,Pinson,AL,22131,10000,0,2,1500,elevated storage network (inferred),1,0,10,True,,100000032289,www.bwwb.org,33.697044,-86.684061
Mobile Area Water Sewer System,E. Morgan Stickney Water Filtration Plant,Mobile,AL,22131,16000,0,2,1500,elevated storage network (inferred),0,0,7,True,,100000107396,www.mawss.com,30.720600,-088.153600
Mobile Area Water Sewer System,Harry E. Myers Water Filtration Facility,Mobile,AL,22131,16000,0,2,1500,elevated storage network (inferred),0,0,7,True,,100000107519,www.mawss.com,30.722100,-088.260500
Mobile Area Water Sewer System,"Wright Smith, Jr. Wastewater Treatment Facility",Mobile,AL,22132,12000,0,2,1500,wet-well / inflow detention (inferred),1,0,7,True,,100000107421,www.mawss.com,30.718400,-088.071200
Mobile Area Water Sewer System,Clifton C. Williams Wastewater Treatment Facility,Mobile,AL,22132,16000,0,2,1500,wet-well / inflow detention (inferred),3,0,9,True,,100000107467,www.mawss.com,30.660200,-088.036900
Sonoma County Water Agency,SCWA: Mirabel Chlorine Building,Healdsburg,CA,22131,14000,0,3,1500,elevated storage network (inferred),0,0,9,True,,100000070898,www.scwa.ca.gov,38.500841,-122.894527
Sonoma County Water Agency,SCWA: Wohler Chlorine Building,Healdsburg,CA,22131,10000,0,3,1500,elevated storage network (inferred),0,0,9,True,,100000070978,www.scwa.ca.gov,38.509619,-122.881356
Sonoma County Water Agency,SCWA: River Road Chlorine Building,Forestville,CA,22131,14000,0,3,1500,elevated storage network (inferred),0,0,9,True,,100000071003,www.scwa.ca.gov,38.490380,-122.884076
Sonoma County Water Agency,SCWA: Sonoma Valley CSDTP,Sonoma,CA,22132,18000,0,3,1500,wet-well / inflow detention (inferred),0,0,13,True,,100000071067,ww.scwa.ca.gov,38.251883,-122.441304
City of Amarillo,Osage Water Treatment Plant,Amarillo,TX,22131,36000,0,2,1500,elevated storage network (inferred),1,0,7,True,,100000052275,,35.174028,-101.811860
City of Amarillo,Carson County Pump Station,Amarillo,TX,22131,6000,0,2,1200,elevated storage network (inferred),2,0,5,True,,100000054193,,35.382717,-101.560052
City of Amarillo,Hollywood Road Water Reclamation Facility,Amarillo,TX,22132,36000,0,2,1500,wet-well / inflow detention (inferred),0,0,11,True,,100000054077,www.amarillo.gov,35.100833,-101.784722
City of Amarillo,River Road Water Reclamation Plant,Amarillo,TX,22132,36000,0,2,1500,wet-well / inflow detention (inferred),2,0,9,True,,100000055799,,35.334061,-101.803474
Columbus Water Works,North Columbus Water Resource Facility (WRF),Columbus,GA,22131,36800,0,2,1500,elevated storage network (inferred),0,0,7,True,,100000006673,,32.517878,-084.987322
Columbus Water Works,North Columbus River Pump Station,Columbus,GA,22131,9200,0,2,1200,elevated storage network (inferred),0,0,6,True,,100000161111,www.cwwga.org,32.517225,-084.996241
Columbus Water Works,South Columbus Water Resource Facility,Columbus,GA,22132,46000,0,2,3000,elevated storage network (inferred),0,0,12,True,,100000006664,,32.409985,-084.978543
City of Waco,Riverside Water Treatment Plant,Waco,TX,22131,22000,30637,2,1500,elevated storage network (inferred),0,0,7,True,,100000073109,,31.567031,-097.139113
City of Waco,Raw Water Station and DAF Plant,Waco,TX,22131,30000,0,2,1500,elevated storage network (inferred),1,0,6,True,,100000075839,,31.579173,-097.192912
City of Waco,Mount Carmel Water Treatment Plant,Waco,TX,22131,24000,30637,2,1500,elevated storage network (inferred),0,0,7,True,,100000076008,,31.548237,-097.207402
City of Waco,Gholson water storage facility,Waco,TX,22131,6000,0,2,1200,elevated storage network (inferred),0,0,4,True,,100000204986,,31.613762,-097.121657
City of Clinton,City of Clinton Water Treatment Plant,Clinton,SC,22131,8000,0,3,500,elevated storage network (inferred),0,0,6,True,,100000023798,,34.469419,-081.884483
City of Clinton,Cascades Circle West Well,Clinton,MS,22131,4000,0,2,1200,elevated storage network (inferred),0,0,6,True,,100000178345,,32.355327,-90.303193
City of Clinton,Ballpark Well,Clinton,MS,22131,4000,0,2,1200,elevated storage network (inferred),0,0,6,True,,100000178372,,32.358260,-90.302175
City of Clinton,Armory Well,Clinton,MS,22131,4000,0,2,1200,elevated storage network (inferred),0,0,6,True,,100000178381,,32.358083,-90.295813
City of Clinton,Brighton Well,Clinton,MS,22131,4000,0,2,1200,elevated storage network (inferred),0,0,6,True,,100000185569,,32.329363,-90.347861
City of Huntsville,Palm Street Water Plant,Huntsville,TX,22131,4000,0,2,1200,elevated storage network (inferred),0,0,5,True,,100000195184,www.huntsvilletx.gov,30.706498,-095.542106
City of Huntsville,Spring Lake Water Plant,Huntsville,TX,22131,4000,0,2,1200,elevated storage network (inferred),0,0,3,True,,100000214582,www.huntsvilletx.gov,30.678182,-95.549961
City of Huntsville,A. J. Brown Wastewater Treatment Plant,Huntsville,TX,22132,32000,0,2,1500,wet-well / inflow detention (inferred),1,1,13,True,,100000159561,www.huntsvilletx.gov,30.772941,-95.512342
City of Huntsville,N. B. Davidson Wastewater Treatment Plant,Huntsville,TX,22132,8000,0,2,1200,wet-well / inflow detention (inferred),0,0,6,True,,100000195193,www.huntsvilletx.gov,30.645209,-95.552612
Gadsden Water Works Sewer Board,C.B. Collier Jr. Water Treatment Plant,Gadsden,AL,22131,28000,0,2,1500,elevated storage network (inferred),2,0,10,True,,100000036169,www.gadsdenwater.org,34.022166,-085.987881
Gadsden Water Works Sewer Board,West River Wastewater Treatment Plant,Gadsden,AL,22132,8000,0,2,1200,wet-well / inflow detention (inferred),0,0,8,True,,100000033894,,33.990232,-086.035837
Gadsden Water Works Sewer Board,6th Street Pump Station,Gadsden,AL,22132,6000,0,2,1200,wet-well / inflow detention (inferred),0,0,8,True,,100000035375,www.gadsdenwater.org,33.998550,-086.010973
Gadsden Water Works Sewer Board,East River Wastewater Treatment Plant,Gadsden,AL,22132,4000,0,2,1200,wet-well / inflow detention (inferred),0,0,7,True,,100000035482,www.gadsdenwater.org,33.967704,-085.973340
City of Galveston,59th Street Water Pump Station,Galveston,TX,22131,8100,0,2,1200,elevated storage network (inferred),0,0,6,True,,100000056574,,29.293910,-094.836249
City of Galveston,30th Street Water Pump Station,Galveston,TX,22131,8100,0,2,1200,elevated storage network (inferred),0,0,5,True,,100000148823,,29.301739,-94.801997
City of Galveston,Airport Water Pump Station,Galveston,TX,22131,8100,0,2,1200,elevated storage network (inferred),0,0,5,True,,100000156813,,29.267309,-094.849816
City of Galveston,Airport Wastewater Treatment Plant,Galveston,TX,22132,20000,0,2,1500,wet-well / inflow detention (inferred),0,0,9,True,,100000057172,,29.270882,-94.848428
City of Corsicana Texas,Lake Halbert Water Treatment Plant,Corsicana,TX,22131,8000,0,2,1200,elevated storage network (inferred),0,0,7,True,,100000078747,www.cityofcorsicana.com/,32.078567,-96.407583
City of Corsicana Texas,Navarro Mills Water Treatment Plant,Purdon,TX,22131,16000,10500,2,1500,elevated storage network (inferred),0,0,7,True,,100000078952,www.cityofcorsicana.com,31.960019,-96.686147
City of Corsicana Texas,Overland Flow Wastewater Treatment Plant,Corsicana,TX,22132,4000,0,2,1200,wet-well / inflow detention (inferred),0,0,10,True,,100000075107,www.cityofcorsicana.com,32.081849,-96.414134
City of Corsicana Texas,Wastewater Treatment Plant No. 2,Corsicana,TX,22132,8000,0,2,1200,wet-well / inflow detention (inferred),0,0,10,True,,100000078783,www.cityofcorsicana.com,32.092823,-96.410730
City of Edinburg,City of Edinburg Water Filtration Plant,Edinburg,TX,22131,4000,0,2,1200,elevated storage network (inferred),0,0,6,True,,100000161923,,26.2982,-98.1579
City of Edinburg,City of Edinburg Pump Station #1,Edinburg,TX,22131,4000,0,2,1200,elevated storage network (inferred),0,0,6,True,,100000161969,,26.2963,-98.1840
City of Edinburg,City of Edinburg West Edinburg Water Plant,Edinburg,TX,22131,18000,0,2,1500,elevated storage network (inferred),0,0,4,True,,100000208214,,26.29055,-98.2043
City of Edinburg,City of Edinburg Dechlorination Injection Station,Edinburg,TX,22132,0,0,2,1200,wet-well / inflow detention (inferred),0,0,1,True,,100000162012,,26.292222,-98.183333
City of Topeka Kansas,Topeka Water Treatment Plant,Topeka,KS,22131,220000,0,2,5000,elevated storage network (inferred),0,0,7,True,,100000091358,,39.070556,-095.717222
City of Wheeling,City of Wheeling Water Pollution Control Facility,Wheeling,WV,22132,220000,0,2,5000,wet-well / inflow detention (inferred),0,0,5,True,,100000096692,,40.055556,-080.726944
Southern Nevada Water Authority,Alfred Merritt Smith Water Treatment Facility,Boulder City,NV,22131,204000,0,3,5000,elevated storage network (inferred),0,0,6,True,,100000018946,,36.071111,-114.813111
City of Tampa,David L.Tippin Water Treatment Facility,Tampa,FL,22131,180000,19350,3,5000,elevated storage network (inferred),1,0,10,True,,100000059848,7125 N 30th St,28.015556,-82.424444
City of Erie,Erie Wastewater Treatment Plant,Erie,PA,22132,180000,0,2,5000,wet-well / inflow detention (inferred),1,0,6,True,,100000064716,,42.140806,-080.074889
City of Tampa Wastewater Dept,City of Tampa - Howard F. Curren AWTP,Tampa,FL,22132,180000,0,3,5000,wet-well / inflow detention (inferred),2,0,12,True,,100000081635,http://www.tampagov.net/wastewater,27.924556,-82.440817
Billerud Americas,Billerud Escanaba LLC,Escanaba,MI,32212,180000,54591,3,5000,buffer unknown,3,0,32,True,,100000144453,www.billerud.com,45.804889,-087.094361
Sewerage Water Board of New Orleans,Carrollton Water Purification Plant,New Orleans,LA,22131,110000,54000,2,5000,elevated storage network (inferred),0,0,6,True,,100000085686,www.swbnola.org,29.960417,-090.129583
City of Columbus Division of Water,Hap Cremean Water Plant,Columbus,OH,22131,104000,0,3,5000,elevated storage network (inferred),0,0,7,True,,100000167008,,40.060611,-082.893722
City of Baytown,West District Wastewater Treatment Plant,Baytown,TX,22132,6000,0,2,1200,wet-well / inflow detention (inferred),0,0,11,True,,100000021059,www.baytown.org,29.790853,-095.042990
City of Baytown,Central District Wastewater Treatment Plant,Baytown,TX,22132,6000,0,2,1200,wet-well / inflow detention (inferred),0,0,11,True,,100000021273,,29.721501,-094.988234
City of Baytown,East District Wastewater Treatment Plant,Baytown,TX,22132,6000,0,2,1200,wet-well / inflow detention (inferred),0,0,11,True,,100000022316,www.baytown.org,29.758260,-094.919964
City of Baytown,Northeast District Wastewater Treatment Plant,Baytown,TX,22132,8000,0,2,1200,wet-well / inflow detention (inferred),0,0,8,True,,100000205887,www.baytown.org,29.806491,-094.922160
GuadalupeBlanco River Authority,Luling Water Treatment Plant,Luling,TX,22131,4000,0,2,1200,elevated storage network (inferred),0,0,6,True,,100000089575,,29.669167,-097.655823
GuadalupeBlanco River Authority,Lockhart Water Treatment Plant,Lockhart,TX,22131,4000,0,2,1200,elevated storage network (inferred),0,0,6,True,,100000163075,www.gbra.org,29.868063,-097.645554
GuadalupeBlanco River Authority,Western Canyon Water Treatment Plant,Canyon Lake,TX,22131,8000,0,2,1200,elevated storage network (inferred),0,0,5,True,,100000194256,www.gbra.org,29.815821,-98.296453
GuadalupeBlanco River Authority,Lockhart Wastewater Treatment Plant,Lockhart,TX,22132,8000,0,2,1200,wet-well / inflow detention (inferred),0,0,6,True,,100000140796,,29.884117,-097.663541
East Cedar Creek FWSD,Brookshire Water Treatment Plant,Gun Barrel City,TX,22131,4000,0,2,1200,elevated storage network (inferred),0,0,6,True,,100000048968,eastcedarcreek.net,32.320611,-096.130194
East Cedar Creek FWSD,McKay Water Treatment Plant,Enchanted Oaks,TX,22131,6000,0,2,1200,elevated storage network (inferred),0,0,7,True,,100000049146,eastcedarcreek.net,32.276306,-096.110861
East Cedar Creek FWSD,North Wastewater Treatment Plant,Gun Barrel,TX,22132,6000,0,2,1200,wet-well / inflow detention (inferred),0,0,7,True,,100000049093,eastcedarcreek.net,32.322083,-096.130333
East Cedar Creek FWSD,South Wastewater Treatment Plant,Mabank,TX,22132,1500,0,2,1200,wet-well / inflow detention (inferred),0,0,6,True,,100000188646,eastcedarcreek.net,32.291111,-096.103889
City of Orlando,Water Conservation II Water Reclamation Facility,Orlando,FL,22132,24000,0,3,1500,wet-well / inflow detention (inferred),0,0,7,True,,100000026704,www.cityoforlando.net,28.502050,-081.453233
City of Orlando,Iron Bridge Regional Water Reclamation Facility,Oveido,FL,22132,96000,0,3,3000,wet-well / inflow detention (inferred),2,1,15,True,,100000026884,,28.620668,-081.217593
McAllen Public Utilities,McAllen South West Water Treatment Plant,McAllen,TX,22131,82000,46350,2,3000,elevated storage network (inferred),0,0,7,True,,100000058359,www.mcallen.net,26.197500,-098.250556
McAllen Public Utilities,North Water Treatment Plant,McAllen,TX,22131,32000,0,2,1500,elevated storage network (inferred),0,0,4,True,,100000191268,www.mcallen.net,26.170300,-098.152400
Puerto Rico Aqueduct & Sewer Authority,Carolina Regional Wastewater Treatment Plant,Loiza,PR,22132,64000,0,3,3000,wet-well / inflow detention (inferred),0,0,5,True,,100000119551,acueductospr.com,18.436389,-065.885560
Puerto Rico Aqueduct & Sewer Authority,Ponce Regional Wastewater Treatment Plant,Ponce,PR,22132,18000,0,3,1500,wet-well / inflow detention (inferred),0,0,11,True,,100000123779,www.acueductospr.com,17.983784,-066.640523
City Of Port Arthur,City Of Port  Arthur (Water Purification Plant),Port Arthur,TX,22131,30000,0,2,1500,elevated storage network (inferred),1,0,6,True,,100000007681,,29.904956,-093.970373
City Of Port Arthur,Main Wastewater Treatment Plant,Port Arthur,TX,22132,32000,0,2,1500,wet-well / inflow detention (inferred),0,0,5,True,,100000012185,,29.923611,-093.884167
City Of Port Arthur,Port Acres Wastewater Plant,Port Arthur,TX,22132,18000,0,2,1500,wet-well / inflow detention (inferred),0,0,5,True,,100000013237,,29.915556,-094.039167
City of Beaumont,City of Beaumont Loeb Chlorination Facility,Lumberton,TX,22131,16000,0,2,1500,elevated storage network (inferred),1,0,8,True,,100000135908,,30.207556,-94.19273
City of Beaumont,Water Production Plant,Beaumont,TX,22131,32000,0,2,1500,elevated storage network (inferred),1,0,9,True,,100000144872,,30.096219,-94.099303
City of Beaumont,Water Reclamation Plant,Beaumont,TX,22132,30000,0,2,1500,wet-well / inflow detention (inferred),0,0,6,True,,100000139619,,30.030061,-94.129504
City of Garland,Duck Creek Wastewater Treatment Plant,Sunnyvale,TX,22132,46000,0,2,3000,wet-well / inflow detention (inferred),0,0,8,True,,100000079639,,32.794387,-96.518082
City of Garland,Rowlett Creek Wastewater Treatment Plant,Garland,TX,22132,32000,0,2,1500,wet-well / inflow detention (inferred),0,0,11,True,,100000082386,,32.903894,-96.597687
Bell Water Control & Improvement District 1,Bell County WCID #1 Water Treatment Facility,Belton,TX,22131,48000,29000,2,3000,elevated storage network (inferred),0,0,25,True,,100000148217,www.wcid1.org,31.127222,-097.519997
Bell Water Control & Improvement District 1,Wastewater Treatment Facility,Killeen,TX,22132,28000,0,2,1500,wet-well / inflow detention (inferred),0,0,8,True,,100000150212,,31.109618,-97.702526
City of Tyler,Golden Road Water Treatment Plant,Tyler,TX,22131,33000,9340,2,1500,elevated storage network (inferred),0,0,9,True,,100000132064,www.cityoftyler.com,32.326154,-95.271371
City of Tyler,Southside Wastewater Treatment Plant,Tyler,TX,22132,18000,0,2,1500,wet-well / inflow detention (inferred),1,0,8,True,,100000080814,www.cityoftyler.org,32.254763,-95.322647
City of Tyler,Westside Wastewater Treatment Plant,Tyler,TX,22132,24000,0,2,1500,wet-well / inflow detention (inferred),0,0,8,True,,100000138326,www.cityoftyler.org,32.396399,-95.412302
Collier County WaterSewer District,North County Regional Water Treatment Plant,Naples,FL,22131,34000,0,3,1500,elevated storage network (inferred),3,0,6,True,,100000109296,colliercountyfl.gov,26.245046,-81.677806
Collier County WaterSewer District,South County Regional Water Treatment Plant,Naples,FL,22131,40000,0,3,3000,elevated storage network (inferred),0,0,5,True,,100000109571,www.Colliergov.net,26.166335,-081.683993
Town of Tonawanda,Town of Tonawanda Water Treatment Plant,Tonawanda,NY,22131,32000,0,3,1500,elevated storage network (inferred),0,0,6,True,,100000122379,www.tonawanda.ny.us,42.950250,-078.916778
Town of Tonawanda,Town of Tonawanda Wastewater Treatment Plant,Tonawanda,NY,22132,42000,0,3,3000,wet-well / inflow detention (inferred),0,0,7,True,,100000130985,,42.994722,-078.903056
Columbus Light Water Department,North Water Plant,Columbus,MS,22131,20900,0,2,1500,elevated storage network (inferred),0,0,8,True,,100000045104,,33.513333,-088.396111
Columbus Light Water Department,"Sam A Head, Jr. Water Plant",Columbus,MS,22131,25800,0,2,1500,elevated storage network (inferred),0,0,7,True,,100000045444,,33.467500,-088.384444
Columbus Light Water Department,Reynolds R. Ridgely Wastewater Plant,Columbus,MS,22132,24000,0,2,1500,wet-well / inflow detention (inferred),0,0,8,True,,100000045079,,33.486667,-088.397222
City of Savannah,Industrial & Domestic Water Treatment Plant,Pt. Wentworth,GA,22131,40000,0,2,3000,elevated storage network (inferred),1,0,6,True,,100000015397,,32.150536,-081.182491
City of Savannah,President Street Water Quality Control Plant,Savannah,GA,22132,28000,0,2,1500,elevated storage network (inferred),1,0,8,True,,100000116493,WWW.SavannahGa.Gov,32.074041,-081.068215
Texarkana Water Utilities,Wright Patman Water Plant,Texarkana,TX,22131,28000,0,2,1500,elevated storage network (inferred),0,0,5,True,,100000065671,www.txkusa.org,33.436617,-94.077199
Texarkana Water Utilities,South Regional Waste Water Treatment Facility,Texarkana,TX,22132,40000,0,2,3000,wet-well / inflow detention (inferred),0,0,5,True,,100000071423,www.txkusa.org,33.3785280,-94.0464840
JXN Water,J.H. Fewell Water Treatment Plant,Jackson,MS,22131,48000,57223,2,3000,elevated storage network (inferred),1,0,12,True,,100000077356,https://jxnwater.com/,32.319722,-090.157500
JXN Water,O.B.Curtis WaterTreatment Plant,Ridgeland,MS,22131,20000,95200,2,1500,elevated storage network (inferred),0,0,12,True,,100000077409,https://jxnwater.com/,32.402222,-090.088333
City of Decatur,South Water Treatment Plant,Decatur,IL,22131,44000,0,3,3000,elevated storage network (inferred),0,0,7,True,,100000108634,http://www.decaturil.gov/departments/water/,39.828389,-88.951014
City of Decatur,Decatur Utilities Dry Creek Wastewater Plant,Decatur,AL,22132,24000,0,2,1500,wet-well / inflow detention (inferred),0,0,8,True,,100000050794,,34.622758,-86.998085
City of Temple,City of Temple Water Treatment Plant,Temple,TX,22131,48000,0,2,3000,elevated storage network (inferred),0,0,6,True,,100000153479,,31.072320,-097.438069
City of Temple,Temple-Belton Wastewater Treatment Plant,Belton,TX,22132,18000,0,2,1500,wet-well / inflow detention (inferred),0,0,14,True,,100000119169,,31.045184,-097.437815
City of Vero Beach Water & Sewer Dept,City of Vero Beach Water Treatment Plant,Vero Beach,FL,22131,44000,0,3,3000,elevated storage network (inferred),0,0,6,True,,100000019115,www.covb.org,27.652222,-080.402500
City of Vero Beach Water & Sewer Dept,City of Vero Beach Waste Water Treatment Plant,Vero Beach,FL,22132,20000,0,3,1500,wet-well / inflow detention (inferred),0,0,10,True,,100000124607,www.covb.org,27.631389,-080.377500
Pottstown Borough,Pottstown Water Filtration Plant,Stowe,PA,22131,20000,0,2,1500,elevated storage network (inferred),0,0,6,True,,100000095336,,40.243500,-075.693972
Pottstown Borough,Pottstown Wastewater Treatment Plant,Pottstown,PA,22132,40000,0,2,3000,wet-well / inflow detention (inferred),0,0,6,True,,100000091125,,40.235833,-075.625000
City of Naples,Water Treatment Plant,Naples,FL,22131,40000,10300,3,3000,elevated storage network (inferred),1,0,8,True,,100000109615,,26.166911,-81.796882
City of Naples,Water Reclamation Facility,Naples,FL,22132,20000,0,3,1500,wet-well / inflow detention (inferred),0,0,6,True,,100000108545,www.naplesgov.com,26.152757,-081.788346
Coachella Valley Water District,Water Reclamation Plant No. 7,Indio,CA,22132,16000,0,3,1500,wet-well / inflow detention (inferred),0,0,8,True,,100000167632,www.cvwd.org,33.771806,-116.258278
Coachella Valley Water District,Water Reclamation Plant No. 4,Thermal,CA,22132,10000,0,3,1500,wet-well / inflow detention (inferred),0,0,14,True,,100000167641,"3777 Long Beach Blvd, Annex Building, Long Beach, CA, 90807",33.591917,-116.121703
Coachella Valley Water District,Water Reclamation Plant No. 10,Palm Desert,CA,22132,32000,0,3,1500,wet-well / inflow detention (inferred),0,0,9,True,,100000167749,www.cvwd.org,33.771806,-116.258278
City of San Buenaventura,Avenue Water Treatment Plant,Ventura,CA,22131,20000,0,3,1500,elevated storage network (inferred),0,0,7,True,,100000063824,www.cityofventura.net/water,34.238000,-119.258000
City of San Buenaventura,Bailey Water Conditioning Facility,Ventura,CA,22131,16000,0,3,1500,elevated storage network (inferred),0,0,7,True,,100000063904,www.cityofventura.net/water,34.281000,-119.209000
City of San Buenaventura,Ventura Water Reclamation Facility,Ventura,CA,22132,20000,0,3,1500,wet-well / inflow detention (inferred),0,0,12,True,,100000063762,www.cityofventura.net,34.238000,-119.258000
Municipal Authority of Westmoreland County,McKeesport Water Treatment Plant,McKeesport,PA,22131,10000,0,2,1500,elevated storage network (inferred),0,0,7,True,,100000039656,www.mawc.org,40.339083,-79.860084
Municipal Authority of Westmoreland County,Indian Creek Supply Filtration Plant,Connellsville,PA,22131,20000,0,2,1500,elevated storage network (inferred),0,0,7,True,,100000039996,www.mawc.org,39.996746,-079.596853
Municipal Authority of Westmoreland County,George R. Sweeney Water Treatment Plant,Saltsburg,PA,22131,24000,0,2,1500,elevated storage network (inferred),0,0,7,True,,100000040047,www.mawc.org,40.510270,-079.545812
City of Meridian,"City of Meridian Freshwater Treatment Plant, North",Meridian,MS,22131,20000,0,2,1500,elevated storage network (inferred),0,0,6,True,,100000032742,www.meridianms.org,32.407500,-088.725833
City of Meridian,"City of Meridian Freshwater Treatment Plant, South",Meridian,MS,22131,20000,0,2,1500,elevated storage network (inferred),0,0,6,True,,100000035696,www.meridianms.org,32.364250,-088.691389
City of Meridian,Meridian Wastewater Treatment Plant,Meridian,MS,22132,12000,0,2,1500,wet-well / inflow detention (inferred),0,0,10,True,,100000014325,WWW.MERIDIANMS.ORG,32.340000,-088.738889
Oklahoma City Water Utilities Trust,Hefner Water Treatment Plant,Oklahoma City,OK,22131,40000,22800,3,3000,elevated storage network (inferred),4,0,7,True,,100000151854,,35.582629,-97.585356
Oklahoma City Water Utilities Trust,South Canadian Wastewater Treatment Plant (SCWWTP),Oklahoma City,OK,22132,12000,0,3,1500,wet-well / inflow detention (inferred),0,0,6,True,,100000198653,,35.308014,-097.559383
Brownsville Public Utilities Board,Water Plant #2,Brownsville,TX,22131,12000,18025,2,1500,elevated storage network (inferred),0,0,9,True,,100000049841,,25.926279,-097.465597
Brownsville Public Utilities Board,Water Plant #1,Brownsville,TX,22131,12000,10300,2,1500,elevated storage network (inferred),0,0,9,True,,100000050641,,25.914407,-097.521343
Brownsville Public Utilities Board,South Wastewater Treatment Plant,Brownsville,TX,22132,24000,0,2,1500,wet-well / inflow detention (inferred),0,0,7,True,,100000050026,,25.898415,-097.468474
City of Albemarle,City of Albemarle Highway 52 Water Treatment Plant,Albemarle,NC,22132,12000,0,3,1500,elevated storage network (inferred),0,0,5,True,,100000121655,http://www.albemarlenc.gov/home,35.399167,-080.199722
City of Albemarle,City of Albemarle Jack F Neel WTP,New London,NC,22131,16000,0,3,1500,elevated storage network (inferred),1,0,7,True,,100000124778,http://www.albemarlenc.gov/home,35.49478,-080.19456
City of Albemarle,City of Albemarle Wastewater Treatment Plant,Albemarle,NC,22132,20000,0,3,1500,wet-well / inflow detention (inferred),0,0,5,True,,100000123092,http://www.albemarlenc.gov/home,35.32354,-080.21636
City of Fernandina Beach,Water Treatment Plant #2,Fernandina Beach,FL,22131,14000,0,3,1500,elevated storage network (inferred),0,0,6,True,,100000065993,,30.638411,-081.445217
City of Fernandina Beach,Water Treatment Plant #1,Fernandina Beach,FL,22131,14000,0,3,1500,elevated storage network (inferred),0,0,6,True,,100000067116,,30.671106,-81.456031
City of Fernandina Beach,Water Treatment Plant #3,Fernandina Beach,FL,22131,14000,0,3,1500,elevated storage network (inferred),0,0,6,True,,100000172886,,30.618670,-081.461898
Colorado Springs Utilities,Phil Tollefson Water Treatment Plant at the Mesa,Colorado Springs,CO,22131,20000,0,2,1500,elevated storage network (inferred),0,0,8,True,,100000033572,http://www.csu.org,38.871270,-104.862985
Colorado Springs Utilities,Nixon Power Plant,Fountain,CO,22131,8000,0,2,1200,elevated storage network (inferred),0,0,53,True,,100000034081,http://www.csu.org,38.633444,-104.707806
Colorado Springs Utilities,McCullough Complex,USAir Force Academy,CO,22131,28000,0,2,1500,elevated storage network (inferred),0,0,14,True,,100000034839,http://www.csu.org,38.969167,-104.892778
City of Nacogdoches,Surface Water Treatment Plant,Nacogdoches,TX,22131,24000,30000,2,1500,elevated storage network (inferred),0,0,8,True,,100000150178,,31.585678,-094.822378
City of Nacogdoches,Southside Water Treatment Plant,Nacogdoches,TX,22131,8000,0,2,1200,elevated storage network (inferred),0,0,6,True,,100000151453,,31.573801,-094.678970
City of Nacogdoches,Wastewater Treatment Plant,Nacogdoches,TX,22132,24000,0,2,1500,wet-well / inflow detention (inferred),0,0,8,True,,100000147021,,31.558295,-094.648743
Macon Water Authority,Amerson Water Treatment Plant,Macon,GA,22131,40000,0,2,3000,elevated storage network (inferred),0,0,7,True,,100000163182,www.maconwater.org,32.915246,-083.663858
Macon Water Authority,Rocky Creek Water Reclamation Facility (WRF),Macon,GA,22132,2000,10000,2,1200,wet-well / inflow detention (inferred),0,0,7,True,,100000136596,www.maconwater.org,32.768889,-083.638333
City of Harlingen Water Works System,Downtown Water Treatment Plant,Harlingen,TX,22131,6000,0,2,1200,elevated storage network (inferred),0,0,8,True,,100000173313,www.hwws.com,26.196440,-097.692610
City of Harlingen Water Works System,Dixieland Water Treatment Plant,Harlingen,TX,22131,10000,0,2,1500,elevated storage network (inferred),0,0,8,True,,100000173322,www.hwws.com,26.167800,-097.715750
City of Harlingen Water Works System,Waste Water Treatment Plant #2,Harlingen,TX,22132,16000,0,2,1500,wet-well / inflow detention (inferred),0,0,7,True,,100000173331,www.hwws.com,26.184423,-97.640707
City Of Hattiesburg,Hattiesburg Water Plant #2,Hattiesburg,MS,22131,8000,0,2,1200,elevated storage network (inferred),0,0,6,True,,100000023057,,31.314943,-89.281673
City Of Hattiesburg,Hattiesburg Water Plant #1,Hattiesburg,MS,22131,10000,0,2,1500,elevated storage network (inferred),0,0,6,True,,100000150908,www.hattiesburgms.com,31.351507,-89.328841
City Of Hattiesburg,Hattiesburg South Lagoon,Hattiesburg,MS,22132,12000,0,3,1500,wet-well / inflow detention (inferred),0,0,10,True,,100000175357,hattiesburgms.com,31.314167,-089.258417
Canyon Regional Water Authority,Lake Dunlap Water Treatment Plant,New Braunfels,TX,22131,3980,0,2,1200,elevated storage network (inferred),0,0,7,True,,100000067358,www.crwa.com,29.652547,-98.069116
Canyon Regional Water Authority,Hays Caldwell Water Treatment Plant,San Marcos,TX,22131,3980,0,2,1200,elevated storage network (inferred),0,0,7,True,,100000180911,www.crwa.com,29.863611,-97.884167
Canyon Regional Water Authority,Wells Ranch Water Treatment Plant,Seguin,TX,22131,24000,0,2,1500,elevated storage network (inferred),0,0,4,True,,100000212174,www.crwa.com,29.452490,-97.822884
North Little Rock Waste Water Utility,White Oak Bayou Treatment Plant,North Little Rock,AR,22132,8000,0,2,1200,wet-well / inflow detention (inferred),0,0,7,True,,100000145345,,34.799388,-092.334444
North Little Rock Waste Water Utility,Faulkner Lake Treatment Plant,North Little Rock,AR,22132,12000,0,2,1500,wet-well / inflow detention (inferred),0,0,7,True,,100000145817,,34.737660,-092.180420
North Little Rock Waste Water Utility,Five Mile Creek Treatment Plant,North Little Rock,AR,22132,8000,0,2,1200,wet-well / inflow detention (inferred),0,0,6,True,,100000145835,,34.80368,-92.201380
CITY OF CENTER TEXAS,PINKSTON WATER TREATMENT PLANT,CENTER,TX,22131,10000,0,2,1500,elevated storage network (inferred),0,0,5,True,,100000173037,,31.693819,-094.333211
CITY OF CENTER TEXAS,City of Center - Mill Creek Water Treatment Plant,Center,TX,22131,6000,0,2,1200,elevated storage network (inferred),0,0,5,True,,100000173073,,31.738899,-094.160247
CITY OF CENTER TEXAS,EAST BANK WASTEWATER TREATMENT PLANT,CENTER,TX,22132,8000,0,2,1200,wet-well / inflow detention (inferred),0,0,6,True,,100000173778,,31.802722,-094.160765
City of Jacksonville,Kickapoo Street Water Treatment Plant,Jacksonville,TX,22131,6000,0,2,1200,elevated storage network (inferred),0,0,4,True,,100000149859,www.jacksonvilletx.com,31.972220,-095.300000
City of Jacksonville,City of Jacksonville Land Treatment System,Jacksonville,NC,22132,10000,0,3,1500,wet-well / inflow detention (inferred),1,0,6,True,,100000018713,,34.772500,-077.555833
City of Jacksonville,Double Creek Wastewater Treatment Plant,Jacksonville,TX,22132,6000,0,2,1200,wet-well / inflow detention (inferred),0,0,4,True,,100000150203,www.jacksonvilletx.org,31.934730,-095.202140
City of Alice,City of Alice,Alice,TX,22131,12000,0,2,1500,elevated storage network (inferred),0,0,6,True,,100000120521,,27.777643,-098.070825
City of Alice,City of Alice (Northeast),Alice,TX,22132,4000,0,2,1200,wet-well / inflow detention (inferred),0,0,7,True,,100000116956,,27.772385,-098.037596
City of Alice,City of Alice (South),Alice,TX,22132,4000,0,2,1200,wet-well / inflow detention (inferred),0,0,7,True,,100000120898,,27.722622,-098.031850
Wastewater Treatment Plant,City of Rockport,Rockport,TX,56221,4000,0,2,1200,buffer unknown,0,0,8,True,,100000033322,www.rockporttx.gov,28.037138,-97.056698
Wastewater Treatment Plant,Memorial Villages Water Authority,HOUSTON,TX,22132,2000,0,2,1200,elevated storage network (inferred),0,0,6,True,,100000036249,http//www.mvwa.org,29.746665,-095.507774
Wastewater Treatment Plant,Galveston County W.C.I.D. #1,Dickinson,TX,22132,11500,0,2,1500,wet-well / inflow detention (inferred),0,0,8,True,,100000102051,www.wcid1.com,29.458213,-95.044316
Lafayette Utilities System,Northeast Waste Water Treatment Plant,Lafayette,LA,22131,4000,0,3,500,wet-well / inflow detention (inferred),0,0,20,True,,100000051347,www.lus.org,30.2826666,-91.9763333
Lafayette Utilities System,North Water Treatment Plant,Lafayette,LA,22131,8000,0,3,500,elevated storage network (inferred),0,0,10,True,,100000053345,www.lus.org,30.232835,-092.015762
Lafayette Utilities System,South Water Treatment Plant,Lafayette,LA,22131,8000,0,3,500,elevated storage network (inferred),0,0,9,True,,100000053764,www.lus.org,30.177377,-092.097617
Lafayette Utilities System,Ambassador Caffery Treatment Plant,Lafayette,LA,22131,8000,0,3,500,elevated storage network (inferred),0,0,20,True,,100000055245,www.lus.org,30.16345,-092.0575
Lafayette Utilities System,South Wastewater Treatment Plant,Lafayette,LA,22131,8000,0,2,1200,wet-well / inflow detention (inferred),0,0,16,True,,100000158633,www.lus.org,30.192867,-092.025330
Lafayette Utilities System,East Sewage Treatment Plant,Lafayette,LA,22132,8000,0,3,500,wet-well / inflow detention (inferred),0,0,18,True,,100000051533,www.lus.org,30.215767,-91.999883
City of Longview,Cherokee Water Treatment Plant,Longview,TX,22131,8000,12750,2,1200,elevated storage network (inferred),1,0,7,True,,100000082331,www.cityoflongview.com,32.446853,-094.714722
City of Longview,Sabine River Water Treatment Plant,Longview,TX,22131,8000,12750,2,1200,elevated storage network (inferred),2,0,7,True,,100000106725,www.cityoflongview.com,32.491236,-094.802669
City of Longview,Lake O the Pines Water Treatment Plant,Longview,TX,22131,8000,12750,2,1200,elevated storage network (inferred),0,0,6,True,,100000181037,www.longviewtexas.gov,32.587222,-094.770556
City of Brenham,Brenham Main Water Treatment Plant,Brenham,TX,22131,8000,0,2,1200,elevated storage network (inferred),0,0,8,True,,100000056191,http://www.cityofbrenham.org,30.159133,-096.397484
City of Brenham,Brenham Lake Pump Station,Brenham,TX,22131,8000,0,2,1200,elevated storage network (inferred),0,0,9,True,,100000056725,,30.318786,-096.523378
City of Brenham,Brenham Wastewater Treatment Plant,Brenham,TX,22132,6000,0,2,1200,wet-well / inflow detention (inferred),0,0,10,True,,100000058581,http://www.cityofbrenham.org,30.171336,-096.380006
City of Kilgore,City of Kilgore Well Field Storage Facility,Tyler,TX,22131,4000,0,2,1200,elevated storage network (inferred),0,0,4,True,,100000054932,www.cityofkilgore.com,32.336700,-095.044800
City of Kilgore,City of Kilgore Surface Water Treatment Plant,Kilgore,TX,22131,4000,0,2,1200,elevated storage network (inferred),0,0,4,True,,100000073662,www.cityofkilgore.com,32.409800,-094.843000
City of Kilgore,City of Kilgore Wastewater Treatment Plant,Kilgore,TX,22132,6000,0,2,1200,wet-well / inflow detention (inferred),0,0,5,True,,100000060738,"1000 W 10th Street, 220",32.397200,-094.847600
Jackson County Utility Authority,Pascagoula-Moss Point Regional WWTF,Pascagoula,MS,22132,6000,0,2,1200,wet-well / inflow detention (inferred),0,0,9,True,,100000001721,,30.364640,-88.562590
Jackson County Utility Authority,Gautier Regional Wastewater Treatment Facility,Gautier,MS,22132,4000,0,2,1200,wet-well / inflow detention (inferred),0,0,7,True,,100000001730,,30.414660,-88.627137
Jackson County Utility Authority,W. Jackson County Regional WWTF,Ocean Springs,MS,22132,4000,0,2,1200,wet-well / inflow detention (inferred),0,0,9,True,,100000181215,,30.508189,-88.802224
City of Ridgeland,Hardy Road Water Well,Ridgeland,MS,22131,4000,0,2,1200,elevated storage network (inferred),1,0,7,True,,100000101748,www.ridgelandms.org,32.456,-90.175
City of Ridgeland,School Street Well,Ridgeland,MS,22131,4000,0,2,1200,elevated storage network (inferred),0,0,6,True,,100000173554,,32.402222,-90.103611
City of Ridgeland,Western Water Tank and Well,Ridgeland,MS,22131,4000,0,2,1200,elevated storage network (inferred),0,0,4,True,,100000214458,,32.46154,-90.185622
WRB Refining,Plains Water Station,Panhandle,TX,22131,4000,0,2,1200,elevated storage network (inferred),0,0,4,True,,100000209507,N/A,35.518051,-101.492152
WRB Refining,Herring Water Station,Stinnett,TX,22131,4000,0,2,1200,elevated storage network (inferred),0,0,4,True,,100000209516,,35.848217,-101.525209
WRB Refining,Kay Water Station,Stinnett,TX,22131,4000,0,2,1200,elevated storage network (inferred),0,0,4,True,,100000209525,,35.842182,-101.466893
City of ChandlerOklahoma,City of Chandler Water Plant,Chandler,OK,22131,2000,0,2,1200,elevated storage network (inferred),0,0,5,True,,100000162183,,35.7017314,-96.880858
City of ChandlerOklahoma,City of Chandler New Water Plant,Chandler,OK,22131,4000,0,2,1200,elevated storage network (inferred),1,0,4,True,,100000194407,,35.610415,-96.9097759
City of ChandlerOklahoma,City of Chandler Waste Water Treatment Plant,Chandler,OK,22131,2000,0,2,1200,wet-well / inflow detention (inferred),0,0,5,True,,100000162174,,35.680349,-96.894503
City of Paris,Water Treatment Plant,Paris,TX,22131,40000,0,2,3000,elevated storage network (inferred),0,0,6,True,,100000135659,www.paristexas.gov,33.724468,-095.567306
City of Paris,Paris Wastewater Treatment Plant,Paris,KY,22132,5000,0,3,500,wet-well / inflow detention (inferred),0,0,7,True,,100000092874,www.paris.ky.gov,38.223889,-084.251111
Town of Ocean City Maryland,Ocean City Water Treatment Plant 15th Street,Ocean City,MD,22131,16000,0,3,1500,elevated storage network (inferred),0,0,5,True,,100000118204,ocean city@ococean.com,38.345000,-075.081389
Town of Ocean City Maryland,Ocean City Water Treatment Plant 136th Street,Ocean City,MD,22131,16000,0,3,1500,elevated storage network (inferred),0,0,5,True,,100000118277,ocean city@ococean.com,38.442778,-075.055000
Town of Ocean City Maryland,Ocean City Water Plant 44th Street,Ocean City,MD,22131,3000,0,3,500,elevated storage network (inferred),0,0,5,True,,100000118767,ocean city@ococean.com,38.370833,-075.071667
Muscatine Power Water,Drinking Water Treatment at Generation Station,Muscatine,IA,22131,8000,0,3,500,elevated storage network (inferred),0,0,6,True,,100000024001,mpw.org,41.391548,-091.061424
Muscatine Power Water,Grandview Avenue Drinking Water Treatment,Muscatine,IA,22131,16000,0,3,1500,elevated storage network (inferred),0,0,6,True,,100000024038,mpw.org,41.390556,-091.087778
Muscatine Power Water,Progress Park Drinking Water Treatment,Muscatine,IA,22131,10000,0,3,1500,elevated storage network (inferred),0,0,6,True,,100000024298,mpw.org,41.370833,-091.124722
City of Battle Creek,Wastewater Treatment Plant,Battle Creek,MI,22132,96000,0,3,3000,wet-well / inflow detention (inferred),1,1,6,True,,100000056841,www.battlecreekmi.gov,42.346315,-085.267300
Dow Chemical,Sabine River Operations,Orange,TX,32511,84000,320000,3,3000,buffer unknown,1,0,24,True,,100000063584,www.dow.com,30.057222,-093.755278
Oklahoma City Utilities Department,Draper Water Treatment Plant,Oklahoma City,OK,22131,80000,45920,3,3000,elevated storage network (inferred),2,0,9,True,,100000151863,https://www.okc.gov/departments/utilities,35.354077,-97.370796
City of Denton,Lake Ray Roberts Water Treatment Plant,Aubrey,TX,22131,80000,14000,2,3000,elevated storage network (inferred),0,0,6,True,,100000182553,www.cityofdenton.com,33.349444,-097.056389
City of Des Moines,Des Moines Wastewater Reclamation Authority,Des Moines,IA,22132,76000,0,3,3000,wet-well / inflow detention (inferred),1,0,14,True,,100000110453,,41.572778,-093.557778
City of Sioux Falls Public Works,Sioux Falls Water Purification Plant,Sioux Falls,SD,22131,75000,0,2,3000,elevated storage network (inferred),0,0,7,True,,100000050534,www.siouxfalls.gov,43.571111,-096.729167
Coastal Water Authority,Lynchburg Pump Station,Baytown,TX,22131,72000,227550,2,3000,elevated storage network (inferred),0,0,9,True,,100000023805,https://www.coastalwaterauthority.org/,29.766667,-095.073333
City of Portland Water Bureau,Headworks,Sandy,OR,22131,72000,0,1,3000,elevated storage network (inferred),0,0,6,True,,100000038817,www.portland.gov/water,45.448444,-122.154000
Water District No 1 of Johnson County,Hansen Water Treatment Plant,Kansas City,KS,22131,72000,195000,3,3000,elevated storage network (inferred),2,0,7,True,,100000092598,www.waterone.org,39.053536,-94.754661
North Davis Sewer District,North Davis Sewer District,Syracuse,UT,22132,70000,0,3,3000,wet-well / inflow detention (inferred),1,0,7,True,,100000027124,4252 W. 2200 S.,41.082738,-112.112785
City of Quincy,"City of Quincy, Water Department Filtration Facili",Quincy,IL,56299,34000,0,2,1500,elevated storage network (inferred),0,0,6,True,,100000007921,,39.936667,-091.416667
City of Quincy,City of Quincy Wastewater Treatment Facility,Quincy,IL,56221,34000,0,3,1500,wet-well / inflow detention (inferred),1,0,7,True,,100000007912,2501 NW 158TH STREET,39.902600,-091.426498
City of Dayton,City of Dayton Ottawa Water Treatment Plant,Dayton,OH,22131,36000,0,3,1500,elevated storage network (inferred),0,0,6,True,,100000129345,,39.768192,-084.172195
City of Dayton,City of Dayton Miami Water Treatment Plant,Dayton,OH,22131,32000,0,3,1500,elevated storage network (inferred),0,0,7,True,,100000131859,,39.807820,-084.170630
City of Aurora,City of Aurora - Wemlinger WPF,Aurora,CO,22131,34000,20000,2,1500,elevated storage network (inferred),2,0,8,True,,100000121478,,39.639139,-104.773639
City of Aurora,Griswold Water Treatment Plant,Aurora,CO,22131,32000,20000,2,1500,elevated storage network (inferred),1,0,6,True,,100000122654,,39.656222,-104.819250
Town of Jupiter,Jupiter Water Treatment Plant,Jupiter,FL,22131,64000,0,3,3000,elevated storage network (inferred),0,0,6,True,,100000051249,www.jupiter.fl.us,26.932732,-080.132960
City of Baltimore Department of Public Works,Montebello Filtration Plant,Baltimore,MD,22131,64000,0,3,3000,elevated storage network (inferred),1,0,19,True,,100000052621,,39.336667,-076.584444
City of Lewisville Texas,Lewisville Tommy Feaster Water Trmt Plant,Lewisville,TX,22131,32000,8755,2,1500,elevated storage network (inferred),0,0,7,True,,100000063575,,33.062947,-097.00416
City of Lewisville Texas,Lewisville Prairie Creek Wastewater Trmt Plant,Lewisville,TX,22132,32000,0,2,1500,wet-well / inflow detention (inferred),1,0,8,True,,100000063423,,33.056738,-096.978019
Erie County Water Authority,Sturgeon Point Water  Treatment Plant,Derby,NY,22131,32000,0,3,1500,elevated storage network (inferred),0,0,7,True,,100000097977,www.ecwa.org,42.691442,-078.9753
Erie County Water Authority,"Van de Water, Water Treatment Plant",Tonawanda,NY,22131,32000,0,3,1500,elevated storage network (inferred),0,0,6,True,,100000127203,www.ecwa.org,42.976611,-078.935280
City of WichitaKansas,Water Treatment Plant,Wichita,KS,22131,64000,27300,2,3000,elevated storage network (inferred),0,0,12,True,,100000110872,wichita.gov,37.695649,-097.361895
Pinellas County Utilities,South Cross Bayou AWRF,St. Petersburg,FL,22132,64000,0,3,3000,wet-well / inflow detention (inferred),0,0,14,True,,100000046176,,27.823417,-082.780139
LEXINGTONFAYETTE URBAN COUNTY GOVERNMENT,WEST HICKMAN CREEK WWTP,NICHOLASVILLE,KY,22132,28000,0,3,1500,wet-well / inflow detention (inferred),0,0,14,True,,100000099305,,37.942031,-084.501332
LEXINGTONFAYETTE URBAN COUNTY GOVERNMENT,TOWN BRANCH WWTP,LEXINGTON,KY,22132,36000,0,3,1500,wet-well / inflow detention (inferred),1,1,16,True,,100000100623,,38.063796,-084.533402
City of Muskogee,City of Muskogee Water Treatment Plant,Muskogee,OK,22131,36000,0,3,1500,elevated storage network (inferred),0,0,6,True,,100000013567,,35.791850,-095.300629
City of Muskogee,Pollution Control Plant,Muskogee,OK,22132,24000,0,3,1500,wet-well / inflow detention (inferred),0,0,7,True,,100000013558,,35.726413,-095.295383
Charleston Water System,Hanahan Water Treatment Plant,Hanahan,SC,22131,60000,0,3,3000,elevated storage network (inferred),0,0,8,True,,100000017778,www.charlestoncpw.com,32.926329,-080.017519
City of Deerfield Beach,Deerfield Beach West Water Treatment Plant,Deerfield Beach,FL,22131,60000,5000,3,3000,elevated storage network (inferred),0,0,6,True,,100000139664,http://www.deerfield-beach.com,26.313959,-080.125326
City of Springfield,CWLP's Water Purification Plant,Springfield,IL,22131,60000,0,3,3000,elevated storage network (inferred),2,0,12,True,,100000155422,wwwint.cwlp.com,39.756667,-089.598889
DeKalb County Georgia,Snapfinger Advanced Wastewater Treatment Facility,Decatur,GA,22132,32000,0,2,1500,wet-well / inflow detention (inferred),1,0,7,True,,100000080761,https://www.dekalbcountyga.gov/watershed-management/watershed-management,33.664007,-84.215979
DeKalb County Georgia,Pole Bridge Creek Advanced Wastewater Facility,Stonecrest,GA,22132,28000,0,2,1500,wet-well / inflow detention (inferred),0,0,6,True,,100000089502,4664 Flat Bridge rd,33.638240,-84.141712
Graphic Packaging International,Texarkana Mill,Queen City,TX,32211,57900,0,3,3000,buffer unknown,0,0,19,True,,100000067465,https://www.graphicpkg.com/,33.255000,-094.069639
City of Tyler Texas,Lake Palestine Water Treatment Plant,Tyler,TX,22131,57000,34140,2,3000,elevated storage network (inferred),3,0,9,True,,100000194443,www.cityoftyler.org,32.266709,-095.365373
City of Shelby,Shelby Water Treatment Plant,Shelby,NC,22131,28000,0,3,1500,elevated storage network (inferred),0,0,7,True,,100000026848,www.cityofshelby.com,35.303692,-081.557292
City of Shelby,First Broad River Wastewater Treatment Plant,Shelby,NC,56221,28000,0,3,1500,wet-well / inflow detention (inferred),0,0,8,True,,100000100927,www.cityofshelby.com,35.241865,-081.570843
City of Lakeland,Williams Water Treatment Plant,Lakeland,FL,22131,32000,0,3,1500,elevated storage network (inferred),0,0,6,True,,100000094729,www.lakelandgov.net,28.071669,-81.981049
City of Lakeland,Mcintosh Power Plant/Northside WWTP,Lakeland,FL,22132,24000,134368,3,1500,wet-well / inflow detention (inferred),0,0,19,True,,100000094738,www.lakelandgov.net,28.081111,-081.922778
Jefferson Parish Water Department,East Jefferson Water Treatment Plant,Jefferson,LA,22131,56000,0,2,3000,elevated storage network (inferred),0,0,7,True,,100000111103,http://www.jeffparish.net/,29.960833,-090.163889
Greenville Water,Stovall Water Treatment Plant,Travelers Rest,SC,22131,56000,74843,3,3000,elevated storage network (inferred),0,0,8,True,,100000167115,,35.009515,-082.461469
Board of Public Utilities Kansas City KS,Nearman Water Treatment Plant,Kansas City,KS,22131,54000,133000,2,3000,elevated storage network (inferred),8,0,9,True,,100000168454,www.bpu.com,39.162611,-094.706056
City of Laredo Utilities,Jefferson Street Water Treatment Plant,Laredo,TX,22131,52000,43250,3,3000,elevated storage network (inferred),0,0,10,True,,100000065421,,27.521664,-099.520389
Board of Water Works at Pueblo Colorado,Whitlock Water Treatment Plant (WTP),Pueblo,CO,22131,52000,35200,2,3000,elevated storage network (inferred),1,0,24,True,,100000075651,www.pueblowater.org,38.275250,-104.640139
City of Fargo,City of Fargo Water Treatment Plant,Fargo,ND,22131,50000,9100,2,3000,elevated storage network (inferred),0,0,13,True,,100000034401,http://fargond.gov,46.859806,-096.786528
City of Shreveport Department of Water & Sewerage,T.L. Amiss Water Purification Plant,Shreveport,LA,22131,50000,4000,2,3000,elevated storage network (inferred),0,0,9,True,,100000113502,www.shreveportla.gov,32.506723,-93.792650
Los Angeles Department of Water Power,Upper Stone Canyon Chlorination Station,Los Angeles,CA,22131,50000,0,3,3000,elevated storage network (inferred),1,0,8,True,,100000138852,www.ladwp.com,34.120272,-118.456475
Ramesh Kashinkunti,Mahoning Valley Sanitary District,Mineral Ridge,OH,22131,48000,10000,3,3000,elevated storage network (inferred),0,0,7,True,,100000028579,www.meanderwater.org,41.153879,-080.777290
City of Odessa,Odessa Water Treatment Plant,Odessa,TX,22131,28000,13000,2,1500,elevated storage network (inferred),0,0,7,True,,100000065528,,31.879745,-102.395733
City of Odessa,Bob Derrington Water Reclamation Facility,Odessa,TX,22132,20000,0,2,1500,wet-well / inflow detention (inferred),0,0,7,True,,100000073314,www.odessa-tx.gov,31.820145,-102.255069
Island Water Association,The Island Water Association Inc.,Sanibel,FL,22131,48000,0,3,3000,elevated storage network (inferred),0,0,7,True,,100000080039,www.islandwater.com,26.443333,-082.111194
Long Beach Utilities Department,Long Beach Groundwater Treatment Plant,Long Beach,CA,22131,48000,0,3,3000,elevated storage network (inferred),0,0,6,True,,100000132901,http:www.lbutilities.org,33.808056,-118.150556
Aurora Water,Binney Water Purification Facility,Aurora,CO,22131,48000,26160,2,3000,elevated storage network (inferred),0,0,6,True,,100000211521,,39.623252,-104.668354
Delaware County Regional Water Quality Control Aut,DELCORA-Western Regional Treatment Plant,Chester,PA,22132,48000,0,2,3000,wet-well / inflow detention (inferred),17,0,6,True,,100000073396,https://www.delcora.org,39.825288,-075.393878
Cleveland Utilities,Cleveland Utilities Wastewater Treatment Plant,Charleston,TN,22131,32000,0,3,1500,wet-well / inflow detention (inferred),0,0,6,True,,100000055316,www.clevelandutilities.com,35.314444,-084.800000
Cleveland Utilities,Cleveland Utilities Water Treatment Facility,Cleveland,TN,22131,14000,0,3,1500,elevated storage network (inferred),0,0,6,True,,100000061158,www.clevelandutilities.com,35.219167,-084.791111
City of Lufkin,Water Treatment Plant,Lufkin,TX,22131,30000,0,2,1500,elevated storage network (inferred),0,0,10,True,,100000082439,www.cityoflufkin.com,31.376663,-094.724945
City of Lufkin,Wastewater Treatment Plant,Lufkin,TX,22132,16000,0,2,1500,wet-well / inflow detention (inferred),0,0,8,True,,100000084464,www.cityoflufkin.com,31.285994,-094.749553
Chester Water Authority,Octoraro Water Treatment Plant,Nottingham,PA,22131,46000,0,2,3000,elevated storage network (inferred),1,0,6,True,,100000107868,www.chesterwater.com,39.794644,-076.046037
City of Yuma,Yuma Main Street Treatment Plant,Yuma,AZ,22131,44000,0,3,3000,elevated storage network (inferred),0,0,6,True,,100000119114,www.yumaaz.gov,32.404889,-114.284697
City of Bethlehem,City of Bethlehem Wastewater Treatment Plant,Bethlehem,PA,22132,44000,0,2,3000,wet-well / inflow detention (inferred),0,0,6,True,,100000084598,www.bethlehem-pa.gov,40.613568,-75.335311
City Of Mount Pleasant,City of Mount Pleasant Water Treatment Plant,Mount Pleasant,TX,22131,30000,0,2,1500,elevated storage network (inferred),1,0,8,True,,100000048094,www.mpcity.net,33.178212,-94.977257
City Of Mount Pleasant,City of Mount Pleasant Wastewater Treatment Plant,Mount Pleasant,TX,22132,12000,0,2,1500,wet-well / inflow detention (inferred),0,0,10,True,,100000060685,www.mpcity.net,33.102651,-094.953010
City of Texarkana Texas,Texarkana Water Utilities I. P. Chlorine Building,Texarkana,TX,22131,28000,0,2,1500,elevated storage network (inferred),0,0,5,True,,100000078293,www.txkusa.org,33.295364,-094.163678
City of Texarkana Texas,Wagner Creek Waste Water Treatment Plant,Nash,TX,22132,14000,0,2,1500,wet-well / inflow detention (inferred),0,0,5,True,,100000072262,www.txkusa.org,33.255700,-094.061300
Kyla Jacobsen,City of Elgin - Airlite Water Treatment Facility,Elgin,IL,22131,14000,0,3,1500,elevated storage network (inferred),0,0,6,True,,100000166125,http://www.cityofelgin.org/,42.034453,-088.329391
Kyla Jacobsen,City of Elgin - Riverside Water Treatment Facility,Elgin,IL,22131,28000,0,3,1500,elevated storage network (inferred),0,0,7,True,,100000166134,http://www.cityofelgin.org/,42.062928,-088.285757
Baytown Area Water Authority,Baytown Area Water Authority WTP,Baytown,TX,22131,40000,50000,2,3000,elevated storage network (inferred),0,0,8,True,,100000022432,,29.802703,-095.032784
Metropolitan Water District of Salt Lake & Sandy,Little Cottonwood Water Treatment Plant,Cottonwood Heights,UT,22131,40000,0,3,3000,elevated storage network (inferred),0,0,6,True,,100000108028,www.mwdsls.gov,40.587500,-111.798889
City of Bloomington,City of Bloomington Water Treatment Plant,Hudson,IL,22131,28000,0,3,1500,elevated storage network (inferred),0,0,6,True,,100000114654,www.cityblm.org,40.657900,-088.934400
City of Bloomington,City of Bloomington Water Treatment Plant,Bloomington,MN,22131,12000,0,3,1500,elevated storage network (inferred),0,0,6,True,,100000191516,www.BloomingtonMN.gov,44.835487,-093.347673
Tarrant Regional Water District,Richland Chambers Pump Station,Kerns,TX,92411,40000,0,2,3000,buffer unknown,0,0,5,True,,100000132395,www.trwd.com,32.041418,-96.206930
Springfield Water & Sewer Commission,Springfield Regional Wastewater Treatment Facility,Agawam,MA,22132,40000,0,3,3000,wet-well / inflow detention (inferred),0,0,8,True,,100000082251,120 Front St Ste 700,42.087222,-072.588056
Clermont County Water Resources Department,Clermont County Bob McEwen WTP,Batavia,OH,22131,20000,0,3,1500,elevated storage network (inferred),1,0,6,True,,100000036016,,39.050861,-084.135407
Clermont County Water Resources Department,Clermont County Pierce-Union-Batavia WTP,New Richmond,OH,22131,16000,0,3,1500,elevated storage network (inferred),0,0,7,True,,100000036025,,39.011700,-084.300129
City of Fort Smith,Lee Creek Water Treatment Facility,Van Buren,AR,22131,12000,0,2,1500,elevated storage network (inferred),0,0,6,True,,100000120442,www.fortsmithar.gov,35.486653,-094.388674
City of Fort Smith,Lake Fort Smith Water Treatment Plant,Mountainburg,AR,22131,24000,0,2,1500,elevated storage network (inferred),0,0,7,True,,100000120665,www.fortsmithar.gov,35.649076,-094.153753
City of Belmont,City of Belmont Water Treatment Plant,Belmont,NC,22131,18000,0,3,1500,elevated storage network (inferred),0,0,6,True,,100000007128,www.cityofbelmont.org,35.242184,-081.019213
City of Belmont,City of Belmont Wastewater Treatment Plant,Belmont,NC,22131,14000,0,3,1500,wet-well / inflow detention (inferred),0,0,6,True,,100000007244,www.cityofbelmont.org,35.230491,-81.017314
Capital Region Water,Dr. Robert E. Young Water Services Center,Harrisburg,PA,22131,20000,0,2,1500,elevated storage network (inferred),0,0,5,True,,100000025607,www.capitalregionwater.com,40.281389,-076.870278
Capital Region Water,Harrisburg Advanced Wastewater Treatment Facility,Harrisburg,PA,22132,12000,0,2,1500,wet-well / inflow detention (inferred),0,0,7,True,,100000010196,https://capitalregionwater.com/,40.239078,-076.856111
City of Mineral Wells,Hilltop Water Treatment Plant,Mineral Wells,TX,22131,16000,0,2,1500,elevated storage network (inferred),0,0,6,True,,100000043507,mineralwells.gov,32.707905,-98.105793
City of Mineral Wells,Pollard Creek Wastewater Treatment Plant,Mineral Wells,TX,22132,16000,0,2,1500,wet-well / inflow detention (inferred),0,0,6,True,,100000043473,,32.786388,-098.134166
City of Sault Ste Marie,Sault Ste. Marie Water Treatment Facility,Sault Ste. Marie,MI,22131,16000,0,3,1500,elevated storage network (inferred),0,0,8,True,,100000146488,,46.487639,-084.417028
City of Sault Ste Marie,Sault Ste. Marie Wastewater Treatment Plant,Sault Ste. Marie,MI,22132,16000,0,3,1500,wet-well / inflow detention (inferred),0,0,6,True,,100000110621,,46.491389,-084.315278
City of Wilson North Carolina,City of Wilson Toisnot Water Treatment Plant,Wilson,NC,22131,12000,0,3,1500,elevated storage network (inferred),0,0,6,True,,100000041901,www.wilsonnc.org,35.733540,-077.902865
City of Wilson North Carolina,City of Wilson Wiggins Mill Water Treatment Plant,Wilson,NC,22131,16000,0,3,1500,elevated storage network (inferred),0,0,6,True,,100000042027,www.wilsonnc.org,35.694322,-077.946345
Searcy Water Utilities,Water Treatment Plant,Searcy,AR,22131,14000,0,2,1500,elevated storage network (inferred),0,0,6,True,,100000075544,,35.280451,-091.721936
Searcy Water Utilities,Searcy Wastewater Treatment Plant,Searcy,AR,22132,14000,0,2,1500,wet-well / inflow detention (inferred),0,0,8,True,,100000075492,,35.267887,-91.716042
City of Monroe,City of Monroe John Glenn Water Treatment Plant,Monroe,NC,22131,16000,0,3,1500,elevated storage network (inferred),0,0,6,True,,100000104424,monroenc.org,34.995555,-080.490000
City of Monroe,City of Monroe Wastewater Treatment Plant,Monroe,NC,22132,10000,0,3,1500,wet-well / inflow detention (inferred),1,0,6,True,,100000110435,monroenc.org,34.995555,-080.490000
North Alamo Water Supply,North Alamo Water Supply Plant #5,Donna,TX,22131,12000,0,3,1500,elevated storage network (inferred),0,0,4,True,,100000196147,,26.216788,-98.026229
North Alamo Water Supply,North Alamo Water Supply Plant # 2,Edinburg,TX,22131,4000,0,3,500,elevated storage network (inferred),0,0,4,True,,100000196156,,26.382458,-98.126265
North Alamo Water Supply,North Alamo Water Supply Plant #4 & Owassa RO,San Juan,TX,22131,4000,0,3,500,elevated storage network (inferred),0,0,4,True,,100000196165,,26.239617,-098.127187
North Alamo Water Supply,North Alamo Water Supply Plant #1,Edinburg,TX,22131,4750,0,3,500,elevated storage network (inferred),0,0,4,True,,100000196183,,26.291246,-098.129539
City of Frederick,Monocacy Water Treatment Plant,Frederick,MD,22131,12000,0,3,1500,elevated storage network (inferred),0,0,8,True,,100000120255,www.cityoffrederickmd.gov,39.445173,-077.391219
City of Frederick,Linganore Water Treatment Plant,Frederick,MD,22131,12000,0,3,1500,elevated storage network (inferred),0,0,7,True,,100000126614,www.cityoffrederickmd.gov,39.410322,-077.350803
City of Hickory,City of Hickory Northeast WWTP,Hickory,NC,22132,12000,0,3,1500,wet-well / inflow detention (inferred),0,0,9,True,,100000032234,www.hickorync.gov,35.787896,-081.307221
City of Hickory,Henry Fork Wastewater Treatment Plant,Hickory,NC,22132,12000,0,3,1500,wet-well / inflow detention (inferred),0,0,12,True,,100000035687,www.hickorync.gov,35.675944,-081.318092
City of Bryan Texas,Burton Creek Wastewater Treatment Plant,Bryan,TX,22132,12000,0,2,1500,wet-well / inflow detention (inferred),0,0,7,True,,100000060649,http://www.bryantx.gov,30.641198,-96.320498
City of Bryan Texas,Still Creek Wastewater Treatment Plant,Bryan,TX,22132,12000,0,2,1500,wet-well / inflow detention (inferred),0,0,8,True,,100000087327,www.bryantx.gov,30.667222,-96.414167
City of Gastonia,Crowders Creek Wastewater Treatment Plant,Gastonia,NC,22132,12000,0,3,1500,wet-well / inflow detention (inferred),0,0,12,True,,100000067321,cityofgastonia.com,35.166111,-081.199444
City of Gastonia,Long Creek Wastewater Treatment Plant,Dallas,NC,22132,12000,0,3,1500,wet-well / inflow detention (inferred),0,0,12,True,,100000067367,cityofgastonia.com,35.307778,-081.131389
City of Sulphur Springs,Sulphur Springs Water Plant,Sulphur Springs,TX,22131,12000,0,2,1500,elevated storage network (inferred),0,0,6,True,,100000034296,,33.148056,-095.626389
City of Sulphur Springs,Sulphur Springs Waste Water Plant,Sulphur Springs,TX,22132,10000,0,2,1500,wet-well / inflow detention (inferred),0,0,12,True,,100000033698,,33.152167,-095.555667
Aqua Water Supply,Camp Swift Pump Station,Bastrop,TX,22131,4000,0,3,500,elevated storage network (inferred),0,0,6,True,,100000065029,www.aquawsc.com/,30.198843,-097.305293
Aqua Water Supply,L Pump Station,Smithville,TX,22131,4000,0,3,500,elevated storage network (inferred),0,0,6,True,,100000065083,www.aquawsc.com/,30.051220,-097.114453
Aqua Water Supply,S Pump Station,Bastrop,TX,22131,10000,0,3,1500,elevated storage network (inferred),0,0,6,True,,100000065136,aquawsc.com,30.053100,-097.212300
Aqua Water Supply,Delhi Treatment Plant,Rosanky,TX,22131,4000,0,3,500,elevated storage network (inferred),0,0,5,True,,100000183525,aquawsc.com,29.840561,-097.382172
East Rio Hondo Water Supply,Nelson Road WaterTreatment  Plant,San Benito,TX,22131,10000,0,3,1500,elevated storage network (inferred),0,0,4,True,,100000185195,www.erhwsc.com,26.246408,-97.565728
East Rio Hondo Water Supply,Martha Ann Simpson Water Treatment Plant,San Benito,TX,22131,12000,0,3,1500,elevated storage network (inferred),0,0,3,True,,100000212673,www.erhwsc.com,26.137036,-097.549789
City of Palatka,R.C. Willis Water Treatment Plant,Palatka,FL,22131,10000,0,3,1500,elevated storage network (inferred),0,0,4,True,,100000032617,,29.652500,-081.681667
City of Palatka,City of Palatka Platt Drew WWTP,Palatka,FL,22132,10000,0,3,1500,wet-well / inflow detention (inferred),0,0,5,True,,100000032467,,29.615833,-081.651111
City of Georgetown,City of Georgetown Water Treatment Plant,Georgetown,SC,22131,10000,0,3,1500,elevated storage network (inferred),0,0,6,True,,100000035446,www.georgetownsc.gov,33.386139,-79.296861
City of Georgetown,City of Georgetown Wastewater Treatment Plant,Georgetown,SC,22132,10000,0,3,1500,wet-well / inflow detention (inferred),0,0,7,True,,100000048557,georgetownsc.gov,33.381111,-79.316167
City of Mission,City of Mission South Water Treatment Plant,Mission,TX,22131,10000,0,2,1500,elevated storage network (inferred),1,0,5,True,,100000108867,http://www.missiontexas.us,26.211214,-098.328630
City of Mission,City of Mission North Water Treatment Plant,Mission,TX,22131,10000,0,2,1500,elevated storage network (inferred),0,0,5,True,,100000109312,http://www.missiontexas.us,26.240674,-98.336548
City of Columbus Utilities,Water Treatment Plant No. 1,Columbus,IN,22131,10000,0,3,1500,elevated storage network (inferred),0,0,6,True,,100000165108,,39.220289,-85.896276
City of Columbus Utilities,Water Treatment Plant No. 2,Columbus,IN,22131,10000,0,3,1500,elevated storage network (inferred),0,0,6,True,,100000165242,,39.177227,-85.938445
City of Dunkirk,Dunkirk Water Filtration Plant,Dunkirk,NY,22131,10000,0,3,1500,elevated storage network (inferred),0,0,6,True,,100000178425,,42.486866,-079.342171
City of Dunkirk,Dunkirk Wastewater Treatment Facility,Dunkirk,NY,22132,10000,0,3,1500,wet-well / inflow detention (inferred),0,0,9,True,,100000160675,,42.498802,-079.318406
City of Commerce,City of Commerce-SWTP,Campbell,TX,22131,6000,0,2,1200,elevated storage network (inferred),0,0,6,True,,100000148333,www.commercetx.org,33.200000,-095.928694
City of Commerce,Commerce  Water Treatment Plant,Commerce,GA,22131,6450,0,3,500,elevated storage network (inferred),0,0,9,True,,100000151355,www.esginc.net,34.261944,-083.489722
City of Commerce,City of Commerce-WWTP,Commerce,TX,22132,6000,0,2,1200,wet-well / inflow detention (inferred),0,0,6,True,,100000150043,www.commercetx.org,33.217472,-095.885972
Montgomery Water Works Sanitary Sewer Board,Day Street Pumping Station,Montgomery,AL,22131,9200,0,2,1200,elevated storage network (inferred),0,0,8,True,,100000030398,www.mwwssb.com,32.370655,-086.331141
Montgomery Water Works Sanitary Sewer Board,Catoma Water Pollution Control Plant (WPCP),Montgomery,AL,22132,27600,0,2,1500,wet-well / inflow detention (inferred),0,0,7,True,,100000029747,www.mwwssb.com,32.363427,-086.445690
Leavenworth Waterworks,Water Plant #1,Leavenworth,KS,22131,28000,0,2,1500,elevated storage network (inferred),0,0,9,True,,100000144239,www.lvnwater.com,39.330556,-094.912778
Leavenworth Waterworks,Water Plant #2,Lansing,KS,22131,8000,0,2,1200,elevated storage network (inferred),0,0,4,True,,100000202595,www.lvnwater.com,39.266389,-094.885556
City of Waco Water Utilities Department,Old Mc Gregor Road Ground Storage,Waco,TX,22131,6000,0,2,1200,elevated storage network (inferred),0,0,4,True,,100000204995,,31.491922,-097.217659
City of Waco Water Utilities Department,Waco Metropolitan Area Regional Sewerage System,Waco,TX,22132,24000,0,2,1500,wet-well / inflow detention (inferred),1,0,14,True,,100000116643,,31.518245,-097.064202
MidDakota Rural Water System,Mid-Dakota Chemical Feed Building,Pierre,SD,22131,6000,0,2,1200,elevated storage network (inferred),0,0,6,True,,100000077249,www.mdrws.com,44.478578,-100.402759
MidDakota Rural Water System,Mid-Dakota Water Treatment Plant,Pierre,SD,22131,22000,0,2,1500,elevated storage network (inferred),0,0,6,True,,100000097584,www.mdrws.com,44.461475,-100.330249
City of Ponca City,Ponca City Water Treatment Plant,Ponca City,OK,22131,20000,0,2,1500,elevated storage network (inferred),0,0,6,True,,100000110122,www.poncacityok.gov,36.702992,-97.061043
City of Ponca City,Ponca City Wastewater Treatment Plant,Ponca City,OK,22132,6000,0,2,1200,wet-well / inflow detention (inferred),0,0,12,True,,100000089236,,36.676288,-097.067147
Lafourche Parish Water Dist No 1,Lafourche Parish Water District No. 1- South Plant,Lockport,LA,22131,17000,0,2,1500,elevated storage network (inferred),0,0,8,True,,100000029523,,29.665573,-090.537513
Lafourche Parish Water Dist No 1,Lafourche Parish Water District No. 1- North Plant,Thibodaux,LA,22131,8000,0,2,1200,elevated storage network (inferred),0,0,8,True,,100000037079,,29.778687,-090.785677
City of Big Spring Texas,Roy C. Hester Water Treatment Plant,Big Spring,TX,22131,8000,14010,2,1200,elevated storage network (inferred),1,0,4,True,,100000092375,,32.243333,-101.453333
City of Big Spring Texas,Wastewater Treatment Plant,Big Spring,TX,22132,16000,0,2,1500,wet-well / inflow detention (inferred),0,0,5,True,,100000094088,,32.255278,-101.429444
City of Port Neches,City of Port Neches Water Treatment Plant,Port Neches,TX,22131,12000,0,2,1500,elevated storage network (inferred),0,0,6,True,,100000056618,,29.990880,-93.951491
City of Port Neches,City of Port Neches Wastewater Treatment Plant,Groves,TX,22132,8000,0,2,1200,wet-well / inflow detention (inferred),0,0,7,True,,100000056146,,29.954385,-93.942494
Beckley Water,Beckley Water Company (Glade Creek Plant),Shady Spring,WV,22131,16000,0,2,1500,elevated storage network (inferred),0,0,6,True,,100000109125,www.beckleywater.com,37.703686,-081.051579
Beckley Water,Beckley Water Company (Sweeneysburg Plant),Beckley,WV,22131,4000,0,2,1200,elevated storage network (inferred),0,0,6,True,,100000109143,www.beckleywater.com,37.825306,-081.235750
City of Winnfield,City of Winnfield - Wastewater Treatment Facility,Winnfield,LA,22132,10000,0,2,1500,wet-well / inflow detention (inferred),0,0,8,True,,100000033581,,31.919056,-092.628694
City of Winnfield,City of Winnfield - Water Treatment Facility,Winnfield,LA,22131,8000,0,2,1200,elevated storage network (inferred),0,0,6,True,,100000167231,,31.923028,-092.642222
City of Weatherford,Weatherford Water Treatment Plant,Weatherford,TX,22131,14000,0,2,1500,elevated storage network (inferred),1,0,9,True,,100000100972,www.ci.weatherford.tx.us,32.768692,-097.683327
City of Weatherford,WEATHERFORD PUBLIC WORKS AUTHORITY,WEATHERFORD,OK,22132,4000,0,2,1200,wet-well / inflow detention (inferred),0,0,7,True,,100000088763,cityofweatherford.com,35.518056,-098.698056
El Dorado Water Utilities,Mount Holly Water Treatment Plant,El Dorado,AR,22131,6000,0,2,1200,elevated storage network (inferred),0,0,6,True,,100000141571,www.eldoradowater.com/,33.233055,-092.713058
El Dorado Water Utilities,Champagnolle Water Treatment Plant,El Dorado,AR,22131,10000,0,2,1500,elevated storage network (inferred),2,0,5,True,,100000188726,www.eldoradowater.com/,33.236796,-092.626790
City of Round Rock,City of Round Rock Water Treatment Plant,Round Rock,TX,22131,2000,4200,2,1200,elevated storage network (inferred),1,0,5,True,,100000010748,www.roundrocktexas.gov,30.574824,-97.700505
City of Round Rock,Brushy Creek Regional Wastewater System - East,Round Rock,TX,22132,12000,0,2,1500,wet-well / inflow detention (inferred),0,0,14,True,,100000116153,http://www.roundrocktexas.gov,30.526700,-097.618474
Utility Holdings,Louisiana Water Company - Crowley Water Plant,Crowley,LA,22131,8000,0,3,500,elevated storage network (inferred),0,0,6,True,,100000050785,,30.208300,-092.368500
Utility Holdings,Louisiana Water Company - Eunice Water Plant,Eunice,LA,22131,4000,0,3,500,elevated storage network (inferred),0,0,6,True,,100000051043,,30.495600,-092.413200
Utility Holdings,Louisiana Water Company - New Iberia Water Plant,New Iberia,LA,22131,18000,0,3,1500,elevated storage network (inferred),0,0,7,True,,100000057421,www.louisianawater.com,30.009600,-091.821200
Town of Bethlehem Department of Public Works,Town of Bethlehem Water Treatment Plant - Selkirk,Selkirk,NY,22131,16000,0,3,1500,elevated storage network (inferred),0,0,6,True,,100000132457,,42.559167,-073.783889
Town of Bethlehem Department of Public Works,Town of Bethlehem Water Treatment Plant-Vly Creek,Voorheesville,NY,22131,7500,0,3,500,elevated storage network (inferred),0,0,6,True,,100000132965,,42.617639,-073.956389
Town of Bethlehem Department of Public Works,Town of Bethlehem Wastewater Treatment Plant,Selkirk,NY,22132,4000,0,3,500,wet-well / inflow detention (inferred),0,0,5,True,,100000193694,www.townofbethlehem.org,42.542833,-073.765833
Gaffney Board of Public Works,Victor Gaffney Water Treatment Plant,Gaffney,SC,22131,12000,0,3,1500,elevated storage network (inferred),0,0,6,True,,100000029499,www.gbpw.com,35.055800,-081.390000
Gaffney Board of Public Works,Clary Waste Water Treatment Plant,Gaffney,SC,22132,6000,0,3,500,wet-well / inflow detention (inferred),0,0,12,True,,100000031565,www.gbpw.com,35.030200,-081.423800
Gaffney Board of Public Works,Broad River Waste Water Treatment Plant,Gaffney,SC,22132,6000,0,3,500,wet-well / inflow detention (inferred),1,0,12,True,,100000037202,www.gbpw.com,35.042600,-081.366691
Huntington Beach Utilities,Huntington Beach Utilities-Well Number 6,Huntington Beach,CA,22131,4000,0,3,500,elevated storage network (inferred),0,0,5,True,,100000186461,www.ci.huntington-beach.ca.us,33.726586,-118.000988
Huntington Beach Utilities,Huntington Beach Utilities-Well Number 7,Huntington Beach,CA,22131,4000,0,3,500,elevated storage network (inferred),0,0,5,True,,100000186489,www.ci.huntington-beach.ca.us,33.750297,-118.024914
Huntington Beach Utilities,Huntington Beach Utilities-Well Number 10,Huntington Beach,CA,22131,4000,0,3,500,elevated storage network (inferred),0,0,5,True,,100000186498,www.ci.huntington-beach.ca.us,33.727297,-117.99427
Huntington Beach Utilities,Huntington Beach Utilities-Well Number 9,Huntington Beach,CA,22131,4000,0,3,500,elevated storage network (inferred),0,0,5,True,,100000186504,www.ci.huntington-beach.ca.us,33.715834,-117.974468
Huntington Beach Utilities,Huntington Beach Utilities Well Number 13,Huntington Beach,CA,22131,4000,0,3,500,elevated storage network (inferred),0,0,4,True,,100000214724,www.ci.huntington-beach.ca.us,33.750066,-118.026534
City Of Florence Water Department,Wilson Lake Water Treatment Plant,Florence,AL,22131,8000,0,2,1200,elevated storage network (inferred),0,0,7,True,,100000006334,www.florenceal.org,34.812778,-087.626389
City Of Florence Water Department,Cypress Creek Water Treatment Plant,Florence,AL,22131,8000,0,2,1200,elevated storage network (inferred),0,0,7,True,,100000006414,www.florenceutilities.com/Gas_Water,34.826667,-087.700556
City of Branson,Meadows Water Treatment Plant,Branson,MO,22131,8000,0,2,1200,elevated storage network (inferred),0,0,6,True,,100000055254,,36.622500,-093.256389
City of Branson,Compton Drive Wastewater Treatment Plant,BRANSON,MO,22132,8000,0,2,1200,wet-well / inflow detention (inferred),0,0,6,True,,100000072217,,36.658611,-093.215833
City of Enid,City of Enid Water Plant #2 PWSID 2002445,Enid,OK,22131,8000,0,2,1200,elevated storage network (inferred),0,0,5,True,,100000106672,enid.org,36.404167,-097.953333
City of Enid,City of Enid Water Plant #1 PWSID 2002412,Enid,OK,22131,8000,0,2,1200,elevated storage network (inferred),0,0,5,True,,100000106716,enid.org,36.405556,-097.896389
City of West Point,J. N. Orr Water Treatment Plant,West Point,MS,22131,8000,0,2,1200,elevated storage network (inferred),0,0,7,True,,100000121708,,33.623611,-088.637500
City of West Point,MI College Water Treatment Plant,West Point,MS,22131,8000,0,2,1200,elevated storage network (inferred),0,0,10,True,,100000121762,,33.589167,-088.656111
City of Cleburne,City of Cleburne Wastewater Treatment Plant,Cleburne,TX,22131,8000,0,2,1200,wet-well / inflow detention (inferred),1,0,7,True,,100000147003,,32.313838,-97.393759
City of Cleburne,City of Cleburne Water Treatment Plant,Cleburne,TX,22131,8000,0,2,1200,elevated storage network (inferred),0,0,8,True,,100000147398,,32.287987,-97.412175
New Braunfels Utilities,Surface Water Treatment Plant,NEW BRAUNFELS,TX,22131,6000,0,2,1200,elevated storage network (inferred),0,0,5,True,,100000033304,,29.718551,-98.119223
New Braunfels Utilities,KUEHLER WASTEWATER TREATMENT PLANTS (N & S),NEW BRAUNFELS,TX,22132,8000,0,2,1200,wet-well / inflow detention (inferred),0,0,13,True,,100000029211,www.nbutexas.com,29.687534,-98.098757
Town of Vidalia,Vidalia Water Treatment Plant,Vidalia,LA,22131,4000,0,2,1200,elevated storage network (inferred),0,0,6,True,,100000022879,,31.564563,-091.433609
Town of Vidalia,Town of Vidalia Wastewater Treatment Plant,Vidalia,LA,22132,8000,0,2,1200,wet-well / inflow detention (inferred),1,0,5,True,,100000021727,,31.566040,-091.464322
Southwest Water Authority,SWA Water Treatment Plant,Dickinson,ND,22131,6000,0,2,1200,elevated storage network (inferred),0,0,8,True,,100000042376,www.swa.swc.state.nd.us,46.875718,-102.802708
Southwest Water Authority,SWA Dodge Pumping Station,Dodge,ND,22131,6000,0,2,1200,elevated storage network (inferred),0,0,4,True,,100000198047,www.swa.swc.state.nd.us,47.299167,-102.207778
City of Kerrville,City of Kerrville Water Treatment Plant,Kerrville,TX,22131,6000,0,2,1200,elevated storage network (inferred),0,0,6,True,,100000062941,www.kerrvilletx.gov,30.052466,-99.166683
City of Kerrville,City of Kerrville Water Reclamation Plant,Kerrville,TX,22132,6000,0,2,1200,wet-well / inflow detention (inferred),1,0,8,True,,100000062727,www.kerrvilletx.gov,30.025267,-99.111616
City of Plainview,Jack Skaggs Municipal Water Treatment Plant,Plainview,TX,22131,4000,0,2,1200,elevated storage network (inferred),0,0,7,True,,100000073056,,34.198158,-101.745128
City of Plainview,City of Plainview Water Reclamation Plant,Plainview,TX,22132,8000,0,2,1200,wet-well / inflow detention (inferred),0,0,9,True,,100000072985,www.plainviewtx.org,34.169776,-101.677638
City Of Norfolk,City Of Norfolk East Water Plant,Norfolk,NE,22131,4000,0,2,1200,elevated storage network (inferred),0,0,7,True,,100000149396,www.norfolkne.gov,42.031944,-097.406667
City Of Norfolk,City Of Norfolk West Water Plant,Norfolk,NE,22131,8000,0,2,1200,elevated storage network (inferred),0,0,6,True,,100000150524,www.norfolkne.gov,42.029167,-097.482778
Agua Special Utility District,Havana Water Treatment  Plant,La Joya,TX,22131,6000,0,2,1200,elevated storage network (inferred),0,0,7,True,,100000151961,www.aguasud.com,26.246868,-098.506825
Agua Special Utility District,492 Water Treatment Plant,Palmview,TX,22131,6000,0,2,1200,elevated storage network (inferred),0,0,8,True,,100000153692,www.aguasud.com,26.254655,-98.389891
City of Dublin,City of Dublin Surface Water Treatment Plant,Dublin,GA,22131,6000,0,2,1200,elevated storage network (inferred),0,0,6,True,,100000154913,http://www.cityofdublin.org,32.557211,-082.899607
City of Dublin,City of Dublin Water Pollution Control Plant,Dublin,GA,22132,6000,0,2,1200,wet-well / inflow detention (inferred),0,0,6,True,,100000154922,http://www.cityofdublin.org,32.517354,-082.891544
City of Rio Grande City,Rio Grande City Water Treatment Plant,Rio Grande City,TX,22131,8000,0,2,1200,elevated storage network (inferred),0,0,5,True,,100000166526,,26.375910,-098.813203
City of Rio Grande City,Rio Grande City Wastewater Treatment Plant,Rio Grande City,TX,22132,4000,0,2,1200,wet-well / inflow detention (inferred),0,0,5,True,,100000166544,,26.369667,-98.805455
City of Stamford,Stamford Water Treatment Plant,Stamford,TX,22131,8000,0,2,1200,elevated storage network (inferred),0,0,4,True,,100000203558,,32.954026,-099.796174
City of Stamford,Stamford Wastewater Treatment Plant,Stamford,TX,22132,4000,0,2,1200,wet-well / inflow detention (inferred),0,0,4,True,,100000203576,,32.953883,-099.778942
CITY OF ATHENS,WEST WASTEWATER TREATMENT PLANT,ATHENS,TX,22132,6000,0,2,1200,wet-well / inflow detention (inferred),0,0,12,True,,100000016797,,32.193539,-095.898022
CITY OF ATHENS,NORTH WASTEWATER TREATMENT PLANT,ATHENS,TX,22132,6000,0,2,1200,wet-well / inflow detention (inferred),0,0,12,True,,100000016868,https://www.athenstx.gov/,32.224514,-095.862697
City of Breaux Bridge,Breaux Bridge Water Treatment Plant,Breaux Bridge,LA,22131,6000,0,2,1200,elevated storage network (inferred),0,0,5,True,,100000107813,,30.273889,-091.896111
City of Breaux Bridge,Breaux Bridge Wastewater Treatment Plant,Breaux Bridge,LA,22132,4750,0,2,1200,wet-well / inflow detention (inferred),0,0,5,True,,100000111167,,30.261389,-091.916667
City of Milledgeville,Lamar Ham Water Treatment Plant,Milledgeville,GA,22131,4000,0,2,1200,elevated storage network (inferred),0,0,6,True,,100000009037,,33.086944,-083.219167
City of Milledgeville,Water Pollution Control Plant,Milledgeville,GA,22132,6000,0,2,1200,wet-well / inflow detention (inferred),0,0,6,True,,100000009028,,33.046944,-083.195278
City of Henderson,Surface Water Treatment Plant,Henderson,TX,22131,6000,0,2,1200,elevated storage network (inferred),0,0,5,True,,100000174241,www.hendersontx.us,32.229389,-094.797750
City of Henderson,Henderson Wastewater Treatment Plant,Henderson,TX,22132,4000,0,2,1200,wet-well / inflow detention (inferred),0,0,5,True,,100000173661,www.hendersontx.us,32.113391,-94.812737
City of Sulphur,Verdine Street Water Treatment Facility,Sulphur,LA,22131,4000,0,2,1200,elevated storage network (inferred),0,0,8,True,,100000028383,www.sulphur.org,30.237885,-093.375989
City of Sulphur,Gradney Street Water Treatment Facility,Sulphur,LA,22131,4000,0,2,1200,elevated storage network (inferred),0,0,8,True,,100000028409,www.sulphur.org,30.238320,-093.344561
City of Neosho,Water Filtration Plant,Neosho,MO,22131,6000,0,2,1200,elevated storage network (inferred),0,0,5,True,,100000070576,,36.884434,-094.367044
City of Neosho,Crowder Wastewater Plant,Neosho,MO,22131,2000,0,2,1200,wet-well / inflow detention (inferred),0,0,6,True,,100000071129,,36.816165,-94.381238
City of Orange,Meeks Drive Water Production Plant,Orange,TX,22131,4000,0,2,1200,elevated storage network (inferred),0,0,6,True,,100000071012,,30.145282,-93.753718
City of Orange,Link Avenue Water Production Plant,Orange,TX,22131,4000,0,2,1200,elevated storage network (inferred),1,0,6,True,,100000071192,,30.105905,-93.743424
City of Palestine Utilities,City of Palestine Utilities Water Treatment Plant,Palestine,TX,22131,4000,0,2,1200,elevated storage network (inferred),0,0,5,True,,100000092204,,31.783784,-095.603367
City of Palestine Utilities,Town Creek Wastewater Treatment Plant,Palestine,TX,22132,4000,0,2,1200,wet-well / inflow detention (inferred),0,0,5,True,,100000082812,,31.726010,-095.705277
St Charles Parish Waterworks,St. Charles Parish Waterworks District 1,Norco,LA,22131,4000,0,2,1200,elevated storage network (inferred),0,0,6,True,,100000102738,,29.986667,-090.395556
St Charles Parish Waterworks,St. Charles Parish Waterworks District 2,Luling,LA,22131,4000,0,2,1200,elevated storage network (inferred),0,0,6,True,,100000102827,,29.930278,-090.364167
City of San Juan,Water Treatment Plant No. 2,San Juan,TX,22131,4000,0,2,1200,elevated storage network (inferred),1,1,5,True,,100000189707,,26.219024,-098.162326
City of San Juan,Water Treatment Plant No. 1,San Juan,TX,22131,4000,0,2,1200,elevated storage network (inferred),0,0,4,True,,100000208349,,26.186540,-98.154622
City of Jackson Water Sewer Utilities,Trahon / Big Creek Wastewater Treatment Plant,Jackson,MS,22132,8000,0,3,500,wet-well / inflow detention (inferred),0,0,8,True,,100000077285,www.city.jackson.ms.us,32.152778,-090.264556
City of Jackson Water Sewer Utilities,Savanna Street Wastewater Treatment Plant,Jackson,MS,22132,32000,0,3,1500,wet-well / inflow detention (inferred),0,0,12,True,,100000077329,www.city.jackson.ms.us,32.238417,-090.210000
City of Midland,City of Midland Water Purification Plant,Midland,TX,22131,24000,35000,2,1500,elevated storage network (inferred),0,0,11,True,,100000132938,www.midlandtexas.gov,32.035540,-102.146874
City of Midland,Midland Water reclamation,Midland,MI,22132,8000,0,3,500,wet-well / inflow detention (inferred),0,0,6,True,,100000015609,www.midland-mi.org,43.608611,-084.200833
City of Troy,"City of Troy, Ohio - Water Treatment Plant",Troy,OH,22131,4000,0,3,500,elevated storage network (inferred),0,0,6,True,,100000113968,troyohio.gov,40.0425,-84.1955
City of Troy,Melrose Chlorination Station,Melrose,NY,22131,24000,0,3,1500,elevated storage network (inferred),0,0,7,True,,100000131118,www.troyny.gov,42.850000,-073.608333
City of Rock Hill,Cherry Road Filter Plant,Rock Hill,SC,22131,16000,0,3,1500,elevated storage network (inferred),0,0,6,True,,100000048628,www.cityofrockhill.com,34.963333,-081.000000
City of Rock Hill,Manchester Creek Waste Water Treatment Plant,Rock Hill,SC,22132,8000,0,3,500,wet-well / inflow detention (inferred),0,0,6,True,,100000044221,www.cityofrockhill.com,34.955556,-080.958333
City of Homestead,Wittkop Park Water Treatment Plant,Homestead,FL,22131,8000,0,3,500,elevated storage network (inferred),0,0,5,True,,100000053229,https://www.cityofhomestead.com/,25.478611,-080.485000
City of Homestead,Harris Field Water Treatment Plant,Homestead,FL,22131,16000,0,3,1500,elevated storage network (inferred),0,0,5,True,,100000053979,https://www.cityofhomestead.com/,25.475556,-080.463889
City of Laredo,Southside WWTP,Laredo,TX,22131,8000,0,3,500,wet-well / inflow detention (inferred),0,0,6,True,,100000066769,,27.449708,-099.487403
City of Laredo,Zacate WWTP,Laredo,TX,22131,16000,0,3,1500,wet-well / inflow detention (inferred),0,0,6,True,,100000067633,,27.499810,-099.492696
City of Lumberton North Carolina,Lunberton Water Treatment Plant,Lumberton,NC,22131,16000,0,3,1500,elevated storage network (inferred),0,0,6,True,,100000117795,,34.626667,-079.024722
City of Lumberton North Carolina,Lumberton Wastewater Treartment Plant,Lumberton,NC,22132,8000,0,3,500,wet-well / inflow detention (inferred),1,0,14,True,,100000073813,,34.605833,-078.983333
City of Atlantic Beach,Atlantic Beach WTP # 3,Atlantic Beach,FL,22131,6000,0,3,500,elevated storage network (inferred),0,0,7,True,,100000121165,www.coab.us,30.352931,-81.416852
City of Atlantic Beach,Atlantic Beach WTP # 2,Atlantic Beach,FL,22131,6000,0,3,500,elevated storage network (inferred),0,0,7,True,,100000121192,www.coab.us,30.349537,-81.41213
City of Atlantic Beach,Atlantic Beach WTP # 1,Atlantic Beach,FL,22131,6000,0,3,500,elevated storage network (inferred),0,0,7,True,,100000121307,www.coab.us,30.33557,-81.405339
City of Atlantic Beach,Atlantic Beach WWTP # 1,Atlantic Beach,FL,22132,6000,0,3,500,wet-well / inflow detention (inferred),0,0,9,True,,100000121361,www.coab.us,30.335387,-81.4088604
City of Toledo,City of Toledo Division of Water Treatment,Toledo,OH,22131,20000,0,3,1500,elevated storage network (inferred),0,0,8,True,,100000122903,,41.665336,-083.475171
City of Toledo,City of Toledo Division of Water Reclamation,Toledo,OH,22132,4000,0,3,500,wet-well / inflow detention (inferred),1,0,7,True,,100000117385,www.toledo.oh.gov,41.690833,-083.480556
Englewood Water District,Selma Avenue Facility,Englewood,FL,22131,16000,0,3,1500,elevated storage network (inferred),0,0,10,True,,100000182839,www.englewoodwater.com,26.954662,-082.347196
Englewood Water District,Telman Road Facility,Rotonda West,FL,22131,8000,0,3,500,elevated storage network (inferred),0,0,6,True,,100000182848,www.englewoodwater.com,26.904582,-082.306484
Ardmore Public Works Authority,City of Ardmore Water Treatment Plant,Ardmore,OK,22131,16000,0,2,1500,elevated storage network (inferred),0,0,7,True,,100000005683,,34.225305,-097.150201
Ardmore Public Works Authority,City of Ardmore Wastewater Treatment Plant,Ardmore,OK,22132,6000,0,3,500,wet-well / inflow detention (inferred),0,0,5,True,,100000194167,http://www.ardmorecity.org/home.html,34.212127,-097.095746
Aqua Pennsylvania,Roaring Creek Water Treatment Plant,Elysburg,PA,325181,14000,0,3,1500,elevated storage network (inferred),0,0,6,True,,100000082901,www.aquaamerica.com,40.821657,-076.497877
Aqua Pennsylvania,Shenandoah Water Treatment Plant,Shenandoah,PA,22131,8000,0,3,500,elevated storage network (inferred),0,0,6,True,,100000127999,www.aquaamerica.com,40.818611,-076.240556
City Of South Bend,North Pumping Station,South Bend,IN,22131,6000,0,3,500,elevated storage network (inferred),0,0,6,True,,100000109492,www.southbendin.gov,41.686260,-86.250050
City Of South Bend,City of South Bend Wastewater Treatment Plant,South Bend,IN,22132,16000,0,3,1500,wet-well / inflow detention (inferred),0,0,11,True,,100000133562,www.southbendin.gov,41.721895,-086.268379
City of Winona,City of Winona Main Water Treatment Plant,Winona,MN,22131,6000,0,3,500,elevated storage network (inferred),0,0,4,True,,100000183348,,44.055667,-91.3818
City of Winona,City of Winona Main Water Treatment Plant,Winona,MN,22132,16000,0,3,1500,elevated storage network (inferred),0,0,2,True,,100000183561,www.cityofwinona-mn.com,44.032194,-091.603611
KENOSHA WATER UTILITY,KENOSHA WATER UTILITY WATER PRODUCTION PLANT,KENOSHA,WI,22131,13504,0,3,1500,elevated storage network (inferred),0,0,6,True,,100000006968,WWW.KENOSHAWATER.ORG,42.589444,-087.813611
KENOSHA WATER UTILITY,KENOSHA WATER UTILITY WASTEWATER TREATMENT PLANT,KENOSHA,WI,22132,6800,0,3,500,wet-well / inflow detention (inferred),0,0,6,True,,100000006931,WWW.KENOSHAWATER.ORG,42.558611,-087.815000
Conway,Roger Q. Mills Water Treatment Plant,Conway,AR,22131,12000,0,3,1500,elevated storage network (inferred),0,0,6,True,,100000076124,www.conwaycorp.com,35.111389,-092.521111
Conway,Tucker Creek Wastewater Treatment Plant,Conway,AR,22132,8000,0,3,500,wet-well / inflow detention (inferred),0,0,8,True,,100000076044,www.conwaycorp.com,35.066787,-092.498805
Town of Blackstone,Blackstone Water Utilites,Fort Pickett,VA,22131,8000,0,3,500,elevated storage network (inferred),0,0,5,True,,100000129434,,37.02219,-077.948611
Town of Blackstone,Blackstone Water Polution Control Facility,Fort Pickett,VA,22132,12000,0,3,1500,elevated storage network (inferred),0,0,6,True,,100000142151,,37.040189,-77.953618
City of Oklahoma City,Deer Creek Wastewater Plant,Edmond,OK,22132,4000,0,3,500,wet-well / inflow detention (inferred),0,0,7,True,,100000151676,,35.681214,-097.586494
City of Oklahoma City,North Canadian Wastewater Plant,Jones,OK,22132,16000,0,3,1500,wet-well / inflow detention (inferred),0,0,7,True,,100000151836,,35.598567,-097.312050
City of Newberry,George Hugh Connelly Water Treatment Plant,Silverstreet,SC,22131,12000,0,3,1500,elevated storage network (inferred),0,0,7,True,,100000007896,,34.189473,-081.719673
City of Newberry,Bush River Wastewater Treatment Plant,Newberry,SC,22132,6000,0,3,500,wet-well / inflow detention (inferred),0,0,7,True,,100000153166,,34.235934,-081.644919
City of Donna,Wastewater Treatment Plant,Donna,TX,22132,4000,0,3,500,wet-well / inflow detention (inferred),0,0,6,True,,100000145764,,26.148034,-098.053921
City of Donna,City of Donna Water Filtration Plant,Donna,TX,22131,14000,0,3,1500,elevated storage network (inferred),0,0,6,True,,100000172804,,26.159478,-098.070539
Town of Waynesville,Waynesville Water Treatment Plant,Waynesville,NC,22131,8000,0,3,500,elevated storage network (inferred),0,0,5,True,,100000154307,,35.426256,-083.009981
Town of Waynesville,Town Of Waynesville Wastewater Treatment Plant,Waynesville,NC,22132,10000,0,3,1500,wet-well / inflow detention (inferred),0,0,10,True,,100000141697,,35.541667,-082.950556
City of Coon Rapids MN,City of Coon Rapids Water Treatment Plant - West,Coon Rapids,MN,22131,10000,0,3,1500,elevated storage network (inferred),0,0,7,True,,100000162263,www.coonrapidsmn.gov,45.16125,-93.325222
City of Coon Rapids MN,City of Coon Rapids Water Treatment Plant - East,Coon Rapids,MN,22131,8000,0,3,500,elevated storage network (inferred),0,0,7,True,,100000162307,www.coonrapidsmn.gov,45.175,-93.27375
City of Claremore,Claremore Water Treatment Plant,Claremore,OK,22131,4000,0,3,500,elevated storage network (inferred),0,0,13,True,,100000057298,www.claremore city .com,36.322367,-095.582321
City of Claremore,City of Claremore WWTP,Claremore,OK,22132,10000,0,3,1500,wet-well / inflow detention (inferred),0,0,7,True,,100000057136,www.claremorecity.com,36.294770,-095.609372
City of Beeville Texas,George Morrill Water Treatment Plant,Mathis,TX,22131,10000,0,3,1500,elevated storage network (inferred),1,0,5,True,,100000172181,2501 NW 158th Street,28.245695,-97.919894
City of Beeville Texas,Moore Street Waste Water Treatment Plant,Beeville,TX,22132,4000,0,3,500,wet-well / inflow detention (inferred),0,0,2,True,,100000172207,2501 NW 158th Street,28.391234,-97.722319
Schuylkill County Municipal Authority,Broad Mountain WTP,St. Clair,PA,22131,8000,0,1,2000,elevated storage network (inferred),0,0,6,True,,100000089496,,40.743270,-076.189629
US Dept of Energy Richland Operations Office,U. S. DOE Hanford  Nuclear Reservation Site,Hanford Site,WA,22131,4000,31000,1,2000,elevated storage network (inferred),0,0,4,True,,100000077276,https://www.hanford.gov/,46.554278,-119.617889
City of Abbeville,Abbeville Water Treatment Plant,Abbeville,SC,22131,6000,0,3,500,elevated storage network (inferred),0,0,6,True,,100000043927,,34.172583,-082.382556
City of Abbeville,Abbeville Water Treatment Plant,Abbeville,LA,22131,6000,0,2,1200,elevated storage network (inferred),0,0,7,True,,100000150917,,29.98221,-092.12714
City Of Sherman,Water Treatment Plant,Sherman,TX,22131,38500,38220,2,1500,elevated storage network (inferred),0,0,18,True,,100000077169,http://www.cityofsherman.org,33.703776,-096.642083
Clearwater Paper,Clearwater Paper Corporation - Augusta Mill,Augusta,GA,32211,37000,0,3,1500,buffer unknown,1,0,9,True,,100000118286,www.clearwaterpaper.com,33.3267,-081.9529
Little Rock Water Reclamation Authority,Fourche Creek Wastewater Treatment Plant,Little Rock,AR,22132,36800,0,2,1500,wet-well / inflow detention (inferred),0,0,11,True,,100000109839,,34.698889,-092.167778
Brazosport Water Authority,Brazosport Water Authority,Lake Jackson,TX,22131,36000,0,2,1500,elevated storage network (inferred),0,0,8,True,,100000023002,,29.034517,-095.470722
City of Salina Kansas,Salina Water Treatment Plant,Salina,KS,22131,36000,0,3,1500,elevated storage network (inferred),0,0,6,True,,100000043972,WWW.Salina-ks.gov,38.832778,-097.607500
Sweetwater Authority,Robert A. Perdue Water Treatment Plant,Spring Valley,CA,22131,36000,46000,3,1500,elevated storage network (inferred),0,0,10,True,,100000056592,www.sweetwater.org,32.692726,-117.010696
Jefferson Parish Department of Water,West Bank Water Treatment Plant,Marrero,LA,22131,36000,0,2,1500,elevated storage network (inferred),3,0,8,True,,100000086006,http://www.jeffparish.net/,29.897500,-090.095833
Helix Water District,R.M. Levy Water Treatment Plant,Lakeside,CA,22131,36000,0,3,1500,elevated storage network (inferred),0,0,7,True,,100000093089,www.helixwater.org,32.853333,-116.894167
Gainesville Regional Utilities,Murphree Water Treatment Plant,Gainesville,FL,22131,36000,0,3,1500,elevated storage network (inferred),0,0,7,True,,100000096727,www.gru.com,29.705000,-082.302778
Santa Fe Irrigation District,R.E. Badger Filtration Plant,Rancho Santa Fe,CA,22131,36000,43000,3,1500,elevated storage network (inferred),0,0,16,True,,100000149083,www.sfidwater.org,33.051391,-117.174094
City of Lincoln Nebraska,Ashland Water Treatment Facility,Ashland,NE,22131,35000,0,2,1500,elevated storage network (inferred),1,0,6,True,,100000044463,www.lincoln.ne.gov,41.038889,-096.353056
City of Albany GA,Water Pollution Control- Joshua Street Plant,Albany,GA,22132,35000,0,2,1500,wet-well / inflow detention (inferred),0,0,8,True,,100000027801,www.albanyga.gov/about-us/albany-utilities,31.538611,-084.147500
City of Evanston,Water Treatment Plant,Evanston,IL,22131,32600,0,3,1500,elevated storage network (inferred),0,0,7,True,,100000081494,cityofevanston.org,42.062256,-87.674462
City of Mesa,Brown Road Water Treatment Plant,Mesa,AZ,22131,32000,0,3,1500,elevated storage network (inferred),0,0,8,True,,100000034759,www.mesaaz.gov,33.441347,-111.664612
City of Great Falls,City of Great Falls Water Treatment Plant,Great Falls,MT,22131,32000,0,3,1500,elevated storage network (inferred),0,0,5,True,,100000067624,www.greatfallsmt.net,47.491056,-111.310139
Santa Clarita Valley Water Agency,Santa Clarita Valley Water Agency,Santa Clarita,CA,22131,32000,0,3,1500,elevated storage network (inferred),0,0,6,True,,100000068302,,34.429235,-118.516192
Central Coast Water Authority,Polonio Pass Water Treatment Plant,Shandon,CA,22131,32000,0,3,1500,elevated storage network (inferred),0,0,6,True,,100000077533,ccwa.com,35.440749,-120.133104
WilkinsburgPenn Joint Water Authority,W.P.J.W.A. Treatment Plant,Verona,PA,22131,32000,0,2,1500,elevated storage network (inferred),0,0,7,True,,100000077917,www.wpjwa.com,40.468659,-079.877559
Jordan Valley Water Conservancy District,Jordan Valley Water Treatment Plant,Herriman,UT,22131,32000,0,3,1500,elevated storage network (inferred),0,0,7,True,,100000077944,www.jvwcd.org,40.472898,-111.967287
City of Bethlehem PA,City of Bethlehem Water Treatment Plant,Lehigh Township,PA,22131,32000,0,2,1500,elevated storage network (inferred),0,0,6,True,,100000086328,www.bethlehem-pa.gov,40.741616,-75.503368
Lynn Water Sewer Commission,Lynn Water Treatment Plant,Lynn,MA,22131,32000,0,3,1500,elevated storage network (inferred),0,0,7,True,,100000133045,www.lynnwatersewer.org,42.476944,-070.973056
City of Inglewood,Sanford M. Anderson Water Treatment Plant,Inglewood,CA,22131,32000,7740,3,1500,elevated storage network (inferred),0,0,8,True,,100000157028,,33.968550,-118.359210
Illinois American Water,"Illinois-American Water Company, Alton Plant1",Alton,IL,22131,32000,0,3,1500,elevated storage network (inferred),0,0,6,True,,100000177382,http://www.illinoisamerican.com,38.903333,-090.209167
Upper Oconee Basin Water Authority,Bear Creek Water Treatment and Transmission Facili,Bogart,GA,22131,32000,0,3,1500,elevated storage network (inferred),0,0,6,True,,100000177578,www.jacobs.com,33.989311,-083.510202
Spartanburg Water,A. Manning Lynch Wastewater Treatment Facility,Spartanburg,SC,22132,32000,0,3,1500,wet-well / inflow detention (inferred),0,0,7,True,,100000013987,Manning Lynch Treatment Plant,34.904322,-081.914970
City of North Tonawanda NY,North Tonawanda Wastwater Treatment Facility,North Tonawanda,NY,56221,32000,0,3,1500,buffer unknown,0,0,7,True,,100000084669,www.northtonawanda.org,43.040741,-078.888758
City of Lakeland Water Utilities,Glendale Waste Water Treatment Plant,Lakeland,FL,22132,32000,0,3,1500,wet-well / inflow detention (inferred),0,0,6,True,,100000093686,www.lakelandgov.net,28.00549,-81.92841
Muncie Sanitary District,Muncie Water Pollution Control Facility,Muncie,IN,22132,32000,0,3,1500,wet-well / inflow detention (inferred),0,0,8,True,,100000142482,http://www.munciesanitary.org,40.185048,-85.440837
Niagara Falls Water Board,Michael C. O'Laughlin Municipal Water Plant,Niagara Falls,NY,22131,30000,0,3,1500,elevated storage network (inferred),1,1,6,True,,100000044846,1201 Buffalo Avenue,43.076111,-078.996944
City of Independence Water Department,Courtney Bend Water Treatment Plant,Sugar Creek,MO,22131,30000,0,2,1500,elevated storage network (inferred),0,0,7,True,,100000054022,www.ci.independence.mo.us,39.159046,-94.402202
City of Worcester,Worcester Water Filtration Plant,Holden,MA,22131,30000,0,3,1500,elevated storage network (inferred),0,0,9,True,,100000103149,www.worcesterma.gov,42.302433,-071.867646
Reading Area Water Authority,Maiden Creek Filtration Plant,Ontelaunee Township,PA,22131,30000,15000,2,1500,elevated storage network (inferred),1,0,6,True,,100000103595,,40.427528,-075.939167
City of Flagstaff Water Services,Wildcat Hill Water Reclamation Plant,Flagstaff,AZ,22132,30000,0,3,1500,wet-well / inflow detention (inferred),0,0,13,True,,100000033947,http://flagstaff.az.gov/,35.225332,-111.553941
City of Arcata,City of Arcata Wastewater Treatment Facility,Arcata,CA,22132,30000,0,3,1500,wet-well / inflow detention (inferred),0,0,5,True,,100000133535,www.cityofarcata.org,40.855129,-124.090232
CITY OF ELYRIA OHIO,CITY OF ELYRIA WATER WORKS,LORAIN,OH,22131,28000,0,3,1500,elevated storage network (inferred),0,0,6,True,,100000037621,,41.454167,-082.215278
City of Texarkana Arkansas,Texarkana Water Utility Millwood Water Plant,Ashdown,AR,22131,28000,0,2,1500,elevated storage network (inferred),0,0,5,True,,100000064798,www.txkusa.org,33.642148,-094.094023
City of Glendale,Pyramid Peak Water Treatment Plant,Phoenix,AZ,22131,28000,0,3,1500,elevated storage network (inferred),0,0,8,True,,100000106912,www.glendaleaz.com,33.738333,-112.190278
City of HolyokeHolyoke Water Works,Holyoke Water Treatment Facility,Holyoke,MA,22131,28000,0,3,1500,elevated storage network (inferred),1,0,6,True,,100000114752,www.holyoke.org,42.178611,-072.667500
Kentucky American Water,Kentucky River Station II,Owenton,KY,22131,28000,0,3,1500,elevated storage network (inferred),0,0,3,True,,100000212646,www.kentuckyamwater.com,38.35611,-84.869444
Central Weber Sewer Improvement Dis,Central Weber Sewer Improvement District,Ogden,UT,22132,28000,0,3,1500,wet-well / inflow detention (inferred),0,0,8,True,,100000024341,,41.273444,-112.045333
South Island Public Service District,Reclaimed Water Plant,Hilton Head Island,SC,22132,28000,0,3,1500,elevated storage network (inferred),0,0,16,True,,100000153567,www.sipsd.com,32.136783,-080.781004
Desert Water Agency,Water Reclamation Plant,Palm Springs,CA,22132,27000,0,3,1500,wet-well / inflow detention (inferred),0,0,6,True,,100000147478,www.dwa.org,33.803781,-116.487822
Three Valleys Municipal Water District,Miramar Water Treatment Plant,Claremont,CA,22131,26000,4400,3,1500,elevated storage network (inferred),0,0,10,True,,100000044524,www.threevalleys.com,34.130556,-117.695000
City of Hagerstown Water Department,R.C. Willson Water Treatment Plant,Williamsport,MD,22131,26000,0,3,1500,elevated storage network (inferred),0,0,6,True,,100000126892,www.hagerstownmd.org,39.610278,-077.847500
Carlos A Reyes,"EcoElectrica, L.P.",Peñuelas,PR,22111,26000,75158,3,1500,buffer unknown,0,0,12,True,,100000163565,www.ecoelectrica.net,17.978639,-66.755361
Orangeburg Department of Utilities,Orangeburg DPU Wastewater Treatment Plant,Orangeburg,SC,22132,26000,0,3,1500,wet-well / inflow detention (inferred),0,0,6,True,,100000025199,,33.435908,-080.847855
City of Astoria,City of Astoria Waste Water Treatment Facility,Astoria,OR,22132,24900,0,3,1500,wet-well / inflow detention (inferred),0,0,8,True,,100000159062,,46.120600,-123.461300
Tom Cleveland,Decatur Utilities Water Plant,Decatur,AL,22131,24024,0,2,1500,elevated storage network (inferred),0,0,12,True,,100000055049,,34.602631,-086.961504
Frederick County,New Design Road Water Treatment Plant,Tuscarora,MD,22131,24000,0,3,1500,elevated storage network (inferred),0,0,6,True,,100000024065,www.frederickcountymd.gov,39.256256,-77.4804980
City of Providence Rhode Island,Philip J. Holton Water Purification Works,Hope,RI,22131,24000,0,2,1500,elevated storage network (inferred),0,0,9,True,,100000032387,https://www.provwater.com,41.754861,-071.568889
Greenville Water System,Witty Adkins Water Treatment Plant,Six Mile,SC,22131,24000,82327,3,1500,elevated storage network (inferred),0,0,8,True,,100000036141,www.greenvillewater.com,34.830116,-082.864029
SaginawMidland Municipal Water Supply,Whitestone Pumping Facility,AuGres,MI,22131,24000,0,3,1500,elevated storage network (inferred),0,0,6,True,,100000054031,,44.105556,-083.568611
City of Billings Montana,City of Billings Water Treatment Plant,Billings,MT,22131,24000,0,3,1500,elevated storage network (inferred),0,0,6,True,,100000055076,,45.771639,-108.481028
Veolia North America,City of Buffalo Water Facility,Buffalo,NY,22131,24000,0,3,1500,elevated storage network (inferred),0,0,8,True,,100000065546,www.veolianorthamerica.com,42.896544,-78.901236
Florida Keys Aqueduct Authority,FKAA J. Robert Dean Water Treatment Plant,Florida City,FL,22131,24000,0,3,1500,elevated storage network (inferred),1,0,6,True,,100000065797,,25.439268,-080.507475
Contra Costa Water District,Randall-Bold Water Treatment Plant,Oakley,CA,22131,24000,43200,3,1500,elevated storage network (inferred),0,0,15,True,,100000071478,,37.980611,-121.740389
City of Bossier City,Bossier City Water Treatment Plant,Bossier City,LA,22131,24000,20000,2,1500,elevated storage network (inferred),0,0,11,True,,100000072397,www.bossiercity.org,32.531093,-93.727344
City of Glendale Water Services Department,Cholla Water Treatment Plant,Glendale,AZ,22131,24000,0,3,1500,elevated storage network (inferred),1,0,8,True,,100000093891,www.glendaleaz.com,33.590000,-112.165278
City of Lima Ohio,Lima Water Treatment Plant,Lima,OH,325181,24000,0,3,1500,elevated storage network (inferred),0,0,5,True,,100000094024,www.cityhall.lima.oh.us,40.743333,-084.086944
City of Lauderhill,Lauderhill Water Treatment Plant,Lauderhill,FL,22131,24000,0,2,1500,elevated storage network (inferred),0,0,5,True,,100000094104,,26.152500,-080.217778
Gulf Coast Water Authority,Thomas S. Mackey Water Treatment Plant,Texas City,TX,22131,24000,0,2,1500,elevated storage network (inferred),0,0,14,True,,100000108983,,29.387845,-094.956229
Springfield Water Sewer Commission,West Parish Filters,Westfield,MA,22131,24000,0,3,1500,elevated storage network (inferred),0,0,6,True,,100000113209,www.waterandsewer.org,42.118086,-072.833156
Public Works,City of Monroe Water Treatment Plant,Monroe,LA,22131,24000,19000,2,1500,elevated storage network (inferred),0,0,7,True,,100000120843,,32.526944,-092.125833
Rick Wahlen,Eden Prairie Water Treatment Plant,Eden Prairie,MN,22131,24000,0,3,1500,elevated storage network (inferred),0,0,5,True,,100000124359,,44.860833,-093.457500
Orangeburg Department of Public Utilities,Orangeburg DPU Water Treatment Plant,Orangeburg,SC,22131,24000,0,3,1500,elevated storage network (inferred),0,0,7,True,,100000132867,www.orbgdpu.com,33.487451,-080.874436
City of Cambridge,Cambridge Water Treatment Plant,Cambridge,OH,22131,24000,0,3,1500,elevated storage network (inferred),0,0,5,True,,100000141198,,40.014250,-081.580470
City of San Diego,Miramar Water Treatment Plant,San Diego,CA,325181,24000,0,3,1500,elevated storage network (inferred),1,0,5,True,,100000142909,,32.913150,-117.097300
City of San Angelo,Water Treatment Plant,San Angelo,TX,22131,24000,0,2,1500,elevated storage network (inferred),0,0,7,True,,100000143711,www.sanangelotexas.org,31.449276,-100.428287
CITY OF SAN DIEGO WATER DEPARTMENT,ALVARADO WATER TREATMENT PLANT,LA MESA,CA,325181,24000,0,3,1500,elevated storage network (inferred),0,0,6,True,,100000143855,,32.818333,-117.046083
Brown County Water Improvement District 1,BCWID # 1 Water Treatment Plant,Brownwood,TX,22131,24000,9100,2,1500,elevated storage network (inferred),0,0,9,True,,100000144195,bcwid.org,31.706689,-99.006443
City of Grapevine,Grapevine Water Treatment Plant,Grapevine,TX,22131,24000,4500,2,1500,elevated storage network (inferred),0,0,7,True,,100000159151,,32.961446,-97.052652
City of Bartow,City of Bartow Water Treatment Facility,Bartow,FL,22131,24000,0,3,1500,elevated storage network (inferred),1,0,6,True,,100000181974,www.cityofbartow.net,27.925556,-081.820000
Seattle Public Utilities,Cedar Water Treatment Facility,Renton,WA,22131,24000,0,3,1500,elevated storage network (inferred),0,0,6,True,,100000199769,16207 S.E. Old Petrovitsky,47.432500,-122.132583
City of Martinsville,Wastewater Treatment Plant,Ridgeway,VA,22132,24000,0,3,1500,wet-well / inflow detention (inferred),1,0,7,True,,100000012853,www.martinsvilleva.gov,36.645609,-079.835099
City of Conroe Texas,Southwest Wastewater Treatment Plant,Conroe,TX,22132,24000,0,2,1500,wet-well / inflow detention (inferred),0,0,7,True,,100000035856,,30.225000,-095.491667
City Of Kings Mountain,Pilot Creek WWTP,Kings Mountain,NC,22132,24000,0,3,1500,wet-well / inflow detention (inferred),1,0,8,True,,100000058965,,35.260000,-081.445278
City of LaGrange GA,Long Cane Creek Water Pollution Control Plant,LaGrange,GA,22132,24000,0,2,1500,wet-well / inflow detention (inferred),0,0,6,True,,100000061345,,32.970056,-085.074944
City of Idaho Falls,City of Idaho Falls Water Pollution Control Plant,Idaho Falls,ID,22132,24000,0,2,1500,wet-well / inflow detention (inferred),2,0,7,True,,100000102435,1917 S. 67th Street,43.462778,-112.068889
City of Reading PA,Fritz Island Waste Water Treatment Plant,Reading,PA,22132,24000,0,2,1500,wet-well / inflow detention (inferred),0,0,7,True,,100000107573,www.readingpa.gov,40.304444,-075.921944
Puerto Rico Aqueducr & Sewer Authority,Arecibo Regional Wastewater Treatment Plant,Arecibo,PR,22132,24000,0,3,1500,wet-well / inflow detention (inferred),0,0,5,True,,100000119524,acueductospr.com,18.480556,-066.677694
City of Paris Utilities,Wastewater Treatment Plant,Paris,TX,22132,24000,0,2,1500,wet-well / inflow detention (inferred),1,0,8,True,,100000135846,www.paristexas.gov,33.759206,-095.533233
Sanitary District of Hammond,Saniatry District of Hammond,Hammond,IN,22132,24000,0,3,1500,wet-well / inflow detention (inferred),0,0,14,True,,100000157876,http://www.gohammond.com/web/sanitarydistrict.phtml,41.620611,-087.499778
Dalton Utilities,Land Application System,Dalton,GA,22132,24000,0,2,1500,wet-well / inflow detention (inferred),0,0,10,True,,100000175428,,34.693218,-84.889641
St Charles Parish Council,Luling Oxidation Pond,Luling,LA,22132,24000,0,2,1500,wet-well / inflow detention (inferred),1,0,6,True,,100000176098,,29.879167,-090.359722
City of Lorain,Lorain Water Purification Plant,Lorain,OH,22131,22000,0,3,1500,elevated storage network (inferred),0,0,7,True,,100000025206,,41.470027,-82.185638
City of Eden Water Plant,"City of Eden, Robert A. Harris Water Plant",Eden,NC,22131,22000,0,3,1500,elevated storage network (inferred),0,0,6,True,,100000048067,www.edennc.us,36.476806,-079.743861
City of Watertown NY,Watertown Water Filtration Plant,Watertown,NY,22131,22000,0,3,1500,elevated storage network (inferred),0,0,6,True,,100000054969,"220 Salina Meadows Parkway, Suite 180",43.975986,-075.875428
Sylvamo North America,Sylvamo Ticonderoga Mill,Ticonderoga,NY,32211,22000,23000,3,1500,buffer unknown,2,0,14,True,,100000091508,www.sylvamo.com,43.890556,-073.403330
Racine Water & Wastewater Utilities,Racine Water Utility,Racine,WI,22131,22000,0,3,1500,elevated storage network (inferred),0,0,6,True,,100000111559,,42.736886,-087.780819
Consolidated Waterworks District No 1,Schriever Water Treatment Plant,Schriever,LA,22131,21000,0,2,1500,elevated storage network (inferred),0,0,7,True,,100000071138,tpcw.org,29.731250,-090.785250
International Paper,International Paper -  Flint River Mill,Oglethorpe,GA,32211,20381,0,3,1500,buffer unknown,3,0,10,True,,100000109964,www.internationalpaper.com,32.253889,-084.068417
City of Denison,"Water Treatment Plant, City of Denison",Denison,TX,22131,20000,0,2,1500,elevated storage network (inferred),0,0,6,True,,100000030762,http://www.cityofdenison.com,33.794796,-96.576463
Ottumwa Water & Hydro,Ottumwa Water & Hydro,Ottumwa,IA,22131,20000,0,3,1500,elevated storage network (inferred),0,0,5,True,,100000031976,,41.018333,-092.416664
City of Kingsport,City of Kingsport - Water Treatment Plant,Kingsport,TN,22131,20000,0,3,1500,elevated storage network (inferred),0,0,7,True,,100000035945,www.kingsporttn.gov,36.519535,-082.526700
West View Water Authority,Neville Island Treatment Plant,Pittsburgh,PA,22131,20000,0,2,1500,elevated storage network (inferred),0,0,7,True,,100000038602,www.westviewwater.org,40.493472,-80.072225
Billerud NA,Billerud Quinnesec LLC,Quinnesec,MI,22131,20000,0,3,1500,elevated storage network (inferred),1,0,21,True,,100000046835,https://www.billerud.com/,45.795587,-87.958358
PUD 1 of Skagit County,Skagit PUD #1 Water Treatment Plant,Sedro Woolley,WA,22131,20000,0,3,1500,elevated storage network (inferred),0,0,5,True,,100000054567,,48.473556,-122.190139
Travis County WC&ID No 17,Travis County WC&ID No. 17 - Eck Lane WTP,Austin,TX,22131,20000,0,2,1500,elevated storage network (inferred),0,0,5,True,,100000073573,www.wcid17.org,30.400000,-097.931667
Central Texas Water Supply,Main Water Treatment Plant,Harker Heights,TX,22131,20000,0,2,1500,elevated storage network (inferred),0,0,10,True,,100000076963,,31.021442,-097.648339
City of Syracuse Dept of Water,Skaneateles Water Treatment Plant,Skaneateles,NY,22131,20000,0,3,1500,elevated storage network (inferred),0,0,8,True,,100000113762,https://www.syr.gov/Departments/Water,42.945811,-76.431094
City of Troy Department of Public Utilities,John P. Buckley Water Treatment Plant,Troy,NY,22131,20000,0,3,1500,elevated storage network (inferred),0,0,6,True,,100000131555,www.troyny.gov,42.787500,-073.653333
City of Pittsburg California,Pittsburg Water Treatment Plant,Pittsburg,CA,22131,20000,4400,3,1500,elevated storage network (inferred),0,0,9,True,,100000170717,http//www.ci.pittsburg.ca.us,38.008333,-121.902778
Town of Colonie Division of Latham Water,Mohawk View Water Treatment Plant,Latham,NY,22131,20000,0,3,1500,elevated storage network (inferred),0,0,6,True,,100000177122,www.colonie.org,42.787042,-73.782512
Randy J Cahalan,Hazleton City Authority - Roan Filtration Facility,Hazleton,PA,22131,20000,0,3,1500,elevated storage network (inferred),0,0,4,True,,100000187326,,40.934722,-075.956667
City of Iowa City Department of Public Works,Iowa City Water Treatment Facility,Iowa City,IA,22131,20000,0,3,1500,elevated storage network (inferred),0,0,4,True,,100000187825,,41.688747,-091.545570
City of Sweetwater,City of Sweetwater Water Treatment Plant,Sweetwater,TX,22131,20000,0,3,1500,elevated storage network (inferred),0,0,6,True,,100000190198,,32.444307,-100.421002
City of Lakeland Water Utilities Department,C.W. Combee Water Treatment Plant,Lakeland,FL,22131,20000,0,3,1500,elevated storage network (inferred),0,0,5,True,,100000192944,http://www.lakelandgov.net/water/home.html,28.10578,-81.91122
Brazos River Authority,East Williamson County Water Treatment Plant,Taylor,TX,22131,20000,0,2,1500,elevated storage network (inferred),0,0,4,True,,100000208269,www.brazos.org,30.656646,-097.384412
Jefferson County Commission,Village Creek Wastewater Treatment Plant,Birmingham,AL,22132,20000,0,2,1500,wet-well / inflow detention (inferred),0,0,10,True,,100000028837,www.jeffconline.jccal.org,33.526048,-086.891312
City of Moorhead,Moorhead Wastewater Treatment Facility,Moorhead,MN,22132,20000,0,3,1500,wet-well / inflow detention (inferred),1,0,6,True,,100000067839,www.ci.moorhead.mn.us,46.895513,-96.738229
Genesee County Division of Water Waste,Anthony Ragnone Wastewater Treatment Plant,Montrose,MI,22132,20000,16000,3,1500,wet-well / inflow detention (inferred),2,1,14,True,,100000078471,www.gcdcwws.com,43.191389,-083.864722
Monterey One Water,Monterey One Water Treatment Plant,Marina,CA,22132,20000,0,3,1500,elevated storage network (inferred),0,0,8,True,,100000120727,http://www.montereyonewater.org/,36.706389,-121.773056
New Castle Sanitation Authority,New Castle Wastewater Treatment Plant,New Castle,PA,22132,20000,0,2,1500,wet-well / inflow detention (inferred),0,0,6,True,,100000123626,,40.967778,-80.384444
Huntington Sanitary Board,Huntington Sanitary Board Wastewater Treatment Plt,Huntington,WV,22132,20000,0,2,1500,wet-well / inflow detention (inferred),0,0,6,True,,100000129728,huntingtonsb.com,38.404444,-082.529278
HARFORD COUNTY GOVERNMENT,SOD RUN WASTEWATER TREATMENT PLANT,PERRYMAN,MD,22132,20000,0,3,1500,wet-well / inflow detention (inferred),0,0,6,True,,100000132741,,39.426181,-076.221057
Water Treatment Plant Manager,City of Poway Lester J. Berglund - Water Treatment,Poway,CA,22131,19000,46000,3,1500,elevated storage network (inferred),0,0,9,True,,100000035142,www.poway.org,33.006056,-117.016525
City of Seguin,Seguin Water Plant,Seguin,TX,22131,8000,0,3,500,elevated storage network (inferred),0,0,5,True,,100000018198,www.seguintexas.gov,29.552115,-97.970724
City of Seguin,Geronimo Creek Wastewater Treatment Plant,Seguin,TX,22132,4000,0,3,500,wet-well / inflow detention (inferred),0,0,6,True,,100000027026,www.seguintexas.gov,29.551601,-097.917376
City of Seguin,Walnut Branch Wastewater Treatment Plant,Seguin,TX,22132,6000,0,3,500,wet-well / inflow detention (inferred),0,0,8,True,,100000027062,www.seguintexas.gov,29.560633,-097.964519
City Of Perry,Mason H. Kelley Water Treatment Plant,Perry,FL,22131,8000,0,3,500,elevated storage network (inferred),0,0,7,True,,100000020997,cityofperry.net,30.116667,-083.583333
City Of Perry,Perry Water Works Water Treatment Plant,Perry,FL,22131,6000,0,3,500,elevated storage network (inferred),0,0,4,True,,100000021736,,30.116667,-083.583333
City Of Perry,City of Perry Water Pollution Control Plant,Perry,GA,22132,4000,0,3,500,wet-well / inflow detention (inferred),0,0,5,True,,100000211665,www.perry-ga.gov,32.438953,-083.716819
Fort Collins Utilities,Fort Collins Water Treatment Facility,Fort Collins,CO,22131,18000,0,2,1500,elevated storage network (inferred),0,0,6,True,,100000043151,www.fcgov.com/utilities,40.591667,-105.155556
Centennial Water Sanitation District,Joseph B. Blake Water Treatment Plant,Highlands Ranch,CO,22131,18000,0,2,1500,elevated storage network (inferred),0,0,6,True,,100000044445,www.highlandsranch.org,39.559722,-105.019444
City of College Station Texas,Dowling Road Pump Station,College Station,TX,22131,18000,0,2,1500,elevated storage network (inferred),0,0,7,True,,100000060603,www.cstx.gov,30.583600,-096.331800
Finch Paper Holdings,Finch Paper LLC,Glens Falls,NY,22131,18000,360000,3,1500,elevated storage network (inferred),3,0,40,True,,100000109269,,43.306944,-073.641389
City of St Cloud,St. Cloud Water Treatment Facility,St. Cloud,MN,22131,18000,0,3,1500,elevated storage network (inferred),0,0,9,True,,100000146157,www.ci.stcloud.mn.us,45.570625,-094.165474
City of Bismarck,Bismarck Water Treatment Facility,Bismarck,ND,22131,18000,0,2,1500,elevated storage network (inferred),4,0,6,True,,100000154361,https://www.bismarcknd.gov/,46.814444,-100.819167
City of Toccoa,Water Treatment Facility,Toccoa,GA,22131,18000,0,2,1500,elevated storage network (inferred),0,0,7,True,,100000155538,www.cityoftoccoa.com,34.610067,-083.356772
Casitas Municipal Water District,Marion Walker Filtration Plant,Ventura,CA,22131,18000,0,3,1500,elevated storage network (inferred),0,0,6,True,,100000156699,,34.370278,-119.330556
Michigan City Department of Water Works,Michigan City Water Filtration Plant,Michigan City,IN,22131,18000,0,3,1500,elevated storage network (inferred),0,0,5,True,,100000168677,,41.724722,-086.901389
Duncan Water Treatment Plant,Duncan Water Treatment Plant,Duncan,OK,22131,18000,0,2,1500,elevated storage network (inferred),0,0,4,True,,100000171477,,34.514972,-97.892528
City of Bartlesville,City of Bartlesville Ted D. Lockin Water Tmt Plant,Bartlesville,OK,22131,18000,0,3,1500,elevated storage network (inferred),0,0,4,True,,100000198939,www.cityofbartlesville.org,36.780300,-96.006452
City of Sumter,Pocotaligo Wastewater Treatment Plant,Sumter,SC,22132,18000,0,3,1500,wet-well / inflow detention (inferred),0,0,15,True,,100000044999,,33.849791,-080.314895
City of Victoria,Victoria Regional Wastewater Treatment Plant,Victoria,TX,22132,18000,0,2,1500,wet-well / inflow detention (inferred),0,0,14,True,,100000047344,www.victoriatx.org,28.756666,-097.003609
City of Saginaw Michigan,City of Saginaw Wastewater Treatment Plant,Saginaw,MI,22132,18000,0,3,1500,wet-well / inflow detention (inferred),3,0,12,True,,100000061746,,43.463738,-83.9094927
Clarksburg Sanitary Board,Clarksburg Wastewater Treatment Plant,Clarksburg,WV,22132,18000,0,2,1500,wet-well / inflow detention (inferred),0,0,9,True,,100000093837,http://www.cityofclarksburgwv.com,39.300556,-080.354167
City of Brownwood,City of Brownwood Wastewater Treatment Plant,Brownwood,TX,22132,18000,0,2,1500,wet-well / inflow detention (inferred),0,0,12,True,,100000144248,,31.695271,-098.950093
Joint Regional Sewerage Board,Joint Regional Sewerage Board WWTP,West Haverstraw,NY,22132,17500,0,3,1500,wet-well / inflow detention (inferred),0,0,7,True,,100000195399,,41.213045,-073.974133
City of Midwest City Oklahoma,Midwest City Water Treatment Plant,Midwest City,OK,22131,16000,0,2,1500,elevated storage network (inferred),0,0,10,True,,100000016537,,35.443737,-097.340769
Utilities Commission City of New Smyrna Beach,Water Treatment Plant,New Smyrna Beach,FL,22131,16000,0,3,1500,elevated storage network (inferred),0,0,6,True,,100000018296,www.ucnsb.org,28.997200,-080.964753
Clarksburg Water Board,Clarksburg Water Board,Clarksburg,WV,22131,16000,0,2,1500,elevated storage network (inferred),1,0,8,True,,100000019874,www.clarksburgwater.com,39.269167,-080.352778
City of Pharr,Water Treatment Plant,Pharr,TX,22131,16000,0,2,1500,elevated storage network (inferred),0,0,8,True,,100000037541,,26.185556,-098.188056
City of Walla Walla,Mill Creek Water Treatment Plant,Walla Walla,WA,22131,16000,0,3,1500,elevated storage network (inferred),0,0,6,True,,100000041233,,46.087422,-118.255207
CarrollBoone Water District,Carroll-Boone Water District,Eureka Springs,AR,22131,16000,0,2,1500,elevated storage network (inferred),0,0,13,True,,100000041368,,36.411389,-093.837500
United Water Conservation District,El Rio Booster Plant,Oxnard,CA,22131,16000,0,3,1500,elevated storage network (inferred),0,0,7,True,,100000044007,www.unitedwater.org,34.241381,-119.152581
Morrisville Municipal Authority,Morrisville Water Filtration Plant,Yardley,PA,22131,16000,0,2,1500,elevated storage network (inferred),0,0,6,True,,100000049636,,40.221234,-074.785379
City of Midland Michigan,Midland Water Treatment Plant,Midland,MI,22131,16000,0,3,1500,elevated storage network (inferred),0,0,6,True,,100000052015,http://www.midland-mi.org,43.606111,-084.195000
San Patricio Municipal Water Dist,San Patricio Municipal Water District,Ingleside,TX,22131,16000,0,2,1500,elevated storage network (inferred),0,0,6,True,,100000056805,,27.896667,-097.246667
City of Calhoun,City of Calhoun WWTP,Calhoun,GA,22132,16000,0,2,1500,wet-well / inflow detention (inferred),0,0,12,True,,100000057653,,34.5054700,-084.958159
City of Hendersonville,City of Hendersonville Water Treatment Plant,Mills River,NC,22131,16000,0,3,1500,elevated storage network (inferred),0,0,6,True,,100000059456,,35.385527,-082.560467
Daniel Handrich,NCWD Williams Road Treatment Plant,Niagara Falls,NY,22131,16000,0,3,1500,elevated storage network (inferred),0,0,8,True,,100000059492,,43.073611,-078.939444
City of Fairmont,Fairmont Water Treatment Plant,Fairmont,WV,22131,16000,0,2,1500,elevated storage network (inferred),0,0,6,True,,100000059544,http://www.cityoffairmontutilities.org,39.458194,-080.135444
Water Facilities Authority Joint Power Agency,Agua de Lejos Treatment Plant,Upland,CA,22131,16000,0,3,1500,elevated storage network (inferred),0,0,6,True,,100000064066,,34.127224,-117.682183
City of Kalamazoo,Water Station #1,Kalamazoo,MI,22131,16000,0,3,1500,elevated storage network (inferred),0,0,6,True,,100000087149,www.kalamazoocity.org,42.277500,-085.585500
City of Lebanon Authority,City of Lebanon Authority Water Treatment Plant,Lebanon,PA,22131,16000,0,2,1500,elevated storage network (inferred),0,0,7,True,,100000091928,,40.399167,-076.463333
Williamsport Municipal Water Author,WMWA Filtration Plant,Williamsport,PA,22131,16000,0,2,1500,elevated storage network (inferred),0,0,6,True,,100000092188,www.wmwa-wsa.org,41.199389,-077.044278
CITY OF NATCHITOCHES,CITY OF NATCHITOCHES WATER TREATMENT PLANT,NATCHITOCHES,LA,22131,16000,0,2,1500,elevated storage network (inferred),0,0,4,True,,100000096521,WWW.NATCHITOCHESLA.GOV,31.445432,-093.081937
City of Fort Wayne,Three Rivers Filtration Plant,Fort Wayne,IN,22131,16000,0,3,1500,elevated storage network (inferred),0,0,6,True,,100000104898,cityoffortwayne.org,41.085457,-085.132199
Greer Commission of Public Works,Water Treatment Plant,Greer,SC,22131,16000,0,3,1500,elevated storage network (inferred),0,0,9,True,,100000117081,,34.976613,-082.245055
ButteSilver Bow Water Utility Division,Big Hole Water Treatment Facility,Divide,MT,22131,16000,0,3,1500,elevated storage network (inferred),0,0,5,True,,100000127908,http://www.bsb.mt.gov,45.878889,-112.685833
County of Brunswick,Highway 211 Water Treatment Plant,Southport,NC,22131,16000,0,3,1500,elevated storage network (inferred),0,0,6,True,,100000128104,,33.950000,-078.081722
Henry County Public Service Authority,Upper Smith River Water Filtration Plant,Bassett,VA,22131,16000,0,3,1500,elevated storage network (inferred),0,0,7,True,,100000128444,,36.784642,-080.005347
Steve Stone,Northwest Water Treatment Plant,Leland,NC,22131,16000,0,3,1500,elevated storage network (inferred),0,0,6,True,,100000128612,brunswickcountync.gov,34.303056,-078.099722
San Juan Water District,San Juan Water District,Granite Bay,CA,22131,16000,0,3,1500,elevated storage network (inferred),0,0,6,True,,100000129504,9935 AUBURN FOLSOM RD,38.714908,-121.173597
Ute Water Conservancy District,Ute Water Treatment Plant,Palisade,CO,22131,16000,0,2,1500,elevated storage network (inferred),0,0,6,True,,100000156476,utewater.org,39.132618,-108.305979
City of Snyder Texas,W. H. Bigham Water Treatment Plant,Snyder,TX,22131,16000,18680,2,1500,elevated storage network (inferred),0,0,5,True,,100000162655,,32.70976,-100.91121
Fayette County Water System,Crosstown Water Treatment Plant,Peachtree City,GA,22131,16000,0,2,1500,elevated storage network (inferred),0,0,5,True,,100000168588,,33.365937,-084.575620
Southmost Regional Water Authority,Reverse Osmosis Water Treatment Facility,Brownsville,TX,22131,16000,0,2,1500,elevated storage network (inferred),0,0,6,True,,100000185961,,26.022973,-097.499678
City of Salem Virginia,Salem Water Treatment Plant,Salem,VA,22131,16000,0,3,1500,elevated storage network (inferred),0,0,5,True,,100000190946,http://www.salemva.gov/,37.287500,-080.079167
Wilson Water Treatment Plant,City of Groves,Groves,TX,22131,16000,0,2,1500,elevated storage network (inferred),0,0,4,True,,100000199457,http://www.cigrovestx.com,29.960351,-93.921136
City of DeLand,DeLand Regional Water Reclamation Facility,DeLand,FL,22132,16000,0,3,1500,wet-well / inflow detention (inferred),0,0,12,True,,100000038906,www.deland.org,29.009000,-081.297904
City of Eden,"City of Eden, Mebane Bridge WWTP",Eden,NC,22132,16000,0,3,1500,wet-well / inflow detention (inferred),0,0,6,True,,100000048842,www.edennc.us,36.476583,-079.741639
Rockdale County Georgia,Quigg Branch Water Pollution Control Plant,Conyers,GA,22132,16000,0,3,1500,wet-well / inflow detention (inferred),0,0,9,True,,100000049672,www.esginc.net,33.677218,-083.961138
Fallbrook Public Utility District,Fallbrook Water Reclamation Plant,Fallbrook,CA,22131,16000,0,3,1500,wet-well / inflow detention (inferred),0,0,6,True,,100000123323,www.fpud.com,33.367127,-117.260217
City of Hanford,City of Hanford Wastewater Treatment Facility,Hanford,CA,22132,16000,0,3,1500,wet-well / inflow detention (inferred),0,0,6,True,,100000138255,www.cityofhanfordca.com,36.295265,-119.648178
City Of Yuba City,Yuba City Wastewater Treatment Facility,Yuba City,CA,22132,16000,0,3,1500,wet-well / inflow detention (inferred),0,0,6,True,,100000140144,,39.107500,-121.612278
City of Rochester,Rochester Water Reclamation Plant,Rochester,MN,22132,16000,0,3,1500,wet-well / inflow detention (inferred),0,0,6,True,,100000141848,www.rochestermn.gov,44.064437,-092.467369
JOINT WATER SEWER COMMISSION,Academy Creek Water Pollution Control Plant,Brunswick,GA,22132,16000,0,2,1500,wet-well / inflow detention (inferred),0,0,11,True,,100000145087,,31.167500,-081.503194
City of Temple Texas,Doshier Farm Wastewater Treatment Plant,Temple,TX,22132,16000,0,3,1500,wet-well / inflow detention (inferred),0,0,16,True,,100000153451,,31.078267,-097.318673
Dan A Defore,City of Winfield Municipal Water Plant,Winfield,KS,22131,14000,0,2,1500,elevated storage network (inferred),0,0,8,True,,100000007164,,37.266833,-096.968972
City of Cartersville,Clarence B. Walker Water Treatment Plant,Cartersville,GA,22131,14000,0,2,1500,elevated storage network (inferred),0,0,8,True,,100000022147,http://www.cityofcartersville.org/index.aspx?nid=26,34.154918,-84.754934
US Army,Fort Detrick,Frederick,MD,22132,14000,0,3,1500,wet-well / inflow detention (inferred),0,0,11,True,,100000066288,,39.443888,-077.392222
Village of Northbrook,Village of Northbrook Water Filtration Plant,Northbrook,IL,22131,14000,0,3,1500,elevated storage network (inferred),0,0,6,True,,100000083526,www.northbrook.il.us,42.140309,-087.799391
City of Oregon,City of Oregon Water Plant,Oregon,OH,22131,14000,0,3,1500,elevated storage network (inferred),0,0,6,True,,100000084062,,41.668889,-083.371943
City of Waukegen,City of Waukgen Water Treatment Plant,Waukegan,IL,22131,14000,0,3,1500,elevated storage network (inferred),0,0,5,True,,100000100277,www.waukeganil.gov,42.361806,-087.819500
Mr Alan Johnson,City of Danville Water Treatment Facility,Danville,VA,22131,14000,0,3,1500,elevated storage network (inferred),1,0,6,True,,100000114486,,36.576111,-079.434444
City of Alliance,Alliance Water Tr. Plant and Wastewater Tr. Plant,Alliance,OH,22131,14000,0,3,1500,wet-well / inflow detention (inferred),0,0,18,True,,100000156145,,40.955556,-081.117778
City of Duluth Public Works Utilities,Lakewood Water Treatment Plant,Duluth,MN,22131,14000,0,3,1500,elevated storage network (inferred),0,0,3,True,,100000158919,www.duluthmn.gov,46.8628732,-91.9601970
City of Hutchinson,Hutchinson Water Treatment Center,Hutchinson,KS,22131,14000,0,2,1500,elevated storage network (inferred),0,0,3,True,,100000206118,www.hutchgov.com,38.078972,-097.913694
City of Tolleson Wastewater Treatment Plant,City of Tolleson,Tolleson,AZ,22132,14000,0,3,1500,wet-well / inflow detention (inferred),1,0,5,True,,100000066563,https://www.tolleson.az.gov,33.430042,-112.262695
City of Liberal,City of Liberal Domestic Waste Treatment Plant,Liberal,KS,22132,14000,0,2,1500,wet-well / inflow detention (inferred),0,0,7,True,,100000070406,,37.056730,-100.902453
City of Buena Vista,City of Buena Vista Wastewater Treatment Plant,Buena Vista,VA,22132,14000,0,3,1500,wet-well / inflow detention (inferred),0,0,5,True,,100000209142,http://www.bvcity.org/,37.726669,-79.362751
Brick Township Mun Util Auth,Brick Township Municipal Utilities Authority,Brick,NJ,22131,12100,0,3,1500,elevated storage network (inferred),0,0,13,True,,100000069748,www.brickmua.com,40.076785,-074.141692
Oklahoma Ordnance Works Authority,MidAmerica Industrial Park Water Plant,Pryor,OK,22131,12045,0,3,1500,elevated storage network (inferred),1,0,7,True,,100000066395,www.maip.com,36.238479,-095.274015
City of Springfield Ohio,Water Treatment Plant,Springfield,OH,22131,12000,0,3,1500,elevated storage network (inferred),1,0,7,True,,100000008243,www.springfieldohio.gov,39.973611,-083.807500
Town of Normal,Town of Normal (Water Department),Normal,IL,22131,12000,0,2,1500,elevated storage network (inferred),2,0,6,True,,100000019044,http://www.normal.org,40.511163,-088.983337
City of Greenville Texas,City of Greenville Water Treatment Plant,Greenville,TX,22131,12000,15000,2,1500,elevated storage network (inferred),1,0,8,True,,100000024564,,33.156234,-96.110859
Benton Utilities,Benton Water Treatment Plant,Benton,AR,22131,12000,0,2,1500,elevated storage network (inferred),0,0,9,True,,100000028472,,34.567937,-092.601577
Soldier Canyon Water Treatment Authority,Solider Canyon Filter Plant,Fort Collins,CO,22131,12000,0,2,1500,elevated storage network (inferred),0,0,8,True,,100000030432,https://soldiercanyon.com/,40.593284,-105.160362
Corbin City Utilities Commission,Water Treatment Plant,Corbin,KY,22131,12000,0,3,1500,elevated storage network (inferred),0,0,10,True,,100000032118,,36.957027,-84.112907
Fountain Valley Authority,Fountain Valley Authority Water Treatment Plant,Fountain,CO,22131,12000,0,2,1500,elevated storage network (inferred),0,0,11,True,,100000034786,http://www.csu.org,38.64026,-104.70374
CITY OF KIRKSVILLE,KIRKSVILLE WATER TREATMENT PLANT,KIRKSVILLE,MO,22131,12000,0,2,1500,elevated storage network (inferred),0,0,6,True,,100000041732,201 n. franklin,40.214444,-092.606667
Shelbyville Power Water Sewerage System,Shelbyville Water Plant,Shelbyville,TN,22131,12000,0,3,1500,elevated storage network (inferred),0,0,7,True,,100000042526,http://www.shelbyvillepower.com,35.475278,-086.458611
Barry Turner,Cookeville Water Treatment Plant,Baxter,TN,22131,12000,0,3,1500,elevated storage network (inferred),0,0,6,True,,100000055478,,36.076173,-085.678320
City of Bryan,Well Field Pump Station,Bryan,TX,22131,12000,0,2,1500,elevated storage network (inferred),0,0,7,True,,100000060845,http://www.bryantx.gov,30.713739,-96.409336
Edmond Public Works Authority,Arcadia Lake Water Treatment Plan,Arcadia,OK,22131,12000,0,2,1500,elevated storage network (inferred),0,0,8,True,,100000093418,www.edmondok.gov,35.643911,-097.356356
City of Rome,City of Rome Water Filtration Plant,Lee Center,NY,22131,12000,0,3,1500,elevated storage network (inferred),2,0,6,True,,100000099127,,43.302939,-075.483077
City of Stillwater,Stillwater Water Treatment Plant,Stillwater,OK,22131,12000,0,2,1500,elevated storage network (inferred),0,0,6,True,,100000102685,,36.204114,-97.072950
Shawnee Municipal AuthCity of Shawnee Beneficiary,Shawnee Municipal Authority Water Treatment Plant,Shawnee,OK,22131,12000,0,3,1500,elevated storage network (inferred),0,0,6,True,,100000103531,,35.319669,-096.929580
Bella Vista Water District,Wintu Pumping Plant,Redding,CA,22131,12000,0,3,1500,elevated storage network (inferred),0,0,6,True,,100000105423,www.bvwd.org,40.592863,-122.369684
Brazos Regional Public Utility Agency PUA,Surface Water Advanced Treatment System,Granbury,TX,22131,12000,0,2,1500,elevated storage network (inferred),0,0,18,True,,100000108162,,32.416644,-097.665630
City of Altus,Altus Water Treatment Plant,Altus,OK,22131,12000,0,2,1500,elevated storage network (inferred),0,0,6,True,,100000110756,,34.653106,-099.331556
City Of Okmulgee,Okmulgee Water Treatment Plant,Okmulgee,OK,22131,12000,0,2,1500,elevated storage network (inferred),1,0,4,True,,100000114761,,35.622886,-96.007662
City of Del City,City of Del City Water Treatment Plant,Del City,OK,22131,12000,0,3,1500,elevated storage network (inferred),0,0,7,True,,100000135837,,35.421210,-97.434563
City of Mitchell South Dakota,City of Mitchell Water Treatment Facility,Mitchell,SD,22131,12000,0,2,1500,elevated storage network (inferred),0,0,6,True,,100000141651,www.cityofmitchell.org,43.737200,-098.025100
City of Pittsburg,"Pittsburg, Kansas Water Treatment Plant",Pittsburg,KS,22131,12000,0,2,1500,elevated storage network (inferred),0,0,6,True,,100000141679,www.pittks.org,37.402677,-094.670546
Lakway Municipal Utility District,Lakeway MUD WTP W-3,Lakeway,TX,22131,12000,0,2,1500,elevated storage network (inferred),0,0,6,True,,100000142473,,30.359907,-098.002719
CITY OF THIBODAUX,THIBODAUX WATER PLANT,THIBODAUX,LA,22131,12000,0,2,1500,elevated storage network (inferred),0,0,4,True,,100000147049,,29.798889,-90.809167
City of Terrell,Kings Creek Wastewater Treatment Plant,Terrell,TX,22131,12000,0,2,1500,wet-well / inflow detention (inferred),0,0,7,True,,100000147076,,32.685728,-96.275044
City of Junction City,Junction City Water Treatment Plant,Junction City,KS,22131,12000,0,3,1500,elevated storage network (inferred),0,0,6,True,,100000147281,,39.04587,-096.83761
City of Cape Girardeau,Cape Rock Treatment Plant #1,Cape Girardeau,MO,22131,12000,0,3,1500,elevated storage network (inferred),0,0,8,True,,100000148155,www.alliancewater.com,37.327500,-089.500028
City of Jackson,City of Jackson Water Treatment Plant,Jackson,MI,22131,12000,0,3,1500,elevated storage network (inferred),0,0,9,True,,100000153344,,42.229740,-084.387152
City of El Dorado,City of El Dorado Water Treatment Facility,El Dorado,KS,22131,12000,0,2,1500,elevated storage network (inferred),0,0,8,True,,100000155618,www.eldoks.com,37.810556,-096.845000
City of Redlands,Henry Tate Water Treatment Plant,Mentone,CA,22131,12000,0,3,1500,elevated storage network (inferred),1,1,7,True,,100000162138,www.ci.redlands.ca.us,34.073020,-117.07465
City of Avon Lake,Water Filtration Plant,Avon Lake,OH,22131,12000,0,3,1500,elevated storage network (inferred),0,0,8,True,,100000163226,www.avonlakewater.org,41.506257,-082.044836
Guadalupe Blanco River Arthority,San Marcos Water Treatment Plant,San Marcos,TX,22131,12000,0,2,1500,elevated storage network (inferred),0,0,6,True,,100000168962,www.gbra.org,29.880611,-97.892336
ShertzSeguin Local Government,Schertz/Seguin Water Treatment Plant,Rural Gonzales Co.,TX,22131,12000,0,2,1500,elevated storage network (inferred),0,0,5,True,,100000175106,,29.346996,-097.778663
Stanton Clean Energy,Stanton Clean Energy,Orlando,FL,22131,12000,80789,3,1500,elevated storage network (inferred),0,0,12,True,,100000182713,,28.487778,-081.166667
Winchester Utility System,Winchester Water Treatment Plant,Winchester,TN,22131,12000,0,3,1500,elevated storage network (inferred),0,0,5,True,,100000194835,,35.214424,-086.152768
Lake Havasu City,Lake Havasu City Public Works Department,Lake Havasu City,AZ,22131,12000,0,3,1500,elevated storage network (inferred),0,0,4,True,,100000195727,www.lhcaz.gov,34.49887,-114.359459
City of Calexico,Calexico Water Treatment Plant,Calexico,CA,22131,12000,0,3,1500,elevated storage network (inferred),0,0,5,True,,100000198868,www.calexico.ca.gov,32.671111,-115.504722
West Wilson Utility District,West Wilson Utility District,Mount Juliet,TN,22131,12000,0,3,1500,elevated storage network (inferred),0,0,4,True,,100000198984,westwilsonutililty.com,36.275472,-086.556588
Zapata County Water Works,Water Treatment Plant,Zapata,TX,22131,12000,0,2,1500,elevated storage network (inferred),0,0,3,True,,100000212263,,26.903479,-99.272240
City of Elizabethtown,Valley Creek Wastewater Treatment Plant,Elizabethtown,KY,22132,12000,0,3,1500,wet-well / inflow detention (inferred),0,0,12,True,,100000022913,,37.643851,-085.905112
City of Greenwood MS,"City of Greenwood, MS - Wastewater Treatment Plant",Greenwood,MS,22132,12000,0,2,1500,wet-well / inflow detention (inferred),1,0,7,True,,100000044301,,33.517000,-090.166700
City of Cumberland,John J. DiFonzo Water Reclamation Facility,Cumberland,MD,22132,12000,0,3,1500,wet-well / inflow detention (inferred),2,0,11,True,,100000046675,www.ci.cumberland.md.us,39.625006,-078.756036
City of Tupelo,Tupelo Wastewater Treatment Branch,Tupelo,MS,22132,12000,0,3,1500,wet-well / inflow detention (inferred),0,0,16,True,,100000049878,www.esginc.net,34.227083,-088.698596
Williamsport Sanitary Authority,Williamsport Sanitary Authority - Central Plant,Williamsport,PA,22132,12000,0,2,1500,wet-well / inflow detention (inferred),0,0,6,True,,100000051757,www.wmwa-wsa.org,41.244722,-076.989444
Clear Lake City Water Authority,Robert T. Savely Water Reclamation Facility,Houston,TX,22132,12000,0,2,1500,wet-well / inflow detention (inferred),1,1,7,True,,100000053283,,29.578500,-095.088333
Fort Bend WC&ID No2,FBC WCID No. 2 Wastewater Treatment Plant,Stafford,TX,22132,12000,0,3,1500,wet-well / inflow detention (inferred),0,0,4,True,,100000080752,,29.60467,-95.55474
Borough of Hanover,Hanover Regional Wastewater Treatment Facility,McSherrystown,PA,22132,12000,0,2,1500,wet-well / inflow detention (inferred),0,0,12,True,,100000081797,http://www.hanoverboroughyorkcountypa.info/,39.8042,-077.0306
Manitowoc Public Utilities,Manitowoc Public Utilities - WWTP,Manitowoc,WI,22132,12000,0,3,1500,wet-well / inflow detention (inferred),0,0,6,True,,100000083241,,44.087889,-087.650806
City of West Monroe,City of West Monroe Wastewater Treatment Plant,West Monroe,LA,22132,12000,0,2,1500,wet-well / inflow detention (inferred),1,0,5,True,,100000087425,,32.457528,-92.152694
Sewerage Commission Oroville Region,Sewerage Commission - Oroville Region,Oroville,CA,22132,12000,0,3,1500,wet-well / inflow detention (inferred),0,0,7,True,,100000107001,2880 South 5th Ave,39.487000,-121.564639
Cedar City,Cedar City Regional Wastewater Treatment Facility,Cedar City,UT,22132,12000,0,3,1500,wet-well / inflow detention (inferred),0,0,7,True,,100000115181,www.cedarcity.org,37.810773,-113.089265
Robert Neal Jackson,Jamestown Wastewater Treatment Plant,Jamestown,KY,22132,12000,0,3,1500,wet-well / inflow detention (inferred),0,0,8,True,,100000116929,,37.019110,-085.044610
City of South Houston,City of South Houston Wastewater Treatment Plant,South Houston,TX,22132,12000,0,2,1500,wet-well / inflow detention (inferred),0,0,13,True,,100000122789,,29.669721,-095.235558
City of Gretna LA,City of Gretna Wastewater Treatment Plant,Gretna,LA,22132,12000,0,2,1500,wet-well / inflow detention (inferred),0,0,6,True,,100000125848,,29.929849,-090.045659
City of Pasadena Texas,Golden Acres Wastewater Treatment Plant,Pasadena,TX,22132,12000,0,3,1500,wet-well / inflow detention (inferred),1,0,9,True,,100000129737,2501 NW 158th Street,29.6639,-095.142499
City of La Porte,Little Cedar Bayou Wastewater Treatment Facility,La Porte,TX,56221,12000,0,2,1500,wet-well / inflow detention (inferred),0,0,7,True,,100000136319,,29.64986,-095.023159
Springdale Water Utilities,Wastewater Treatment Plant,Springdale,AR,22132,12000,0,2,1500,wet-well / inflow detention (inferred),0,0,10,True,,100000145979,,36.211498,-094.163378
City of New Iberia,Highway 14 Wastewater Treatment Plant,New Iberia,LA,22132,12000,0,2,1500,wet-well / inflow detention (inferred),0,0,8,True,,100000197752,,29.991639,-091.846972
Linda County Water District,Linda County Water District,Olivehurst,CA,22132,12000,0,3,1500,elevated storage network (inferred),0,0,5,True,,100000200472,,39.095556,-121.584167
Broad Creek Public Service District,Broad Creek Public Service District,Hilton Head Island,SC,22132,11750,0,3,1500,wet-well / inflow detention (inferred),2,0,8,True,,100000143757,www.bcpsd.com,32.176944,-080.734722
City of Alturas,City of Alturas Wastewater Treatment Plant,Alturas,CA,22132,11000,0,1,1500,wet-well / inflow detention (inferred),0,0,12,True,,100000153148,,41.473306,-120.558028
CIty of Chanute,City of Chanute Water Treatment Plant,Chanute,KS,22131,10250,0,2,1500,elevated storage network (inferred),0,0,5,True,,100000138086,,37.671944,-095.442778
Humboldt Bay Municipal Water District HBMWD,Essex Control Center,Arcata,CA,22131,10150,0,3,1500,elevated storage network (inferred),0,0,6,True,,100000127141,http://www.hbmwd.com/,40.906944,-124.054722
Western Berks Water Authority,Western Berks Water Authority,Sinking Spring,PA,22131,10000,0,2,1500,elevated storage network (inferred),0,0,5,True,,100000007048,www.wbwa.org,40.368056,-076.023056
Bluebonnet Water Supply,Bluebonnet Water Supply Corporation WTP,Temple,TX,22131,10000,0,3,1500,elevated storage network (inferred),0,0,6,True,,100000009402,,31.196781,-097.458638
Aquilla Water Supply District,Aquilla Water Supply District,Hillsboro,TX,22131,10000,2000,2,1500,elevated storage network (inferred),0,0,8,True,,100000029505,,31.921111,-097.175000
City of Flagstaff,Lake Mary Water Treatment Plant,Flagstaff,AZ,22131,10000,0,3,1500,elevated storage network (inferred),0,0,11,True,,100000036276,www.flagstaff.az.gov,35.150414,-111.651786
Cheyenne Board of Public Utilities,Sherard Water Treatment Plant,Cheyenne,WY,22131,10000,0,3,1500,elevated storage network (inferred),2,1,6,True,,100000037355,,41.137139,-104.942167
Otay Water District,Ralph W. Chapman Water Recycling Facility,Spring Valley,CA,22131,10000,0,3,1500,elevated storage network (inferred),0,0,9,True,,100000037382,www.otaywater.gov,32.728345,-116.946500
City of Hays Kansas,City of Hays Water Softening Plant,Hays,KS,22131,10000,0,2,1500,elevated storage network (inferred),0,0,9,True,,100000043277,,38.867150,-099.317600
City of Bowie,Bowie Water Treatment Plant,Bowie,TX,22131,10000,0,2,1500,elevated storage network (inferred),0,0,5,True,,100000067027,,33.534722,-97.847611
City of Coshocton,Coshocton Water Treatment Plant,Coshocton,OH,325181,10000,0,3,1500,elevated storage network (inferred),0,0,8,True,,100000067223,www.cityofcoshocton.com,40.270000,-081.871667
James Morrison,Poteau Valley Improvement Authority,Wister,OK,22131,10000,0,3,1500,elevated storage network (inferred),1,0,7,True,,100000074812,,34.95182,-94.92855
City of LaGrange,Walter D. Williams Water Filter Plant,LaGrange,GA,22131,10000,0,2,1500,elevated storage network (inferred),1,0,8,True,,100000076598,www.lagrangega.org,33.064528,-085.092111
City of Cloquet,Pump Station No. 2,Duluth,MN,22131,10000,0,3,1500,elevated storage network (inferred),0,0,5,True,,100000076669,,46.721624,-92.206329
City of Gretna,City of Gretna Water Treatment Plant,Gretna,LA,22131,10000,0,2,1500,elevated storage network (inferred),0,0,6,True,,100000082411,,29.918250,-090.058167
Town of Wilkesboro,Water Filtration Plant,Wilkesboro,NC,22131,10000,0,3,1500,elevated storage network (inferred),0,0,7,True,,100000082965,,36.142131,-081.171676
Department of Public Works,St. Bernard Parish Water Treatment Plant,Chalmette,LA,22131,10000,0,3,1500,elevated storage network (inferred),0,0,6,True,,100000083857,,29.932051,-089.956876
Southwestern PA Water Authority,Southwestern Pennsylvania Water Authority - WTP,Rices Landing,PA,22131,10000,0,2,1500,elevated storage network (inferred),0,0,6,True,,100000093481,spwawater.com,39.944167,-79.951028
City of Griffin,Simmons Water Treatment Plant,Griffin,GA,22131,10000,0,2,1500,elevated storage network (inferred),0,0,6,True,,100000105049,PO Box T,33.250833,-084.288000
City of Northport,Northport Water Treatment Plant,Northport,AL,22131,10000,0,2,1500,elevated storage network (inferred),0,0,6,True,,100000108386,cityofnorthport.org,33.325278,-087.576944
City of Benicia,Benicia Water Treatment Plant,Benicia,CA,22131,10000,0,3,1500,elevated storage network (inferred),0,0,6,True,,100000112497,www.benicia.ci.ca.us,38.100750,-122.162333
City of Bend,City of Bend Water Supply Contact Time Basin,Bend,OR,22131,10000,0,3,1500,elevated storage network (inferred),0,0,7,True,,100000113566,,44.053529,-121.393362
City of Lakeville,Water Treatment Facility,Lakeville,MN,99999,10000,0,3,1500,elevated storage network (inferred),0,0,4,True,,100000134384,www.lakevillemn.gov,44.682953,-93.256248
City of Bardstown,Bardstown Water Treatment Plant,Bardstown,KY,22131,10000,0,3,1500,elevated storage network (inferred),0,0,7,True,,100000137489,www.cityofbardstown.org,37.805414,-085.507668
Undine Group,Port Lavaca Water Treatment Plant,Port Lavaca,TX,22131,10000,0,3,1500,elevated storage network (inferred),0,0,6,True,,100000154708,,28.556406,-096.621825
SHELBYVILLE MUNICIPAL WATER & SEWER COMMISSION,SHELBYVILLE WATER TREATMENT PLANT,SHELBYVILLE,KY,22131,10000,0,3,1500,elevated storage network (inferred),0,0,6,True,,100000155413,,38.206580,-085.158282
City of Galesburg,City of Galesburg - Oquawka Facility,Oquawka,IL,22131,10000,0,3,1500,elevated storage network (inferred),0,0,6,True,,100000157563,,40.919469,-090.951084
Randy Head,BEDFORD COUNTY UTILITY DISTRICT WATER TREATMENT,SHELBYVILLE,TN,22131,10000,0,3,1500,elevated storage network (inferred),0,0,6,True,,100000160773,,35.551400,-086.582100
City of Pulaski,Pulaski Water Treatment Plant,Pulaski,TN,22131,10000,0,3,1500,elevated storage network (inferred),0,0,6,True,,100000161763,,35.194470,-087.037440
NRV Regional Water Authority,NRV Regional Water Authority,Radford,VA,22131,10000,51000,3,1500,elevated storage network (inferred),0,0,7,True,,100000176506,www.nrvwater.org/,37.170833,-080.518889
BentonWashington Regional Public Water Authority,Water Treatment Plant,Rogers,AR,22131,10000,0,2,1500,elevated storage network (inferred),0,0,7,True,,100000179727,www.bwrpwa.com,36.398135,-94.0345087
West Jefferson County Municipal Water District,"WJCMWD, Water Treatment Plant",Beaumont,TX,22131,10000,0,2,1500,elevated storage network (inferred),0,0,4,True,,100000197761,,29.550900,-094.103500
City of Albany,Albany Water Treatment Plant,Albany,TX,22131,10000,0,2,1500,elevated storage network (inferred),0,0,3,True,,100000214476,,32.704987,-99.300850
Phenix City Utilities,Phenix City Wastewater Treatment Plant,Phenix City,AL,22132,10000,0,3,1500,wet-well / inflow detention (inferred),0,0,6,True,,100000006986,,32.431389,-084.966111
Medina County Board of Commissioners,Medina County - Liverpool WWTP (SD #500),Valley City,OH,22132,10000,0,3,1500,wet-well / inflow detention (inferred),3,0,10,True,,100000007226,https://www.medinaco.org/sanitary/,41.272000,-081.916743
Chelford City Municipal Utility District,Chelford City Regional Wastewater Treatment Plant,Houston,TX,22132,10000,0,3,1500,wet-well / inflow detention (inferred),0,0,7,True,,100000058402,sienv.com,29.707806,-095.651500
City of Austin,City of Austin Wastewater Treatment Facility,Austin,MN,22132,10000,0,3,1500,wet-well / inflow detention (inferred),0,0,5,True,,100000131788,www.ci.austin.mn.us,43.655556,-092.973611
City of Oakdale,City of Oakdale Treatment Plant,Oakdale,LA,22132,10000,0,2,1500,wet-well / inflow detention (inferred),0,0,6,True,,100000195371,,30.807778,-092.625556
City of Canton,Canton Northeast Water Treatment Plant,Canton,OH,22131,2500,0,3,500,elevated storage network (inferred),1,0,7,True,,100000139691,,40.826389,-081.346389
City of Canton,Canton Sugar Creek Water Treatment Plant,Strasburg,OH,22131,2500,0,3,500,elevated storage network (inferred),0,0,7,True,,100000140064,,40.641389,-081.540000
City of Canton,Canton Northwest Water Treatment Plant,Canton,OH,22131,2500,0,3,500,elevated storage network (inferred),0,0,7,True,,100000140849,,40.844167,-081.403611
KinkaidReeds Creek Conservancy District,Kinkaid Area Water System,Murphysboro,IL,22131,9000,0,2,1200,elevated storage network (inferred),0,0,6,True,,100000082661,,37.804833,-089.406028
MACKENZIE MUNICIPAL WATER AUTHORITY,MMWA TREATMENT PLANT,SILVERTON,TX,22131,8600,0,2,1200,elevated storage network (inferred),0,0,5,True,,100000034394,www.lakemackenzie.com,34.540833,-101.449444
City of Durant,City of Durant Water Treatment Plant,Armstrong,OK,92119,8000,0,2,1200,elevated storage network (inferred),0,0,6,True,,100000008261,,34.052528,-096.341528
City Of Holly Hill,Wastewater Treatment Plant,Holly Hill,FL,22131,8000,4500,2,1200,wet-well / inflow detention (inferred),0,0,17,True,,100000037177,,29.243436,-081.045773
City of Gonzales Texas,Gonzales Surface Water Treatment Plant,Gonzales,TX,22131,8000,0,2,1200,elevated storage network (inferred),0,0,9,True,,100000042562,www.cityofgonzales.org,29.497500,-097.454444
Borough of Tamaqua,Still Creek Water Treatment Plant,Tamaqua,PA,22131,8000,0,2,1200,elevated storage network (inferred),0,0,8,True,,100000044285,,40.842889,-076.001083
City of Ennis,City of Ennis Water Treatment Plant,Ennis,TX,22131,8000,4670,2,1200,elevated storage network (inferred),0,0,8,True,,100000047692,www.ennistx.gov,32.274366,-96.645282
Lower Bucks County Joint Municipal Authority,Water Filtration Plant,Tullytown,PA,22131,8000,0,2,1200,elevated storage network (inferred),0,0,6,True,,100000047736,LBCJMA.com,40.132929,-074.819000
City of Greeley,Bellvue Water Treatment Plant,Bellvue,CO,22131,8000,0,2,1200,elevated storage network (inferred),0,0,8,True,,100000055753,www.greeleygov.com,40.656582,-105.194794
Jeremy King,City of Calhoun WTP,Calhoun,GA,22132,8000,0,2,1200,wet-well / inflow detention (inferred),0,0,9,True,,100000057555,www.cityofcalhoun-ga.com,34.518656,-084.952342
Auth of Borough of Charleroi,Authority of the Borough of Charleroi,Charleroi,PA,22131,8000,0,2,1200,elevated storage network (inferred),0,0,7,True,,100000072306,,40.133145,-79.891395
Pueblo West Metropolitan District,Pueblo West Water Treatment Plant,Pueblo West,CO,22131,8000,0,2,1200,elevated storage network (inferred),0,0,6,True,,100000079069,,38.316111,-104.741389
City of Marshall,Water Treatment Plant,Marshall,TX,22131,8000,0,2,1200,elevated storage network (inferred),0,0,7,True,,100000081582,www.marshalltexas.net,32.540601,-094.349903
City of Nashville Arkansas,Nashville Water Treatment Plant,Nashville,AR,22131,8000,0,2,1200,elevated storage network (inferred),0,0,6,True,,100000087345,www.nashar.org,33.958333,-93.844
Newnan Utilities,Hershall B. Norred Water Treatment Plant,Newnan,GA,22131,8000,0,2,1200,elevated storage network (inferred),0,0,6,True,,100000089986,www.newnanutilities.org,33.351306,-084.803639
Greater Johnstown Water Authority,Riverside Water Treatment Plant,"Johnstown, PA 15904",PA,22131,8000,0,2,1200,elevated storage network (inferred),0,0,6,True,,100000096228,www.gjwa.org,40.280154,-078.925150
City of Carthage Texas,City of Carthage Water Plant,Carthage,TX,22131,8000,0,2,1200,elevated storage network (inferred),0,0,5,True,,100000101917,www.carthagetexas.com,32.139222,-094.349361
City of Appleton,Appleton Water Filtration Plant,Appleton,WI,22131,8000,0,2,1200,elevated storage network (inferred),0,0,1,True,,100000104718,www.appleton.org,44.262222,-88.414167
City of Cedar Pak Texas,City of Cedar Park WTP,Leander,TX,22131,8000,0,2,1200,elevated storage network (inferred),0,0,7,True,,100000105842,http://www.cedarparktexas.gov,30.465556,-097.904444
City of Waxahachie,City of Waxahachie Surface Water Treatment Plant,Waxahachie,TX,22131,8000,0,2,1200,elevated storage network (inferred),1,0,6,True,,100000120709,www.waxahachie.com,32.369250,-096.845630
North Fayette County Municipal Authority,Water Filtration Plant A,Connellsville,PA,22131,8000,0,2,1200,elevated storage network (inferred),0,0,6,True,,100000130333,N/A,39.987306,-79.591486
Municipal Authority of City of New Kensington,H. Burns Smith Water Treatment Plant,New Kensington,PA,22131,8000,0,2,1200,elevated storage network (inferred),0,0,6,True,,100000136453,www.newkenwater.net,40.587385,-079.766150
Canadian River Muncipal Water Authority,Pumping Plant # 1,Sanford,TX,22131,8000,0,2,1200,elevated storage network (inferred),0,0,5,True,,100000150668,www.crmwa.com,35.710619,-101.546269
Erie Water Works,Chestnut Filtration Plant,Erie,PA,22131,8000,0,2,1200,elevated storage network (inferred),2,0,6,True,,100000152238,www.eriewater.org,42.0758,-80.0550
Little Thompson Water District,Carter Lake Filter Plant,Berthoud,CO,22131,8000,0,2,1200,elevated storage network (inferred),0,0,8,True,,100000153273,,40.323611,-105.206389
Assumption Parish WaterWorks Dis1,Assumption Parish Water Works District #1,Napoleonville,LA,22131,8000,0,2,1200,elevated storage network (inferred),0,0,6,True,,100000155627,www.apwwla.com,29.934639,-091.016000
City of Marlin,City of Marlin Water Treatment Plant,Marlin,TX,22131,8000,0,2,1200,elevated storage network (inferred),0,0,4,True,,100000172859,,31.333855,-96.857646
Town of Many,Many Water Treatment Plant,Many,LA,22131,8000,0,2,1200,elevated storage network (inferred),0,0,2,True,,100000175419,,31.502977,-93.617724
City of Victoria Texas,City of Victoria Surface Water Treatment Plant,Victoria,TX,22131,8000,43800,2,1200,elevated storage network (inferred),1,0,10,True,,100000175464,,28.822721,-097.013420
Five Star Water Supply District,Five Star Water Supply District,Wetumpka,AL,22131,8000,0,2,1200,elevated storage network (inferred),0,0,6,True,,100000175767,,32.590833,-086.291667
City of Coffeyville Kansas,"Coffeyville, Kansas Water Treatment Plant",Coffeyville,KS,22131,8000,0,2,1200,elevated storage network (inferred),0,0,5,True,,100000179317,www.coffeyville.com,37.061402,-095.636103
Lower Neches Valley Authority,West Regional Water Treatment Plant,Winnie,TX,22131,8000,0,2,1200,elevated storage network (inferred),0,0,5,True,,100000191026,,29.834371,-94.410106
City of Florence Wastewater Depart,Cypress Creek Wastewater Treatment Plant,Florence,AL,22132,8000,0,2,1200,wet-well / inflow detention (inferred),0,0,7,True,,100000006352,www.florenceutilities.com,34.784167,-087.701389
Ephrata Borough Authority,Ephrata Borough Wastewater Treatment Plant # 1,Ephrata,PA,22132,8000,0,2,1200,wet-well / inflow detention (inferred),0,0,7,True,,100000017661,,40.174587,-076.198855
Water & Sewer Board of City of Wetumpka,Wilako Wastewater Treatment Plant,Wetumpka,AL,22132,8000,4500,2,1200,wet-well / inflow detention (inferred),0,0,9,True,,100000029113,,32.522700,-086.220900
KRMA Board,Kankakee River Metropolitan Agency - KRMA,Kankakee,IL,22132,8000,0,2,1200,wet-well / inflow detention (inferred),0,0,7,True,,100000032822,www.krmawastewater.com,41.129722,-87.878889
Lake Forest Plant Advisory Council,Lake Forest Regional Wastewater Treatment Plant,Houston,TX,22132,8000,0,2,1200,wet-well / inflow detention (inferred),0,0,5,True,,100000038452,,29.9862,-095.57874
Carlisle Borough Sewer System Authority,Carlisle Region Water Pollution Control Facility,Carlisle,PA,22132,8000,0,2,1200,wet-well / inflow detention (inferred),0,0,6,True,,100000047647,http://carlislepa.org,40.237222,-077.146389
Lower Bucks Joint Municipal Authority,Wastewater Treatment Plant,Levittown,PA,22132,8000,0,2,1200,wet-well / inflow detention (inferred),0,0,6,True,,100000047665,LBCJMA.com,40.132385,-074.827408
Town of Selbyville,Town of Selbyville Wastewater Treatment Facility,Selbyville,DE,22132,8000,0,2,1200,wet-well / inflow detention (inferred),0,0,6,True,,100000060275,,38.471333,-075.218500
Mun San Auth of New Kensington,Mun. Sanitary Auth. of the City of New Kensington,New Kensington,PA,22132,8000,0,2,1200,wet-well / inflow detention (inferred),0,0,6,True,,100000090019,,40.552222,-079.758611
Wards 5&8 Joint Sewerage Commission,Wards 5 & 8 Joint Sewerage Commision,Patterson,LA,22132,8000,0,2,1200,wet-well / inflow detention (inferred),0,0,5,True,,100000100561,,29.654790,-091.291700
City of Bay City,City of Bay City Water Reclamation Facility,Bay City,TX,22132,8000,0,2,1200,wet-well / inflow detention (inferred),0,0,10,True,,100000116885,,28.955728,-95.958033
City of Groves,Gulf Coast Water Reclamation Center,Port Arthur,TX,22132,8000,0,2,1200,wet-well / inflow detention (inferred),0,0,10,True,,100000118794,,29.940243,-93.885660
City of Coeur dAlene Idaho,Coeur d'Alene Advanced Wastewater Treatment Plant,Coeur d'Alene,ID,22132,8000,0,2,1200,wet-well / inflow detention (inferred),0,0,6,True,,100000145513,http://www.cdaid.org/wastewater,47.681722,-116.796056
LLVSA,Lower Lackawanna Valley Sanitary Authority,Duryea,PA,22132,8000,0,2,1200,wet-well / inflow detention (inferred),0,0,7,True,,100000153371,,41.349722,-075.783056
City of Carthage,City of Carthage Wastewater Treatment Plant,Carthage,TX,22132,8000,0,2,1200,wet-well / inflow detention (inferred),0,0,4,True,,100000190107,,32.158611,-094.291944
City of New Roads,New Roads Wastewater Treatment Plant,New Roads,LA,22132,8000,0,2,1200,wet-well / inflow detention (inferred),0,0,1,True,,100000190152,,30.715833,-091.427500
City of Buda,Buda Wastewater Treatment Plant,Buda,TX,22132,8000,0,2,1200,wet-well / inflow detention (inferred),0,0,6,True,,100000196904,www.gbra.org,30.088730,-097.842264
North Central Texas Municipal Water Authority,North Central Texas Municipal Water Authority WTP,Seymour,TX,22131,7800,0,2,1200,elevated storage network (inferred),0,0,6,True,,100000158394,,33.413056,-099.401389
City of Starkville,Starkville Wastewater Treatment Facility,Starkville,MS,22132,7000,0,2,1200,wet-well / inflow detention (inferred),0,0,6,True,,100000115154,,33.415389,-088.825778
Mun Auth of Bourough of Oakmont,Hulton Treatment Plant,Oakmont,PA,22131,6600,0,2,1200,elevated storage network (inferred),0,0,6,True,,100000154995,,40.521500,-79.833700
City of Cameron,Cameron Municipal Water Treatment Plant,Cameron,MO,22131,6000,0,2,1200,elevated storage network (inferred),0,0,6,True,,100000004452,,39.746834,-094.252470
Nebraska City Utilities,Nebraska City Water Treatment Plant,Nebraska City,NE,22131,6000,0,2,1200,elevated storage network (inferred),0,0,7,True,,100000015627,www.nebraskacityutilities.com,40.680579,-095.848320
City of Williston,Williston Water Treatment Plant,Williston,ND,22131,6000,0,2,1200,elevated storage network (inferred),0,0,5,True,,100000031208,www.cityofwilliston.com,48.064600,-103.430300
Walt Sears Jr,Northeast Texas Municipal Water District Tanner,Avinger,TX,22131,6000,0,2,1200,elevated storage network (inferred),0,0,5,True,,100000034937,netmwd.com,32.949844,-094.47101
City of Chillicothe,Chillicothe Municipal Utilities,Chillicothe,MO,22131,6000,0,2,1200,elevated storage network (inferred),0,0,6,True,,100000039326,https://cmuchillicothe.com/,39.783889,-093.561111
City of Nederland,Water Treatment Plant,Nederland,TX,22131,6000,0,2,1200,elevated storage network (inferred),0,0,7,True,,100000041661,,29.981068,-94.006363
Weirton Area Water Board,Weirton Area Water Board,Weirton,WV,22131,6000,0,2,1200,elevated storage network (inferred),0,0,6,True,,100000055851,,40.389167,-080.629167
City of Gardner Kansas,"City of Gardner, Hillsdale Water Treatment Plant",Spring Hill,KS,22131,6000,0,2,1200,elevated storage network (inferred),3,0,6,True,,100000076062,www.gardnerkansas.gov,38.716032,-094.904784
Magnolia Municipal Water System,Sterling Lacy Water Purification Plant,Magnolia,AR,22131,6000,0,2,1200,elevated storage network (inferred),0,0,6,True,,100000090144,,33.283696,-093.257790
City of Wellington KS,"City of Wellington, KS Water Treatment Plant",Wellington,KS,22131,6000,0,2,1200,elevated storage network (inferred),0,0,5,True,,100000098262,www.cityofwellington.net,37.208333,-097.533333
City of Breckenridge,"Breckenridge, Texas Water Treatment Plant",Breckenridge,TX,22131,6000,0,2,1200,elevated storage network (inferred),0,0,6,True,,100000113496,,32.750093,-098.901583
City of Waldron,Water Treatment Plant,Waldron,AR,22131,6000,0,2,1200,elevated storage network (inferred),2,0,6,True,,100000113888,,34.922442,-94.094568
White River Mun Water District,White River M.W.D. Water Treatment Plant,Spur,TX,22131,6000,0,2,1200,elevated storage network (inferred),0,0,6,True,,100000119329,,33.455953,-101.092517
Batesville water Utilities,Batesville Water Treatment Plant,Batesville,AR,22131,6000,0,2,1200,elevated storage network (inferred),0,0,6,True,,100000124046,,35.760833,-091.636111
Guntersville Water Sewer Board,Sunset Water Treatment Facility,Guntersville,AL,22131,6000,0,2,1200,elevated storage network (inferred),0,0,5,True,,100000141312,,34.334000,-086.329900
City of Indianola,City Of Indianola Public Works Department,Indianola,MS,22132,6000,0,2,1200,wet-well / inflow detention (inferred),0,0,8,True,,100000145997,,33.466667,-090.616722
Butts County et al Water & Sewer Authority,Emerson L. Burford Water Treatment Plant,Jackson,GA,22131,6000,0,2,1200,elevated storage network (inferred),1,0,9,True,,100000150926,www.buttswsa.com,33.309165,-083.842240
City of Caon City,Cañon City Water Treatment Plant,Cañon City,CO,22131,6000,0,2,1200,elevated storage network (inferred),0,0,8,True,,100000153549,http://www.canoncity.org,38.439754,-105.259087
City of Elsa,City of Elsa Water Treatment Plant,Elsa,TX,22131,6000,0,2,1200,elevated storage network (inferred),0,0,2,True,,100000168917,,26.297325,-97.9995
City of Opelousas Water Department,City of Opelousas Water Treatment Plant,Opelousas,LA,22131,6000,0,2,1200,elevated storage network (inferred),0,0,6,True,,100000170021,,30.539049,-92.087795
City of Sand Springs,Water Treatment Plant,Sand Springs,OK,22131,6000,0,2,1200,elevated storage network (inferred),0,0,5,True,,100000172216,,36.133019,-096.114842
City of Coleman Texas,City of Coleman Water Treatment Plant,Coleman,TX,22131,6000,0,2,1200,elevated storage network (inferred),0,0,4,True,,100000181965,,31.830340,-099.438630
City of McComb,McComb Water Treatment Plant,McComb,MS,22131,6000,0,2,1200,elevated storage network (inferred),0,0,4,True,,100000195692,,31.247778,-090.450556
Treschwig Joint Powers Board,Treschwig Regional Wastewater Treatment Plant,Spring,TX,22132,6000,0,2,1200,wet-well / inflow detention (inferred),0,0,6,True,,100000038167,,30.0351138,-095.362508
City of Aberdeen Mississippi,Aberdeen East Lagoon Facility,Aberdeen,MS,22132,6000,0,2,1200,wet-well / inflow detention (inferred),0,0,5,True,,100000044748,,33.812121,-088.529295
City of Ennis Texas,City of Ennis Wastewater Treatment Plant,Ennis,TX,22132,6000,0,2,1200,wet-well / inflow detention (inferred),0,0,8,True,,100000055343,www.ennistx.gov,32.303553,-96.616897
Jasper Waterworks Sewer Board,Jasper Wastewater Treatment Plant,Jasper,AL,22132,6000,0,2,1200,wet-well / inflow detention (inferred),1,0,6,True,,100000067884,,33.813056,-087.268333
City of Westwego,City of Westwego's Wastewater Treatment Plant,Westwego,LA,22132,6000,0,2,1200,wet-well / inflow detention (inferred),0,0,5,True,,100000080967,,29.896389,-090.153889
City of Crockett,Northside Wastewater Treament Plant #1,Crockett,TX,22132,6000,0,2,1200,wet-well / inflow detention (inferred),0,0,5,True,,100000128836,200 N 5th Street,31.334167,-095.474167
Lumberton Municipal Utilities Distr,Lumberton Municipal Utility District,Lumberton,TX,22132,6000,0,2,1200,wet-well / inflow detention (inferred),0,0,7,True,,100000142767,http://lumbertonmud.com/,30.230472,-094.215889
City of Clute,Clute/Richwood Wastewater Treatment Facility,Clute,TX,22132,6000,0,2,1200,wet-well / inflow detention (inferred),0,0,6,True,,100000149412,,29.015170,-095.390092
City of Jasper,City of Jasper Wastewater Treatment Plant,Jasper,TX,22132,6000,0,2,1200,wet-well / inflow detention (inferred),0,0,7,True,,100000151435,www.jaspertx.org,30.914972,-094.010000
Harris FWSD No 51,Harris County Fresh Water Supply District No. 51,Channelview,TX,22132,6000,0,2,1200,elevated storage network (inferred),0,0,5,True,,100000185765,,29.792465,-095.158707
City of Ballinger,City of Ballinger Water Treatment Plant,Ballinger,TX,22131,5800,0,2,1200,elevated storage network (inferred),0,0,6,True,,100000156635,ballinger-tx.com,31.742170,-099.976420
City of Woodville,City of Woodville Wastewater Treatment Plant,Woodville,TX,22132,5200,0,2,1200,wet-well / inflow detention (inferred),0,0,5,True,,100000149822,N/A,30.767447,-94.411915
Project 7 Water Authority,Water Treatment Facility,Montrose,CO,22131,5000,0,2,1200,elevated storage network (inferred),0,0,7,True,,100000007173,www.Project7Water.org,38.488421,-107.798488
City of Morgantown,Morgantown Utility Board Water Treatment Plant,Morgantown,WV,22131,5000,0,2,1200,elevated storage network (inferred),0,0,5,True,,100000092696,www.mub.org,39.609556,-079.969750
Houston County WCID 1,Houston County WCID #1,Latexo,TX,22131,5000,0,2,1200,elevated storage network (inferred),0,0,6,True,,100000129176,,31.382341,-095.487051
City of Mabank,City of Mabank -  Water Treatment Plant,Gun Barrel City,TX,22131,4800,0,2,1200,elevated storage network (inferred),0,0,6,True,,100000131984,,32.332111,-096.150570
Benbrook Water Authority,Benbrook Water Authority Water Treatment Plant,Benbrook,TX,22131,4500,0,2,1200,elevated storage network (inferred),0,0,6,True,,100000144596,www.bwsa.org,32.672344,-097.436622
Utilities Board of Cityof Ozark,Ozark Southside WWTP,Ozark,AL,22132,4400,0,2,1200,wet-well / inflow detention (inferred),0,0,4,True,,100000208777,,31.388382,-85.609618
Washington Township Municipal Authority,Washington Township Municipal Authority WWTP,Waynesboro,PA,22132,4300,0,2,1200,wet-well / inflow detention (inferred),0,0,6,True,,100000051873,,39.726700,-077.591400
Magnolia Wastewater System,Magnolia Wastewater Treatment Plant,Magnolia,AR,22132,4150,0,2,1200,wet-well / inflow detention (inferred),0,0,10,True,,100000086033,,33.266400,-093.267416
City of Borger Texas,City of Borger Water Treatment Facility,Borger,TX,22131,4000,0,2,1200,elevated storage network (inferred),0,0,6,True,,100000006717,,35.645278,-101.396667
City of Emory,City of Emory Water Treatment Plant,Point,TX,22131,4000,43141,2,1200,elevated storage network (inferred),0,0,8,True,,100000040671,,32.884293,-095.935437
City of Buckhannon,Water Treatment Plant,Buckhannon,WV,22131,4000,0,2,1200,elevated storage network (inferred),1,1,7,True,,100000045578,173 Wood St,38.980469,-080.219817
Borough of Carlisle Municipal Authority,Borough of Carlisle Water Treatment Plant,Carlisle,PA,22131,4000,0,2,1200,elevated storage network (inferred),0,0,6,True,,100000047941,www.carlislepa.org,40.224444,-077.189167
Paragould Municipal Utilities Commission,Water Treatment Plant,Paragould,AR,22131,4000,0,2,1200,elevated storage network (inferred),0,0,6,True,,100000064529,www.paragould.com,36.059416,-90.480685
Borough of Huntingdon,Huntingdon Water Treatment Plant,Huntingdon,PA,22131,4000,0,2,1200,elevated storage network (inferred),0,0,5,True,,100000071726,,40.481111,-078.003333
Russellville Water Sewer Board,H.E. Neal III Water Filtration Plant,Russellville,AL,22131,4000,0,2,1200,elevated storage network (inferred),0,0,5,True,,100000074135,www.Russellvilleutilities.com,34.513556,-087.781778
City of Three Rivers,City of Three Rivers Drinking Water Treatment Plnt,Three Rivers,TX,22131,4000,0,2,1200,elevated storage network (inferred),0,0,6,True,,100000087292,,28.462445,-098.188387
City of Blair Nebraska,Blair Water Treatment Facility,Blair,NE,22131,4000,0,2,1200,elevated storage network (inferred),1,0,5,True,,100000114048,,41.552500,-096.101944
City of Mandan,Mandan Water Treatment Plant,Mandan,ND,22131,4000,0,2,1200,elevated storage network (inferred),0,0,6,True,,100000119944,www.cityofmandan.com,46.861972,-100.878716
Beaver Water District,Beaver Water District Water Treatment Facility,Lowell,AR,22131,4000,0,2,1200,elevated storage network (inferred),0,0,43,True,,100000124386,,36.253333,-094.105556
BY Rural Water District,B-Y Rural Water District,Tabor,SD,22131,4000,0,2,1200,elevated storage network (inferred),0,0,6,True,,100000127374,"31039 428th Street,",42.887755,-097.633973
Village of Parks,The Village of Parks Water Treatment Plant,Parks,LA,22131,4000,0,2,1200,elevated storage network (inferred),0,0,5,True,,100000134892,,30.213528,-091.833500
City of Lamar,"Water Treatment Plant, City of Lamar",Lamar,MO,22131,4000,0,2,1200,elevated storage network (inferred),0,0,6,True,,100000141893,,37.482717,-094.262761
Lakeway Municipal Utility District,Lakeway MUD - Reclaimed Water Storage Pond I-4,Lakeway,TX,22131,4000,0,2,1200,elevated storage network (inferred),0,0,6,True,,100000142437,,30.369665,-097.963358
WEB WATER DEVELOPMENT ASSOCIATION,WEB WATER PLANT,SELBY,SD,22131,4000,0,2,1200,elevated storage network (inferred),0,0,6,True,,100000149181,,45.43602,-100.22768
City of Ottawa Kansas,Ottawa Water Treatment Plant,Ottawa,KS,22131,4000,0,2,1200,elevated storage network (inferred),0,0,6,True,,100000155743,ottawaks.gov,38.613659,-095.280375
City of Kaplan,Kaplan Water Treatment Plant,Kaplan,LA,22131,4000,0,2,1200,elevated storage network (inferred),0,0,4,True,,100000161424,www.kaplanla.com,29.993817,-092.282074
City of Natchez,Natchez Water Treatment Plant,Natchez,MS,22131,4000,0,2,1200,elevated storage network (inferred),0,0,7,True,,100000162977,natchezwaterworks.com,31.583333,-091.333333
City of Rayne,City of Rayne Water Treatment Plant,Rayne,LA,22131,4000,0,2,1200,elevated storage network (inferred),2,0,5,True,,100000163164,rayne.org,30.234333,-092.272500
Canton Municipal Utilities,Tip H. Allen Water Treatment Plant,Canton,MS,22131,4000,0,2,1200,elevated storage network (inferred),0,0,5,True,,100000164788,www.cmu.com,32.616303,-90.016859
City of St Martinville,St. Martinville Water Treatment Plant,St. Martinville,LA,22131,4000,0,2,1200,elevated storage network (inferred),1,0,6,True,,100000165402,,30.156111,-091.901111
City of Ridgleand,Old Canton Road Well,Ridgeland,MS,22131,4000,0,2,1200,elevated storage network (inferred),0,0,6,True,,100000173563,,32.423056,-90.138056
City of Decatur Texas,Royce W. Simpson Water Treatment Plant,Decatur,TX,22131,4000,0,2,1200,elevated storage network (inferred),0,0,4,True,,100000188307,,33.233194,-097.622749
Canadian River Municipal Water Authority,Amarillo Chlorine Station,Amarillo,TX,22131,4000,0,2,1200,elevated storage network (inferred),0,0,4,True,,100000197814,,35.237136,-101.766492
City of Savannah Missouri,Savannah Drinking WTP,Amazonia,MO,22131,4000,0,2,1200,elevated storage network (inferred),0,0,3,True,,100000209099,402 Court Street,39.914444,-94.879440
Gary M Conley,Creek County Rural Water District No. 1,Kellyville,OK,22131,4000,0,2,1200,elevated storage network (inferred),0,0,3,True,,100000215019,,35.94701,-96.295688
City of Lancaster,City of Lancaster Wastewater Treatment Plant,Lancaster,PA,22132,4000,0,2,1200,wet-well / inflow detention (inferred),0,0,6,True,,100000026508,www.cityoflancasterpa.gov,40.017171,-076.307100
City of Lake Jackson,Dyson Campbell Water Reclamation Center,Lake Jackson,TX,22132,4000,0,2,1200,wet-well / inflow detention (inferred),0,0,11,True,,100000055646,http://www.lakejackson-tx.gov/,29.023910,-095.456230
City of Fairmont Sanitary Sewer Board,Fairmont Wastewater Treatment Plant,Fairmont,WV,22132,4000,0,2,1200,wet-well / inflow detention (inferred),0,0,6,True,,100000059713,http://www.fairmontwv.gov,39.493177,-080.125221
Buchanan County Public Service Authority,Conaway Wastewater Treatment Plant,Bigrock,VA,22132,4000,0,2,1200,wet-well / inflow detention (inferred),0,0,6,True,,100000075848,,37.348611,-082.209444
City of Fredericksburg,City of Fredericksburg Wastewater Treatment Plant,Fredericksburg,TX,22132,4000,0,2,1200,wet-well / inflow detention (inferred),0,0,2,True,,100000076561,www.fbgtx.org,30.253889,-098.846944
City of DuBois,City of DuBois Sewage Treatment Plant,DuBois,PA,22132,4000,0,2,1200,wet-well / inflow detention (inferred),0,0,7,True,,100000119365,,41.129842,-78.777445
Lycoming County Water Sewer Authority,Montoursville Regional Sewer System WWTP,Montoursville,PA,22132,4000,0,2,1200,wet-well / inflow detention (inferred),0,0,6,True,,100000121913,,41.237807,-076.874208
City of Fort Payne Alabama,Fort Payne Wastewater Treatment Plant,Fort Payne,AL,22132,4000,0,2,1200,wet-well / inflow detention (inferred),0,0,5,True,,100000157572,,34.431638,-085.767722
Natchez Water Works,Natchez Waste Water Treatment Plant,Natchez,MS,22132,4000,0,2,1200,wet-well / inflow detention (inferred),0,0,10,True,,100000162959,www.natchezwaterworks.com,31.320240,-091.261680
City of webster,Webster Central Wastewater Treatment Facility,Webster,TX,22132,4000,0,2,1200,wet-well / inflow detention (inferred),0,0,9,True,,100000165028,www.cityofwebster.com,29.527892,-95.117578
City of Rusk,Rusk Wastewater Treatment Plant,Rusk,TX,22132,4000,0,2,1200,wet-well / inflow detention (inferred),0,0,5,True,,100000180957,,31.774139,-095.152473
City of Fort Scott KS,Fort Scott Water Treatment Plant,Fort Scott,KS,22131,3800,0,2,1200,elevated storage network (inferred),0,0,7,True,,100000021763,fscity.org,37.829972,-094.716833
City of Parsons KS,Parsons Water Treatment Plant,Parsons,KS,22131,3000,0,2,1200,elevated storage network (inferred),0,0,7,True,,100000002622,,37.358777,-095.261672
City of Independence,Water Treatment Plant,INDEPENDENCE,KS,22131,2000,0,2,1200,elevated storage network (inferred),1,0,7,True,,100000025288,www.independenceks.gov,37.236285,-095.699745
City of Minot North Dakota,City of Minot Water Treatment Plant,Minot,ND,22131,2000,0,2,1200,elevated storage network (inferred),0,0,5,True,,100000045729,,48.277111,-101.304139
Clifton Water District,Charles A. Strain Water Treatment Plant,Clifton,CO,22131,2000,0,2,1200,elevated storage network (inferred),0,0,7,True,,100000051285,www.cliftonwaterdistrict.org,39.076111,-108.447222
BerwickBayou Vista WW Commission,Berwick/Bayou Vista Joint Waterworks,Berwick,LA,22131,2000,0,2,1200,elevated storage network (inferred),0,0,6,True,,100000075553,,29.7111323,-091.241900
City of San Benito,City of San Benito,San Benito,TX,22131,2000,0,2,1200,elevated storage network (inferred),0,0,6,True,,100000148814,,26.135522,-097.634278
City of Fort Morgan,Water Treatment Plant,Wiggins,CO,22131,2000,0,2,1200,elevated storage network (inferred),0,0,6,True,,100000163761,www.cityoffortmorgan.com,40.212067,-104.004420
City of Borger,City of Borger Wastewater Treatment Facility,Borger,TX,22132,2000,0,2,1200,wet-well / inflow detention (inferred),0,0,5,True,,100000006584,www.borgertx.gov,35.668333,-101.404444
City of Cloverdale,City of Cloverdale Wastewater Treatment Plant,Cloverdale,CA,22132,2000,0,2,1200,wet-well / inflow detention (inferred),0,0,7,True,,100000086248,https://www.cloverdale.net/,38.795833,-123.009444
City of Bridge City,Bridge City Wastewater Treatment Plant,Bridge City,TX,22132,2000,0,2,1200,wet-well / inflow detention (inferred),0,0,2,True,,100000103265,,30.040000,-093.817500
North Texas Municipal Water Dist,Rowlett Creek Regional WWTP,Plano,TX,22132,2000,0,2,1200,wet-well / inflow detention (inferred),1,0,11,True,,100000147094,,33.017674,-96.650488
WashingtonEast Washington Joint Au,Washington-East Washington Joint Authority TP,Washington,PA,56221,2000,0,2,1200,buffer unknown,0,0,8,True,,100000157974,wewja.com,40.205809,-080.263797
Wyoming Valley Sanitary Authority,Wyoming Valley Sanitary Authority,Hanover Township,PA,22132,2000,0,2,1200,wet-well / inflow detention (inferred),0,0,7,True,,100000174438,www.wvsa.org,41.234889,-075.945775
City of Emporia,Emporia Water Treatment Plant,Emporia,KS,22131,1000,44880,2,1200,elevated storage network (inferred),0,0,10,True,,100000055879,,38.429427,-096.217474
Georgetown County Water Sewer District,Waccamaw Neck Water Plant,Pawleys Island,SC,22131,8000,0,3,500,elevated storage network (inferred),0,0,7,True,,100000065494,,33.499694,-079.104472
Georgetown County Water Sewer District,Pawleys Island Wastewater Treatment Plant,Pawleys Island,SC,22132,8650,0,3,500,wet-well / inflow detention (inferred),1,0,6,True,,100000066377,www.gcwsd.com,33.491667,-079.116667
Okaloosa County Water Sewer,North Beal Extension Site,Fort Walton Beach,FL,22132,8000,0,3,500,wet-well / inflow detention (inferred),0,0,7,True,,100000071566,http://www.co.okaloosa.fl.us/wsweb/index.html,30.470470,-086.636039
Okaloosa County Water Sewer,Russell Stephenson Wastewater Treatment Facility,Mary Esther,FL,22132,8000,0,3,500,wet-well / inflow detention (inferred),0,0,8,True,,100000101515,www.co.okaloosa.fl.us,30.410456,-086.797147
City of Eagan,North Water Treatment Facility,Eagan,MN,22131,8000,0,3,500,elevated storage network (inferred),0,0,6,True,,100000124279,,44.831681,-93.181589
City of Eagan,South Water Treatment Facility,Eagan,MN,22131,8000,0,3,500,elevated storage network (inferred),1,0,6,True,,100000126133,www.cityofeagan.com,44.790997,-93.166027
City of Fergus Falls,City of Fergus Falls Water Treatment Plant,Fergus Falls,MN,22131,6000,0,3,500,elevated storage network (inferred),0,0,6,True,,100000030968,,46.292850,-96.041088
City of Fergus Falls,City of Fergus Falls Wastewater Treatment Plant,Fergus Falls,MN,22132,8000,0,3,500,wet-well / inflow detention (inferred),0,0,8,True,,100000037159,,46.280515,-96.111063
Willmar Municipal Utilities,Willmar Municipal Utilities (Southwest Plant),Willmar,MN,22131,8000,0,3,500,elevated storage network (inferred),0,0,6,True,,100000058769,www.wmu.willmar.mn.us,45.1137,-95.067931
Willmar Municipal Utilities,Willmar Municipal Utilities (Northeast Plant),Willmar,MN,22131,6000,0,3,500,elevated storage network (inferred),1,0,5,True,,100000115494,www.wmu.willmar.mn.us,45.130543,-95.022856
City of Marion,Marion Water Treatment Plant,Marion,NC,22131,8000,0,3,500,elevated storage network (inferred),0,0,5,True,,100000062451,801 Old Greenlee Rd.,35.684444,-082.043056
City of Marion,Marion Municipal Utilities,Marion,IN,22132,6000,0,3,500,wet-well / inflow detention (inferred),0,0,10,True,,100000148636,www.marionutilities.com,40.590556,-085.511944
Chickasha Municipal Authority,Chickasha Water Treatment Plant,Chickasha,OK,22131,8000,0,3,500,elevated storage network (inferred),1,0,4,True,,100000154076,,35.063500,-097.927500
Chickasha Municipal Authority,Chickasha Waste Water Treatment Plant,Chickasha,OK,22132,6000,0,3,500,wet-well / inflow detention (inferred),0,0,7,True,,100000154003,,35.043889,-097.921667
City of Bennettsville,City of Bennettsville Water Treatment Plant,Bennettsville,SC,22131,8000,0,3,500,elevated storage network (inferred),0,0,6,True,,100000021371,,34.642087,-079.668209
City of Bennettsville,City of Bennettsville Wastewater Treatment Plant,Bennettsville,SC,22132,4000,0,3,500,wet-well / inflow detention (inferred),0,0,6,True,,100000021718,,34.612403,-079.705686
Village of Attica,Attica Water Treatment Plant,Attica,NY,22132,6000,0,3,500,elevated storage network (inferred),0,0,6,True,,100000045417,2533 Wethersfield Road,42.836111,-078.258333
Village of Attica,Attica Wastewater Treatment Plant,Attica,NY,22132,6000,0,3,500,wet-well / inflow detention (inferred),0,0,6,True,,100000103309,www.attica.org,42.522900,-078.161500
Mammoth Community Water District,Lake Mary Water Treatment Facility,Mammoth Lakes,CA,22131,2000,0,3,500,elevated storage network (inferred),0,0,6,True,,100000045809,www.mcwd.dst.ca.us,37.608044,-119.001590
Mammoth Community Water District,Wastewater Treatment Plant,Mammoth Lakes,CA,22132,8000,0,3,500,wet-well / inflow detention (inferred),0,0,6,True,,100000045836,www.mcwd.dst.ca.us,37.641570,-118.947260
Hardin County Water District No 2,White Mills Treatment Plant,Glendale,KY,22131,6000,40235,3,500,elevated storage network (inferred),0,0,7,True,,100000053167,www.hcwd2.org,37.562585,-086.035535
Hardin County Water District No 2,City Spring Water Treatment Plant,Elizabethtown,KY,22131,4000,0,3,500,elevated storage network (inferred),1,0,3,True,,100000207732,www.hcwd2.org,37.679931,-85.875935
City of Galax,Galax Water Treament Plant,Galax,VA,22131,4000,0,3,500,elevated storage network (inferred),0,0,8,True,,100000155869,www.galaxva.com,36.6543,-080.9175
City of Galax,Galax Wastewater Treatment Facility,Galax,VA,22132,6000,0,3,500,wet-well / inflow detention (inferred),0,0,7,True,,100000066803,www.galaxva.com,36.6711,-080.9333
City of Mount Holly,City of Mount Holly Water Treatment Plant,Mount Holly,NC,92119,6000,0,3,500,elevated storage network (inferred),0,0,5,True,,100000166571,www.mtholly.us/,35.333290,-080.996440
City of Mount Holly,City of Mount Holly Wastewater Treatment Plant,Mount Holly,NC,92119,4000,0,3,500,wet-well / inflow detention (inferred),0,0,8,True,,100000166562,www.mtholly.us,35.281630,-081.012060
Commission of Public Works,Saxon Street Water Treatment Plant,Laurens,SC,22131,4000,0,3,500,elevated storage network (inferred),0,0,6,True,,100000023967,http://www.lcpw.com,34.499083,-082.022139
Commission of Public Works,Little River Wastewater Treatment Plant,Laurens,SC,22132,4000,0,3,500,wet-well / inflow detention (inferred),0,0,6,True,,100000023994,http://www.lcpw.com,34.485139,-082.000333
City of Cayce Public Utilities,Stanley L. Goodwin Water Treatment Plant,Cayce,SC,22131,4000,0,3,500,elevated storage network (inferred),0,0,7,True,,100000026517,,33.941667,-081.078472
City of Cayce Public Utilities,City of Cayce Regional WWTP - EH Heustess Facility,Cayce,SC,22132,4000,0,3,500,wet-well / inflow detention (inferred),0,0,8,True,,100000026857,,33.945376,-081.030741
City of Elizabeth City,Elizabeth City Water Treatment Facility,Elizabeth City,NC,22131,4000,0,3,500,elevated storage network (inferred),0,0,6,True,,100000099145,www.cityofec.com,36.312924,-076.224718
City of Elizabeth City,Rogerson Wastewater Treatment Facility,Elizabeth City,NC,22132,4000,0,3,500,wet-well / inflow detention (inferred),0,0,5,True,,100000082368,www.cityofec.com,36.308751,-076.204407
City of Jamestown ND,Jamestown Water Treatment Plant,Jamestown,ND,22131,4000,0,3,500,elevated storage network (inferred),0,0,6,True,,100000142044,,46.89023,-098.70438
City of Jamestown ND,Jamestown Wastewater Treatment Facility,Jamestown,ND,22132,4000,0,3,500,wet-well / inflow detention (inferred),0,0,6,True,,100000141759,,46.889283,-098.649483
Veolia Water,Municipal Plant #3,Laurel,MS,22131,4000,0,3,500,elevated storage network (inferred),0,0,6,True,,100000164467,,31.721111,-089.123333
Veolia Water,Municipal Plant #2,Laurel,MS,22131,4000,0,3,500,elevated storage network (inferred),0,0,6,True,,100000165055,,31.669167,-089.155278
Jamie Sandoval,The City of La Feria Water Treatment Plant,La Feria,TX,22131,4000,0,3,500,elevated storage network (inferred),0,0,4,True,,100000211424,,26.143212,-97.826926
Jamie Sandoval,La Feria Wastewater Treatment Plant,La Feria,TX,22132,4000,0,3,500,wet-well / inflow detention (inferred),0,0,3,True,,100000211601,2501 NW 158th Street,26.144689,-97.835376
Central Utah Water Conservancy District,Utah Valley Water Treatment Plant,Orem,UT,22131,2000,0,3,500,elevated storage network (inferred),0,0,6,True,,100000027008,cuwcd.com,40.322222,-111.669167
Central Utah Water Conservancy District,Ashley Valley Water Treatment Plant,Vernal,UT,22131,2000,0,3,500,elevated storage network (inferred),0,0,7,True,,100000027936,cuwcd.com,40.506809,-109.575850
Seacoast Utility Authority,Hood Road Water Treatment Plant,Palm Beach Gardens,FL,22131,2000,0,3,500,elevated storage network (inferred),0,0,6,True,,100000030469,sua.com,26.862778,-080.097333
Seacoast Utility Authority,PGA Wastewater Treatment Plant,Palm Beach Gardens,FL,22132,2000,0,3,500,wet-well / inflow detention (inferred),0,0,6,True,,100000032751,sua.com,26.855833,-080.143889
City of Oshkosh,Oshkosh Water Filtration Plant,Oshkosh,WI,22131,2000,9720,3,500,elevated storage network (inferred),0,0,11,True,,100000140411,"1610 N. 2nd Street, Suite 201",44.018318,-088.517892
City of Oshkosh,Oshkosh Wastewater Treatment Plant,Oshkosh,WI,22132,2000,0,3,500,wet-well / inflow detention (inferred),0,0,7,True,,100000140377,,44.019722,-088.558889
