rank,icp_score,account,is_customer,sites,unvalidated_sites,chlorine_lb,max_site_chlorine_lb,est_peak_kw_total,buffer_class,buffer_confirmed,states,state_list,primary_state,primary_rto,dereg_state,multi_site,is_authority,accidents,sites_with_accidents,recent_accident_sites,primary_naics,vertical,aliases
1,63,Metropolitan Water District of Southern California,False,6,0,2569200,1230000,37000,elevated storage network (inferred),False,1,CA,CA,CAISO,False,True,True,2,2,0,22131,Water supply & irrigation systems,Metropolitan Water District of So. California | Metropolitan Water District of Southern California
2,76,Dallas Water Utilities,False,5,0,1690000,410000,37000,elevated storage network (inferred),False,1,TX,TX,ERCOT,True,True,True,8,3,1,22131,Water supply & irrigation systems,Dallas Water Utilities
3,77,American Water Utilities Holdings,False,22,0,670000,260000,34700,elevated storage network (inferred),False,7,"IL,IN,MO,NJ,PA,WA,WV",PA,PJM,True,True,True,3,3,0,22131,Water supply & irrigation systems,"American Water | American Water CDM | American Water Works Company | American Water Works Company, Inc. | Missouri American Water Company | New Jersey American Water | PA-American Water Company | Pennsylvania American Water"
4,63,PR Aqueduct & Sewer Authority (ACQUEDUCTOS),False,14,0,546000,166000,28500,elevated storage network (inferred),False,1,PR,PR,Other,False,True,True,5,4,0,22131,Water supply & irrigation systems,Puerto Rico Aqueduct and Sewer Authority
5,69,Great Lakes Water Authority,False,6,0,1236000,900000,23500,elevated storage network (inferred),False,1,MI,MI,MISO,True,True,True,9,3,0,22131,Water supply & irrigation systems,GREAT LAKES WATER AUTHORITY | Great Lakes Water Authority
6,58,El Paso Water,False,15,0,246000,44000,23100,wet-well / inflow detention (inferred),False,1,TX,TX,ERCOT,True,True,False,1,1,0,22132,Sewage treatment facilities,El Paso Water Utilities-Public Service Board
7,61,City of Houston,False,13,0,750000,568000,23000,elevated storage network (inferred),False,1,TX,TX,ERCOT,True,True,False,6,1,0,22131,Water supply & irrigation systems,City of Houston
8,48,City of Phoenix Water Services Department,False,5,0,562000,330000,18500,elevated storage network (inferred),False,1,AZ,AZ,WECC,False,True,False,1,1,0,22131,Water supply & irrigation systems,"City of Phoenix, Water Services Department"
9,57,San Antonio Water System,False,9,0,256000,88000,16500,elevated storage network (inferred),False,1,TX,TX,ERCOT,True,True,False,0,0,0,22131,Water supply & irrigation systems,San Antonio Water System
10,55,Miami-Dade Water & Sewer Management Dept,False,2,0,720000,360000,16000,elevated storage network (inferred),False,1,FL,FL,SERC,False,True,False,4,2,0,22131,Water supply & irrigation systems,Miami-Dade Water and Sewer Department
11,44,Denver Water,False,4,0,236000,100000,14000,elevated storage network (inferred),False,1,CO,CO,WECC,False,True,False,0,0,0,22131,Water supply & irrigation systems,Denver Water
12,65,City of Chicago Department of Water Management,False,2,0,528000,308000,13000,elevated storage network (inferred),False,1,IL,IL,PJM,True,True,False,5,2,0,22131,Water supply & irrigation systems,City of Chicago Department of Water Management
13,55,Los Angeles Department of Water & Power,False,6,0,1186000,1136000,12500,elevated storage network (inferred),False,1,CA,CA,CAISO,False,True,False,1,1,0,22131,Water supply & irrigation systems,City of Los Angeles Department of Water and Power
14,61,City of Austin Water Utility,False,4,0,262000,72000,12000,mixed portfolio (per-station audit required),False,1,TX,TX,ERCOT,True,True,True,1,1,0,22131,Water supply & irrigation systems,City of Austin Water Utility
15,65,Trinity River Authority of Texas,False,5,0,236000,180000,11600,elevated storage network (inferred),False,1,TX,TX,ERCOT,True,True,True,2,1,0,22131,Water supply & irrigation systems,Trinity River Authority of Texas
16,41,Wastewater Treatment Division WTD,False,2,0,432000,360000,11000,wet-well / inflow detention (inferred),False,1,WA,WA,NW,False,True,False,0,0,0,22132,Sewage treatment facilities,Wastewater Treatment Division (WTD)
17,57,City of Fort Worth,False,3,0,320000,132000,11000,elevated storage network (inferred),False,1,TX,TX,ERCOT,True,True,False,0,0,0,22131,Water supply & irrigation systems,City of Fort Worth
18,51,City of St Louis Water Division,False,2,0,222000,112000,10000,elevated storage network (inferred),False,1,MO,MO,MISO,False,True,False,3,1,0,22131,Water supply & irrigation systems,City of St. Louis Water Division
19,47,City of Forest,False,8,0,40000,12000,9900,elevated storage network (inferred),False,1,MS,MS,SERC,False,True,False,0,0,0,22131,Water supply & irrigation systems,City of Forest
20,50,Metropolitan Utilities District,False,3,0,250000,150000,9500,elevated storage network (inferred),False,1,NE,NE,SPP,False,True,True,0,0,0,22131,Water supply & irrigation systems,Metropolitan Utilities District
21,63,North Texas Municipal Water District,False,2,0,1082000,1080000,9200,mixed portfolio (per-station audit required),False,1,TX,TX,ERCOT,True,True,True,5,2,0,22131,Water supply & irrigation systems,North Texas Municipal Water District
22,44,City of Alexandria,False,7,0,66000,28000,9000,elevated storage network (inferred),False,1,LA,LA,MISO,False,True,False,0,0,0,22131,Water supply & irrigation systems,City of Alexandria
23,48,City of Bogalusa,False,7,0,40700,10500,8700,elevated storage network (inferred),False,1,LA,LA,MISO,False,True,False,1,1,0,22131,Water supply & irrigation systems,City of Bogalusa
24,44,KCMO Water Services Department,False,1,0,426000,426000,8000,elevated storage network (inferred),False,1,MO,MO,MISO,False,False,False,2,1,0,22131,Water supply & irrigation systems,KCMO Water Services Department
25,48,St Paul Regional Water Services,False,1,0,360000,360000,8000,elevated storage network (inferred),False,1,MN,MN,MISO,False,False,True,2,1,0,22131,Water supply & irrigation systems,St. Paul Regional Water Services
26,54,City of Corpus Christi,False,1,0,360000,360000,8000,elevated storage network (inferred),False,1,TX,TX,ERCOT,True,False,False,1,1,0,22131,Water supply & irrigation systems,City of Corpus Christi
27,35,City of Phoenix,False,2,0,262000,210000,8000,mixed portfolio (per-station audit required),False,1,AZ,AZ,WECC,False,True,False,0,0,0,22131,Water supply & irrigation systems,City of Phoenix
28,38,City of Fort Lauderdale,False,2,0,240000,200000,8000,mixed portfolio (per-station audit required),False,1,FL,FL,SERC,False,True,False,0,0,0,22131,Water supply & irrigation systems,City of Fort Lauderdale
29,60,Washington Suburban Sanitary Commission,False,2,0,192000,120000,8000,elevated storage network (inferred),False,1,MD,MD,PJM,True,True,True,1,1,0,22131,Water supply & irrigation systems,Washington Suburban Sanitary Commission
30,49,City of Charlotte,False,3,0,184000,112000,8000,elevated storage network (inferred),False,1,NC,NC,Duke,False,True,False,2,1,1,22131,Water supply & irrigation systems,City of Charlotte
31,55,"Aqua America, Inc.",False,9,0,110300,36000,7500,elevated storage network (inferred),False,2,"IL,PA",PA,PJM,True,True,False,0,0,0,22131,Water supply & irrigation systems,"AQUA America | Aqua America Inc. | Aqua America, Inc."
32,45,City of Lake Charles,False,6,0,36000,12000,7500,elevated storage network (inferred),False,1,LA,LA,MISO,False,True,False,1,1,0,22131,Water supply & irrigation systems,City of Lake Charles
33,58,San Jacinto River Authority,False,6,0,42000,8000,7200,elevated storage network (inferred),False,1,TX,TX,ERCOT,True,True,True,2,1,0,22131,Water supply & irrigation systems,San Jacinto River Authority
34,51,Laguna Madre Water District,False,6,0,40000,8000,7200,wet-well / inflow detention (inferred),False,1,TX,TX,ERCOT,True,True,True,0,0,0,22132,Sewage treatment facilities,Laguna Madre Water District
35,40,City of Pineville,False,6,0,26000,6000,7200,elevated storage network (inferred),False,1,LA,LA,MISO,False,True,False,0,0,0,22131,Water supply & irrigation systems,City of Pineville
36,46,City of Minneapolis,False,2,0,272000,250000,6500,elevated storage network (inferred),False,1,MN,MN,MISO,False,True,False,4,2,0,22131,Water supply & irrigation systems,City of Minneapolis
37,52,Greater Cincinnati Water Works,False,2,0,140000,120000,6500,elevated storage network (inferred),False,1,OH,OH,PJM,True,True,False,2,1,0,22131,Water supply & irrigation systems,Greater Cincinnati Water Works
38,46,City of Sacramento Department of Utilities,False,2,0,118400,102400,6500,elevated storage network (inferred),False,1,CA,CA,CAISO,False,True,True,0,0,0,92411,Other,"City of Sacramento, Department of Utilities"
39,52,City of Wichita Falls,False,4,0,104000,40000,6500,mixed portfolio (per-station audit required),False,1,TX,TX,ERCOT,True,True,False,4,2,0,22131,Water supply & irrigation systems,City Of Wichita Falls | City of Wichita Falls
40,54,City of Arlington,False,2,0,161000,85000,6000,elevated storage network (inferred),False,1,TX,TX,ERCOT,True,True,False,1,1,1,22131,Water supply & irrigation systems,City of Arlington
41,41,City of Tulsa,False,2,0,160000,80000,6000,elevated storage network (inferred),False,1,OK,OK,SPP,False,True,False,1,1,0,22131,Water supply & irrigation systems,City of Tulsa
42,41,Gwinnett County,False,2,0,150000,82000,6000,elevated storage network (inferred),False,1,GA,GA,SERC,False,True,False,1,1,0,22131,Water supply & irrigation systems,Gwinnett County
43,51,New York City Dept of Environmental Protection,False,2,0,126000,72000,6000,elevated storage network (inferred),False,1,NY,NY,NYISO,True,True,False,1,1,0,22131,Water supply & irrigation systems,New York City Dept. of Environmental Protection
44,45,City of Cedar Rapids,False,3,0,112000,44000,6000,elevated storage network (inferred),False,1,IA,IA,MISO,False,True,False,3,2,0,22131,Water supply & irrigation systems,City of Cedar Rapids
45,41,City of Columbia,False,3,0,102000,40000,6000,elevated storage network (inferred),False,2,"MO,SC",SC,Duke,False,True,False,0,0,0,22131,Water supply & irrigation systems,City of Columbia
46,37,City of Port St Lucie,False,4,0,84000,28000,6000,mixed portfolio (per-station audit required),False,1,FL,FL,SERC,False,True,False,1,1,0,22131,Water supply & irrigation systems,City of Port St. Lucie
47,45,Calleguas Municipal Water District,False,2,0,80000,40000,6000,elevated storage network (inferred),False,1,CA,CA,CAISO,False,True,True,0,0,0,22131,Water supply & irrigation systems,Calleguas Municipal Water District
48,47,City of Abilene,False,4,0,72000,24000,6000,elevated storage network (inferred),False,1,TX,TX,ERCOT,True,True,False,0,0,0,22131,Water supply & irrigation systems,City of Abilene
49,37,City of Redding,False,4,0,70000,28000,6000,mixed portfolio (per-station audit required),False,1,CA,CA,CAISO,False,True,False,0,0,0,22131,Water supply & irrigation systems,City of Redding
50,38,Harrison County Utility Authority,False,4,0,68000,24000,6000,wet-well / inflow detention (inferred),False,1,MS,MS,SERC,False,True,True,0,0,0,22132,Sewage treatment facilities,Harrison County Utility Authority
51,45,Birmingham Water Works Board,False,3,0,62000,40000,6000,elevated storage network (inferred),False,1,AL,AL,SERC,False,True,True,1,1,0,22131,Water supply & irrigation systems,Birmingham Water Works Board
52,41,Mobile Area Water Sewer System,False,4,0,60000,16000,6000,mixed portfolio (per-station audit required),False,1,AL,AL,SERC,False,True,False,4,2,0,22131,Water supply & irrigation systems,Mobile Area Water and Sewer System
53,41,Sonoma County Water Agency,False,4,0,56000,18000,6000,elevated storage network (inferred),False,1,CA,CA,CAISO,False,True,False,0,0,0,22131,Water supply & irrigation systems,Sonoma County Water Agency
54,54,City of Amarillo,False,4,0,114000,36000,5700,mixed portfolio (per-station audit required),False,1,TX,TX,ERCOT,True,True,False,5,3,0,22131,Water supply & irrigation systems,City of Amarillo
55,36,Columbus Water Works,False,3,0,92000,46000,5700,elevated storage network (inferred),False,1,GA,GA,SERC,False,True,False,0,0,0,22131,Water supply & irrigation systems,Columbus Water Works
56,50,City of Waco,False,4,0,82000,30000,5700,elevated storage network (inferred),False,1,TX,TX,ERCOT,True,True,False,1,1,0,22131,Water supply & irrigation systems,City of Waco
57,39,City of Clinton,False,5,0,24000,8000,5300,elevated storage network (inferred),False,2,"MS,SC",MS,SERC,False,True,False,0,0,0,22131,Water supply & irrigation systems,City of Clinton
58,48,City of Huntsville,False,4,0,48000,32000,5100,mixed portfolio (per-station audit required),False,1,TX,TX,ERCOT,True,True,False,1,1,1,22131,Water supply & irrigation systems,City of Huntsville
59,40,Gadsden Water Works Sewer Board,False,4,0,46000,28000,5100,wet-well / inflow detention (inferred),False,1,AL,AL,SERC,False,True,True,2,1,0,22132,Sewage treatment facilities,Gadsden Water Works and Sewer Board
60,45,City of Galveston,False,4,0,44300,20000,5100,elevated storage network (inferred),False,1,TX,TX,ERCOT,True,True,False,0,0,0,22131,Water supply & irrigation systems,City of Galveston
61,41,City of Corsicana Texas,False,4,0,36000,16000,5100,mixed portfolio (per-station audit required),False,1,TX,TX,ERCOT,True,True,False,0,0,0,22131,Water supply & irrigation systems,"City of Corsicana, Texas"
62,45,City of Edinburg,False,4,0,26000,18000,5100,elevated storage network (inferred),False,1,TX,TX,ERCOT,True,True,False,0,0,0,22131,Water supply & irrigation systems,City of Edinburg
63,32,City of Topeka Kansas,False,1,0,220000,220000,5000,elevated storage network (inferred),False,1,KS,KS,SPP,False,False,False,0,0,0,22131,Water supply & irrigation systems,"City of Topeka, Kansas"
64,33,City of Wheeling,False,1,0,220000,220000,5000,wet-well / inflow detention (inferred),False,1,WV,WV,PJM,False,False,False,0,0,0,22132,Sewage treatment facilities,City of Wheeling
65,33,Southern Nevada Water Authority,False,1,0,204000,204000,5000,elevated storage network (inferred),False,1,NV,NV,WECC,False,False,True,0,0,0,22131,Water supply & irrigation systems,Southern Nevada Water Authority
66,36,City of Tampa,False,1,0,180000,180000,5000,elevated storage network (inferred),False,1,FL,FL,SERC,False,False,False,1,1,0,22131,Water supply & irrigation systems,City of Tampa
67,43,City of Erie,False,1,0,180000,180000,5000,wet-well / inflow detention (inferred),False,1,PA,PA,PJM,True,False,False,1,1,0,22132,Sewage treatment facilities,City of Erie
68,33,City of Tampa Wastewater Dept,False,1,0,180000,180000,5000,wet-well / inflow detention (inferred),False,1,FL,FL,SERC,False,False,False,2,1,0,22132,Sewage treatment facilities,City of Tampa - Wastewater Dept.
69,34,Billerud Americas,False,1,0,180000,180000,5000,buffer unknown,False,1,MI,MI,MISO,True,False,False,3,1,0,32212,Other,Billerud Americas Corporation
70,36,Sewerage Water Board of New Orleans,False,1,0,110000,110000,5000,elevated storage network (inferred),False,1,LA,LA,MISO,False,False,True,0,0,0,22131,Water supply & irrigation systems,Sewerage and Water Board of New Orleans
71,42,City of Columbus Division of Water,False,1,0,104000,104000,5000,elevated storage network (inferred),False,1,OH,OH,PJM,True,False,False,0,0,0,22131,Water supply & irrigation systems,City of Columbus Division of  Water
72,41,City of Baytown,False,4,0,26000,8000,4800,wet-well / inflow detention (inferred),False,1,TX,TX,ERCOT,True,True,False,0,0,0,22132,Sewage treatment facilities,City of Baytown
73,48,GuadalupeBlanco River Authority,False,4,0,24000,8000,4800,elevated storage network (inferred),False,1,TX,TX,ERCOT,True,True,True,0,0,0,22131,Water supply & irrigation systems,Guadalupe-Blanco River Authority
74,40,East Cedar Creek FWSD,False,4,0,17500,6000,4800,mixed portfolio (per-station audit required),False,1,TX,TX,ERCOT,True,True,False,0,0,0,22131,Water supply & irrigation systems,East Cedar Creek F.W.S.D.
75,37,City of Orlando,False,2,0,120000,96000,4500,wet-well / inflow detention (inferred),False,1,FL,FL,SERC,False,True,False,2,1,1,22132,Sewage treatment facilities,City of Orlando | The City of Orlando
76,47,McAllen Public Utilities,False,2,0,114000,82000,4500,elevated storage network (inferred),False,1,TX,TX,ERCOT,True,True,True,0,0,0,22131,Water supply & irrigation systems,McAllen Public Utilities
77,31,Puerto Rico Aqueduct & Sewer Authority,False,2,0,82000,64000,4500,wet-well / inflow detention (inferred),False,1,PR,PR,Other,False,True,True,0,0,0,22132,Sewage treatment facilities,Puerto Rico Aqueduct & Sewer Authority
78,44,City Of Port Arthur,False,3,0,80000,32000,4500,wet-well / inflow detention (inferred),False,1,TX,TX,ERCOT,True,True,False,1,1,0,22132,Sewage treatment facilities,City Of Port Arthur | City of Port Arthur
79,51,City of Beaumont,False,3,0,78000,32000,4500,elevated storage network (inferred),False,1,TX,TX,ERCOT,True,True,False,2,2,0,22131,Water supply & irrigation systems,City of Beaumont
80,40,City of Garland,False,2,0,78000,46000,4500,wet-well / inflow detention (inferred),False,1,TX,TX,ERCOT,True,True,False,0,0,0,22132,Sewage treatment facilities,City of Garland
81,43,Bell Water Control & Improvement District 1,False,2,0,76000,48000,4500,mixed portfolio (per-station audit required),False,1,TX,TX,ERCOT,True,True,True,0,0,0,22131,Water supply & irrigation systems,Bell Co. Water Control & Improvement District #1
82,44,City of Tyler,False,3,0,75000,33000,4500,wet-well / inflow detention (inferred),False,1,TX,TX,ERCOT,True,True,False,1,1,0,22132,Sewage treatment facilities,City of Tyler
83,41,Collier County WaterSewer District,False,2,0,74000,40000,4500,elevated storage network (inferred),False,1,FL,FL,SERC,False,True,True,3,1,0,22131,Water supply & irrigation systems,Collier County Water-Sewer District
84,39,Town of Tonawanda,False,2,0,74000,42000,4500,mixed portfolio (per-station audit required),False,1,NY,NY,NYISO,True,True,False,0,0,0,22131,Water supply & irrigation systems,Town of Tonawanda
85,33,Columbus Light Water Department,False,3,0,70700,25800,4500,elevated storage network (inferred),False,1,MS,MS,SERC,False,True,False,0,0,0,22131,Water supply & irrigation systems,Columbus Light and Water Department
86,41,City of Savannah,False,2,0,68000,40000,4500,elevated storage network (inferred),False,1,GA,GA,SERC,False,True,False,2,2,0,22131,Water supply & irrigation systems,City of Savannah
87,43,Texarkana Water Utilities,False,2,0,68000,40000,4500,mixed portfolio (per-station audit required),False,1,TX,TX,ERCOT,True,True,True,0,0,0,22131,Water supply & irrigation systems,Texarkana Water Utilities
88,37,JXN Water,False,2,0,68000,48000,4500,elevated storage network (inferred),False,1,MS,MS,SERC,False,True,False,1,1,0,22131,Water supply & irrigation systems,"JXN Water | JXN Water, LLC"
89,43,City of Decatur,False,2,0,68000,44000,4500,mixed portfolio (per-station audit required),False,2,"AL,IL",IL,PJM,True,True,False,0,0,0,22131,Water supply & irrigation systems,City of Decatur
90,39,City of Temple,False,2,0,66000,48000,4500,mixed portfolio (per-station audit required),False,1,TX,TX,ERCOT,True,True,False,0,0,0,22131,Water supply & irrigation systems,City of Temple
91,29,City of Vero Beach Water & Sewer Dept,False,2,0,64000,44000,4500,mixed portfolio (per-station audit required),False,1,FL,FL,SERC,False,True,False,0,0,0,22131,Water supply & irrigation systems,City of Vero Beach Water & Sewer Dept.
92,39,Pottstown Borough,False,2,0,60000,40000,4500,mixed portfolio (per-station audit required),False,1,PA,PA,PJM,True,True,False,0,0,0,22131,Water supply & irrigation systems,Pottstown Borough
93,33,City of Naples,False,2,0,60000,40000,4500,mixed portfolio (per-station audit required),False,1,FL,FL,SERC,False,True,False,1,1,0,22131,Water supply & irrigation systems,City of Naples
94,38,Coachella Valley Water District,False,3,0,58000,32000,4500,wet-well / inflow detention (inferred),False,1,CA,CA,CAISO,False,True,True,0,0,0,22132,Sewage treatment facilities,Coachella Valley Water District
95,37,City of San Buenaventura,False,3,0,56000,20000,4500,elevated storage network (inferred),False,1,CA,CA,CAISO,False,True,False,0,0,0,22131,Water supply & irrigation systems,City of San Buenaventura
96,47,Municipal Authority of Westmoreland County,False,3,0,54000,24000,4500,elevated storage network (inferred),False,1,PA,PA,PJM,True,True,True,0,0,0,22131,Water supply & irrigation systems,Municipal Authority of Westmoreland County
97,33,City of Meridian,False,3,0,52000,20000,4500,elevated storage network (inferred),False,1,MS,MS,SERC,False,True,False,0,0,0,22131,Water supply & irrigation systems,City of Meridian
98,37,Oklahoma City Water Utilities Trust,False,2,0,52000,40000,4500,mixed portfolio (per-station audit required),False,1,OK,OK,SPP,False,True,True,4,1,0,22131,Water supply & irrigation systems,Oklahoma City Water Utilities Trust
99,47,Brownsville Public Utilities Board,False,3,0,48000,24000,4500,elevated storage network (inferred),False,1,TX,TX,ERCOT,True,True,True,0,0,0,22131,Water supply & irrigation systems,Brownsville Public Utilities Board
100,37,City of Albemarle,False,3,0,48000,20000,4500,elevated storage network (inferred),False,1,NC,NC,Duke,False,True,False,1,1,0,22132,Sewage treatment facilities,City of Albemarle
101,33,City of Fernandina Beach,False,3,0,42000,14000,4500,elevated storage network (inferred),False,1,FL,FL,SERC,False,True,False,0,0,0,22131,Water supply & irrigation systems,City of Fernandina Beach
102,33,Colorado Springs Utilities,False,3,0,56000,28000,4200,elevated storage network (inferred),False,1,CO,CO,WECC,False,True,True,0,0,0,22131,Water supply & irrigation systems,Colorado Springs Utilities
103,42,City of Nacogdoches,False,3,0,56000,24000,4200,elevated storage network (inferred),False,1,TX,TX,ERCOT,True,True,False,0,0,0,22131,Water supply & irrigation systems,City of Nacogdoches
104,32,Macon Water Authority,False,2,0,42000,40000,4200,mixed portfolio (per-station audit required),False,1,GA,GA,SERC,False,True,True,0,0,0,22131,Water supply & irrigation systems,Macon Water Authority
105,42,City of Harlingen Water Works System,False,3,0,32000,16000,4200,elevated storage network (inferred),False,1,TX,TX,ERCOT,True,True,False,0,0,0,22131,Water supply & irrigation systems,City of Harlingen Water Works System
106,32,City Of Hattiesburg,False,3,0,30000,12000,4200,elevated storage network (inferred),False,1,MS,MS,SERC,False,True,False,0,0,0,22131,Water supply & irrigation systems,City Of Hattiesburg | City of Hattiesburg
107,46,Canyon Regional Water Authority,False,3,0,31960,24000,3900,elevated storage network (inferred),False,1,TX,TX,ERCOT,True,True,True,0,0,0,22131,Water supply & irrigation systems,Canyon Regional Water Authority
108,33,North Little Rock Waste Water Utility,False,3,0,28000,12000,3900,wet-well / inflow detention (inferred),False,1,AR,AR,SPP,False,True,True,0,0,0,22132,Sewage treatment facilities,North Little Rock Waste Water Utility
109,42,CITY OF CENTER TEXAS,False,3,0,24000,10000,3900,elevated storage network (inferred),False,1,TX,TX,ERCOT,True,True,False,0,0,0,22131,Water supply & irrigation systems,"CITY OF CENTER, TEXAS | City of Center, Texas"
110,47,City of Jacksonville,False,3,0,22000,10000,3900,wet-well / inflow detention (inferred),False,2,"NC,TX",TX,ERCOT,True,True,False,1,1,0,22132,Sewage treatment facilities,City of Jacksonville
111,39,City of Alice,False,3,0,20000,12000,3900,wet-well / inflow detention (inferred),False,1,TX,TX,ERCOT,True,True,False,0,0,0,22132,Sewage treatment facilities,City of Alice
112,38,Wastewater Treatment Plant,False,3,0,17500,11500,3900,mixed portfolio (per-station audit required),False,1,TX,TX,ERCOT,True,True,False,0,0,0,22132,Sewage treatment facilities,Wastewater Treatment Plant
113,31,Lafayette Utilities System,False,6,0,44000,8000,3700,mixed portfolio (per-station audit required),False,1,LA,LA,MISO,False,True,True,0,0,0,22131,Water supply & irrigation systems,Lafayette Utilities System
114,49,City of Longview,False,3,0,24000,8000,3600,elevated storage network (inferred),False,1,TX,TX,ERCOT,True,True,False,3,2,0,22131,Water supply & irrigation systems,City of Longview
115,41,City of Brenham,False,3,0,22000,8000,3600,elevated storage network (inferred),False,1,TX,TX,ERCOT,True,True,False,0,0,0,22131,Water supply & irrigation systems,City of Brenham
116,41,City of Kilgore,False,3,0,14000,6000,3600,elevated storage network (inferred),False,1,TX,TX,ERCOT,True,True,False,0,0,0,22131,Water supply & irrigation systems,City of Kilgore
117,32,Jackson County Utility Authority,False,3,0,14000,6000,3600,wet-well / inflow detention (inferred),False,1,MS,MS,SERC,False,True,True,0,0,0,22132,Sewage treatment facilities,Jackson County Utility  Authority | Jackson County Utility Authority
118,35,City of Ridgeland,False,3,0,12000,4000,3600,elevated storage network (inferred),False,1,MS,MS,SERC,False,True,False,1,1,0,22131,Water supply & irrigation systems,City of Ridgeland
119,41,WRB Refining,False,3,0,12000,4000,3600,elevated storage network (inferred),False,1,TX,TX,ERCOT,True,True,False,0,0,0,22131,Water supply & irrigation systems,"WRB Refining LP | WRB Refining, LP"
120,35,City of ChandlerOklahoma,False,3,0,8000,4000,3600,elevated storage network (inferred),False,1,OK,OK,SPP,False,True,False,1,1,0,22131,Water supply & irrigation systems,"City of Chandler,Oklahoma"
121,41,City of Paris,False,2,0,45000,40000,3500,mixed portfolio (per-station audit required),False,2,"KY,TX",TX,ERCOT,True,True,False,0,0,0,22131,Water supply & irrigation systems,City of Paris
122,41,Town of Ocean City Maryland,False,3,0,35000,16000,3500,elevated storage network (inferred),False,1,MD,MD,PJM,True,True,False,0,0,0,22131,Water supply & irrigation systems,"Town of Ocean City, Maryland"
123,31,Muscatine Power Water,False,3,0,34000,16000,3500,elevated storage network (inferred),False,1,IA,IA,MISO,False,True,False,0,0,0,22131,Water supply & irrigation systems,Muscatine Power and Water
124,38,City of Battle Creek,False,1,0,96000,96000,3000,wet-well / inflow detention (inferred),False,1,MI,MI,MISO,True,False,False,1,1,1,22132,Sewage treatment facilities,City of Battle Creek
125,34,Dow Chemical,False,1,0,84000,84000,3000,buffer unknown,False,1,TX,TX,ERCOT,True,False,False,1,1,0,32511,Other,The Dow Chemical Company
126,36,Oklahoma City Utilities Department,False,1,0,80000,80000,3000,elevated storage network (inferred),False,1,OK,OK,SPP,False,False,True,2,1,0,22131,Water supply & irrigation systems,Oklahoma City Utilities Department
127,38,City of Denton,False,1,0,80000,80000,3000,elevated storage network (inferred),False,1,TX,TX,ERCOT,True,False,False,0,0,0,22131,Water supply & irrigation systems,City of Denton
128,29,City of Des Moines,False,1,0,76000,76000,3000,wet-well / inflow detention (inferred),False,1,IA,IA,MISO,False,False,False,1,1,0,22132,Sewage treatment facilities,City of Des Moines
129,28,City of Sioux Falls Public Works,False,1,0,75000,75000,3000,elevated storage network (inferred),False,1,SD,SD,SPP,False,False,False,0,0,0,22131,Water supply & irrigation systems,City of Sioux Falls Public Works
130,42,Coastal Water Authority,False,1,0,72000,72000,3000,elevated storage network (inferred),False,1,TX,TX,ERCOT,True,False,True,0,0,0,22131,Water supply & irrigation systems,Coastal Water Authority
131,25,City of Portland Water Bureau,False,1,0,72000,72000,3000,elevated storage network (inferred),False,1,OR,OR,NW,False,False,False,0,0,0,22131,Water supply & irrigation systems,City of Portland Water Bureau
132,36,Water District No 1 of Johnson County,False,1,0,72000,72000,3000,elevated storage network (inferred),False,1,KS,KS,SPP,False,False,True,2,1,0,22131,Water supply & irrigation systems,Water District No. 1 of Johnson County
133,30,North Davis Sewer District,False,1,0,70000,70000,3000,wet-well / inflow detention (inferred),False,1,UT,UT,WECC,False,False,True,1,1,0,22132,Sewage treatment facilities,North Davis Sewer District
134,40,City of Quincy,False,2,0,68000,34000,3000,mixed portfolio (per-station audit required),False,1,IL,IL,PJM,True,True,False,1,1,0,56299,Other,City of Quincy
135,40,City of Dayton,False,2,0,68000,36000,3000,elevated storage network (inferred),False,1,OH,OH,PJM,True,True,False,0,0,0,22131,Water supply & irrigation systems,City of Dayton
136,35,City of Aurora,False,2,0,66000,34000,3000,elevated storage network (inferred),False,1,CO,CO,WECC,False,True,False,3,2,0,22131,Water supply & irrigation systems,City of Aurora
137,28,Town of Jupiter,False,1,0,64000,64000,3000,elevated storage network (inferred),False,1,FL,FL,SERC,False,False,False,0,0,0,22131,Water supply & irrigation systems,Town of Jupiter
138,42,City of Baltimore Department of Public Works,False,1,0,64000,64000,3000,elevated storage network (inferred),False,1,MD,MD,PJM,True,False,False,1,1,0,22131,Water supply & irrigation systems,City of Baltimore - Department of Public Works
139,40,City of Lewisville Texas,False,2,0,64000,32000,3000,mixed portfolio (per-station audit required),False,1,TX,TX,ERCOT,True,True,False,1,1,0,22131,Water supply & irrigation systems,"City of Lewisville, Texas"
140,44,Erie County Water Authority,False,2,0,64000,32000,3000,elevated storage network (inferred),False,1,NY,NY,NYISO,True,True,True,0,0,0,22131,Water supply & irrigation systems,Erie County Water Authority
141,28,City of WichitaKansas,False,1,0,64000,64000,3000,elevated storage network (inferred),False,1,KS,KS,SPP,False,False,False,0,0,0,22131,Water supply & irrigation systems,"City of Wichita,Kansas"
142,29,Pinellas County Utilities,False,1,0,64000,64000,3000,wet-well / inflow detention (inferred),False,1,FL,FL,SERC,False,False,True,0,0,0,22132,Sewage treatment facilities,Pinellas County Utilities
143,34,LEXINGTONFAYETTE URBAN COUNTY GOVERNMENT,False,2,0,64000,36000,3000,wet-well / inflow detention (inferred),False,1,KY,KY,TVA,False,True,False,1,1,1,22132,Sewage treatment facilities,LEXINGTON-FAYETTE URBAN COUNTY GOVERNMENT
144,26,City of Muskogee,False,2,0,60000,36000,3000,mixed portfolio (per-station audit required),False,1,OK,OK,SPP,False,True,False,0,0,0,22131,Water supply & irrigation systems,City of Muskogee
145,28,Charleston Water System,False,1,0,60000,60000,3000,elevated storage network (inferred),False,1,SC,SC,Duke,False,False,False,0,0,0,22131,Water supply & irrigation systems,Charleston Water System
146,28,City of Deerfield Beach,False,1,0,60000,60000,3000,elevated storage network (inferred),False,1,FL,FL,SERC,False,False,False,0,0,0,22131,Water supply & irrigation systems,City of Deerfield Beach
147,42,City of Springfield,False,1,0,60000,60000,3000,elevated storage network (inferred),False,1,IL,IL,PJM,True,False,False,2,1,0,22131,Water supply & irrigation systems,City of Springfield
148,31,DeKalb County Georgia,False,2,0,60000,32000,3000,wet-well / inflow detention (inferred),False,1,GA,GA,SERC,False,True,False,1,1,0,22132,Sewage treatment facilities,"DeKalb County, Georgia"
149,30,Graphic Packaging International,False,1,0,57900,57900,3000,buffer unknown,False,1,TX,TX,ERCOT,True,False,False,0,0,0,32211,Other,"Graphic Packaging International, LLC"
150,42,City of Tyler Texas,False,1,0,57000,57000,3000,elevated storage network (inferred),False,1,TX,TX,ERCOT,True,False,False,3,1,0,22131,Water supply & irrigation systems,"City of Tyler, Texas"
151,26,City of Shelby,False,2,0,56000,28000,3000,mixed portfolio (per-station audit required),False,1,NC,NC,Duke,False,True,False,0,0,0,22131,Water supply & irrigation systems,City of Shelby
152,26,City of Lakeland,False,2,0,56000,32000,3000,mixed portfolio (per-station audit required),False,1,FL,FL,SERC,False,True,False,0,0,0,22131,Water supply & irrigation systems,City of Lakeland
153,28,Jefferson Parish Water Department,False,1,0,56000,56000,3000,elevated storage network (inferred),False,1,LA,LA,MISO,False,False,False,0,0,0,22131,Water supply & irrigation systems,Jefferson Parish Water Department
154,28,Greenville Water,False,1,0,56000,56000,3000,elevated storage network (inferred),False,1,SC,SC,Duke,False,False,False,0,0,0,22131,Water supply & irrigation systems,Greenville Water
155,36,Board of Public Utilities Kansas City KS,False,1,0,54000,54000,3000,elevated storage network (inferred),False,1,KS,KS,SPP,False,False,True,8,1,0,22131,Water supply & irrigation systems,"Board of Public Utilities, Kansas City, KS."
156,42,City of Laredo Utilities,False,1,0,52000,52000,3000,elevated storage network (inferred),False,1,TX,TX,ERCOT,True,False,True,0,0,0,22131,Water supply & irrigation systems,City of Laredo Utilities
157,33,Board of Water Works at Pueblo Colorado,False,1,0,52000,52000,3000,elevated storage network (inferred),False,1,CO,CO,WECC,False,False,True,1,1,0,22131,Water supply & irrigation systems,"Board of Water Works at Pueblo, Colorado"
158,28,City of Fargo,False,1,0,50000,50000,3000,elevated storage network (inferred),False,1,ND,ND,MISO,False,False,False,0,0,0,22131,Water supply & irrigation systems,City of Fargo
159,28,City of Shreveport Department of Water & Sewerage,False,1,0,50000,50000,3000,elevated storage network (inferred),False,1,LA,LA,MISO,False,False,False,0,0,0,22131,Water supply & irrigation systems,"City of Shreveport, Department of Water & Sewerage"
160,36,Los Angeles Department of Water Power,False,1,0,50000,50000,3000,elevated storage network (inferred),False,1,CA,CA,CAISO,False,False,False,1,1,0,22131,Water supply & irrigation systems,Los Angeles Department of Water and Power
161,38,Ramesh Kashinkunti,False,1,0,48000,48000,3000,elevated storage network (inferred),False,1,OH,OH,PJM,True,False,False,0,0,0,22131,Water supply & irrigation systems,Ramesh Kashinkunti
162,36,City of Odessa,False,2,0,48000,28000,3000,mixed portfolio (per-station audit required),False,1,TX,TX,ERCOT,True,True,False,0,0,0,22131,Water supply & irrigation systems,City of Odessa
163,28,Island Water Association,False,1,0,48000,48000,3000,elevated storage network (inferred),False,1,FL,FL,SERC,False,False,False,0,0,0,22131,Water supply & irrigation systems,The Island Water Association Inc
164,36,Long Beach Utilities Department,False,1,0,48000,48000,3000,elevated storage network (inferred),False,1,CA,CA,CAISO,False,False,True,0,0,0,22131,Water supply & irrigation systems,Long Beach Utilities Department
165,25,Aurora Water,False,1,0,48000,48000,3000,elevated storage network (inferred),False,1,CO,CO,WECC,False,False,False,0,0,0,22131,Water supply & irrigation systems,Aurora Water
166,43,Delaware County Regional Water Quality Control Aut,False,1,0,48000,48000,3000,wet-well / inflow detention (inferred),False,1,PA,PA,PJM,True,False,True,17,1,0,22132,Sewage treatment facilities,Delaware County Regional Water Quality Control Aut
167,30,Cleveland Utilities,False,2,0,46000,32000,3000,mixed portfolio (per-station audit required),False,1,TN,TN,TVA,False,True,True,0,0,0,22131,Water supply & irrigation systems,Cleveland Utilities
168,36,City of Lufkin,False,2,0,46000,30000,3000,mixed portfolio (per-station audit required),False,1,TX,TX,ERCOT,True,True,False,0,0,0,22131,Water supply & irrigation systems,City of Lufkin
169,46,Chester Water Authority,False,1,0,46000,46000,3000,elevated storage network (inferred),False,1,PA,PA,PJM,True,False,True,1,1,0,22131,Water supply & irrigation systems,Chester Water Authority
170,25,City of Yuma,False,1,0,44000,44000,3000,elevated storage network (inferred),False,1,AZ,AZ,WECC,False,False,False,0,0,0,22131,Water supply & irrigation systems,City of Yuma
171,35,City of Bethlehem,False,1,0,44000,44000,3000,wet-well / inflow detention (inferred),False,1,PA,PA,PJM,True,False,False,0,0,0,22132,Sewage treatment facilities,City of Bethlehem
172,40,City Of Mount Pleasant,False,2,0,42000,30000,3000,mixed portfolio (per-station audit required),False,1,TX,TX,ERCOT,True,True,False,1,1,0,22131,Water supply & irrigation systems,CIty of Mount Pleasant | City Of Mount Pleasant
173,36,City of Texarkana Texas,False,2,0,42000,28000,3000,mixed portfolio (per-station audit required),False,1,TX,TX,ERCOT,True,True,False,0,0,0,22131,Water supply & irrigation systems,"City of Texarkana, Texas"
174,40,Kyla Jacobsen,False,2,0,42000,28000,3000,elevated storage network (inferred),False,1,IL,IL,PJM,True,True,False,0,0,0,22131,Water supply & irrigation systems,Kyla Jacobsen
175,42,Baytown Area Water Authority,False,1,0,40000,40000,3000,elevated storage network (inferred),False,1,TX,TX,ERCOT,True,False,True,0,0,0,22131,Water supply & irrigation systems,Baytown Area Water Authority
176,29,Metropolitan Water District of Salt Lake & Sandy,False,1,0,40000,40000,3000,elevated storage network (inferred),False,1,UT,UT,WECC,False,False,True,0,0,0,22131,Water supply & irrigation systems,Metropolitan Water District of Salt Lake & Sandy
177,44,City of Bloomington,False,2,0,40000,28000,3000,elevated storage network (inferred),False,2,"IL,MN",IL,PJM,True,True,False,0,0,0,22131,Water supply & irrigation systems,City of Bloomington
178,34,Tarrant Regional Water District,False,1,0,40000,40000,3000,buffer unknown,False,1,TX,TX,ERCOT,True,False,True,0,0,0,92411,Other,Tarrant Regional Water District
179,39,Springfield Water & Sewer Commission,False,1,0,40000,40000,3000,wet-well / inflow detention (inferred),False,1,MA,MA,ISO-NE,True,False,True,0,0,0,22132,Sewage treatment facilities,Springfield Water & Sewer Commission
180,44,Clermont County Water Resources Department,False,2,0,36000,20000,3000,elevated storage network (inferred),False,1,OH,OH,PJM,True,True,False,1,1,0,22131,Water supply & irrigation systems,Clermont County Water Resources Department
181,30,City of Fort Smith,False,2,0,36000,24000,3000,elevated storage network (inferred),False,1,AR,AR,SPP,False,True,False,0,0,0,22131,Water supply & irrigation systems,City of Fort Smith
182,26,City of Belmont,False,2,0,32000,18000,3000,mixed portfolio (per-station audit required),False,1,NC,NC,Duke,False,True,False,0,0,0,22131,Water supply & irrigation systems,City of Belmont
183,40,Capital Region Water,False,2,0,32000,20000,3000,mixed portfolio (per-station audit required),False,1,PA,PA,PJM,True,True,True,0,0,0,22131,Water supply & irrigation systems,Capital Region Water
184,36,City of Mineral Wells,False,2,0,32000,16000,3000,mixed portfolio (per-station audit required),False,1,TX,TX,ERCOT,True,True,False,0,0,0,22131,Water supply & irrigation systems,City of Mineral Wells
185,32,City of Sault Ste Marie,False,2,0,32000,16000,3000,mixed portfolio (per-station audit required),False,1,MI,MI,MISO,True,True,False,0,0,0,22131,Water supply & irrigation systems,City of Sault Ste. Marie
186,30,City of Wilson North Carolina,False,2,0,28000,16000,3000,elevated storage network (inferred),False,1,NC,NC,Duke,False,True,False,0,0,0,22131,Water supply & irrigation systems,"City of Wilson, North Carolina"
187,30,Searcy Water Utilities,False,2,0,28000,14000,3000,mixed portfolio (per-station audit required),False,1,AR,AR,SPP,False,True,True,0,0,0,22131,Water supply & irrigation systems,Searcy Water Utilities
188,30,City of Monroe,False,2,0,26000,16000,3000,mixed portfolio (per-station audit required),False,1,NC,NC,Duke,False,True,False,1,1,0,22131,Water supply & irrigation systems,City of Monroe
189,40,North Alamo Water Supply,False,4,0,24750,12000,3000,elevated storage network (inferred),False,1,TX,TX,ERCOT,True,True,False,0,0,0,22131,Water supply & irrigation systems,North Alamo Water Supply Corporation
190,40,City of Frederick,False,2,0,24000,12000,3000,elevated storage network (inferred),False,1,MD,MD,PJM,True,True,False,0,0,0,22131,Water supply & irrigation systems,City of Frederick
191,27,City of Hickory,False,2,0,24000,12000,3000,wet-well / inflow detention (inferred),False,1,NC,NC,Duke,False,True,False,0,0,0,22132,Sewage treatment facilities,City of Hickory
192,37,City of Bryan Texas,False,2,0,24000,12000,3000,wet-well / inflow detention (inferred),False,1,TX,TX,ERCOT,True,True,False,0,0,0,22132,Sewage treatment facilities,"City of Bryan, Texas"
193,27,City of Gastonia,False,2,0,24000,12000,3000,wet-well / inflow detention (inferred),False,1,NC,NC,Duke,False,True,False,0,0,0,22132,Sewage treatment facilities,City of Gastonia
194,36,City of Sulphur Springs,False,2,0,22000,12000,3000,mixed portfolio (per-station audit required),False,1,TX,TX,ERCOT,True,True,False,0,0,0,22131,Water supply & irrigation systems,City of Sulphur Springs
195,40,Aqua Water Supply,False,4,0,22000,10000,3000,elevated storage network (inferred),False,1,TX,TX,ERCOT,True,True,False,0,0,0,22131,Water supply & irrigation systems,Aqua Water Supply | Aqua Water Supply Corporation
196,40,East Rio Hondo Water Supply,False,2,0,22000,12000,3000,elevated storage network (inferred),False,1,TX,TX,ERCOT,True,True,False,0,0,0,22131,Water supply & irrigation systems,East Rio Hondo Water Supply Corporation
197,26,City of Palatka,False,2,0,20000,10000,3000,mixed portfolio (per-station audit required),False,1,FL,FL,SERC,False,True,False,0,0,0,22131,Water supply & irrigation systems,City of Palatka
198,26,City of Georgetown,False,2,0,20000,10000,3000,mixed portfolio (per-station audit required),False,1,SC,SC,Duke,False,True,False,0,0,0,22131,Water supply & irrigation systems,City of Georgetown
199,44,City of Mission,False,2,0,20000,10000,3000,elevated storage network (inferred),False,1,TX,TX,ERCOT,True,True,False,1,1,0,22131,Water supply & irrigation systems,City of Mission
200,34,City of Columbus Utilities,False,2,0,20000,10000,3000,elevated storage network (inferred),False,1,IN,IN,MISO,False,True,True,0,0,0,22131,Water supply & irrigation systems,City of Columbus Utilities
201,36,City of Dunkirk,False,2,0,20000,10000,3000,mixed portfolio (per-station audit required),False,1,NY,NY,NYISO,True,True,False,0,0,0,22131,Water supply & irrigation systems,City of Dunkirk
202,43,City of Commerce,False,3,0,18450,6450,2900,elevated storage network (inferred),False,2,"GA,TX",TX,ERCOT,True,True,False,0,0,0,22131,Water supply & irrigation systems,City of Commerce
203,29,Montgomery Water Works Sanitary Sewer Board,False,2,0,36800,27600,2700,mixed portfolio (per-station audit required),False,1,AL,AL,SERC,False,True,True,0,0,0,22131,Water supply & irrigation systems,Montgomery Water Works and Sanitary Sewer Board
204,29,Leavenworth Waterworks,False,2,0,36000,28000,2700,elevated storage network (inferred),False,1,KS,KS,SPP,False,True,False,0,0,0,22131,Water supply & irrigation systems,Leavenworth Waterworks
205,43,City of Waco Water Utilities Department,False,2,0,30000,24000,2700,mixed portfolio (per-station audit required),False,1,TX,TX,ERCOT,True,True,True,1,1,0,22131,Water supply & irrigation systems,City of Waco Water Utilities Department
206,29,MidDakota Rural Water System,False,2,0,28000,22000,2700,elevated storage network (inferred),False,1,SD,SD,SPP,False,True,False,0,0,0,22131,Water supply & irrigation systems,"Mid-Dakota Rural Water System, Inc."
207,25,City of Ponca City,False,2,0,26000,20000,2700,mixed portfolio (per-station audit required),False,1,OK,OK,SPP,False,True,False,0,0,0,22131,Water supply & irrigation systems,City of Ponca City
208,29,Lafourche Parish Water Dist No 1,False,2,0,25000,17000,2700,elevated storage network (inferred),False,1,LA,LA,MISO,False,True,False,0,0,0,22131,Water supply & irrigation systems,Lafourche Parish Water Dist. No. 1
209,39,City of Big Spring Texas,False,2,0,24000,16000,2700,mixed portfolio (per-station audit required),False,1,TX,TX,ERCOT,True,True,False,1,1,0,22131,Water supply & irrigation systems,"City of Big Spring, Texas"
210,35,City of Port Neches,False,2,0,20000,12000,2700,mixed portfolio (per-station audit required),False,1,TX,TX,ERCOT,True,True,False,0,0,0,22131,Water supply & irrigation systems,City of Port Neches
211,33,Beckley Water,False,2,0,20000,16000,2700,elevated storage network (inferred),False,1,WV,WV,PJM,False,True,False,0,0,0,22131,Water supply & irrigation systems,Beckley Water Company
212,25,City of Winnfield,False,2,0,18000,10000,2700,mixed portfolio (per-station audit required),False,1,LA,LA,MISO,False,True,False,0,0,0,22132,Sewage treatment facilities,City of Winnfield
213,43,City of Weatherford,False,2,0,18000,14000,2700,mixed portfolio (per-station audit required),False,2,"OK,TX",TX,ERCOT,True,True,False,1,1,0,22131,Water supply & irrigation systems,CITY OF WEATHERFORD | City of Weatherford
214,37,El Dorado Water Utilities,False,2,0,16000,10000,2700,elevated storage network (inferred),False,1,AR,AR,SPP,False,True,True,2,1,0,22131,Water supply & irrigation systems,El Dorado Water Utilities
215,39,City of Round Rock,False,2,0,14000,12000,2700,mixed portfolio (per-station audit required),False,1,TX,TX,ERCOT,True,True,False,1,1,0,22131,Water supply & irrigation systems,City of Round Rock
216,32,Utility Holdings,False,3,0,30000,18000,2500,elevated storage network (inferred),False,1,LA,LA,MISO,False,True,True,0,0,0,22131,Water supply & irrigation systems,"Utility Holdings, Inc."
217,38,Town of Bethlehem Department of Public Works,False,3,0,27500,16000,2500,elevated storage network (inferred),False,1,NY,NY,NYISO,True,True,False,0,0,0,22131,Water supply & irrigation systems,Town of Bethlehem Department of Public Works
218,33,Gaffney Board of Public Works,False,3,0,24000,12000,2500,wet-well / inflow detention (inferred),False,1,SC,SC,Duke,False,True,True,1,1,0,22132,Sewage treatment facilities,Gaffney Board of Public Works
219,36,Huntington Beach Utilities,False,5,0,20000,4000,2500,elevated storage network (inferred),False,1,CA,CA,CAISO,False,True,True,0,0,0,22131,Water supply & irrigation systems,Huntington Beach Utilities
220,28,City Of Florence Water Department,False,2,0,16000,8000,2400,elevated storage network (inferred),False,1,AL,AL,SERC,False,True,False,0,0,0,22131,Water supply & irrigation systems,City Of Florence Water Department
221,24,City of Branson,False,2,0,16000,8000,2400,mixed portfolio (per-station audit required),False,1,MO,MO,MISO,False,True,False,0,0,0,22131,Water supply & irrigation systems,City Of Branson | City of Branson
222,28,City of Enid,False,2,0,16000,8000,2400,elevated storage network (inferred),False,1,OK,OK,SPP,False,True,False,0,0,0,22131,Water supply & irrigation systems,City of Enid
223,28,City of West Point,False,2,0,16000,8000,2400,elevated storage network (inferred),False,1,MS,MS,SERC,False,True,False,0,0,0,22131,Water supply & irrigation systems,City of West Point
224,38,City of Cleburne,False,2,0,16000,8000,2400,mixed portfolio (per-station audit required),False,1,TX,TX,ERCOT,True,True,False,1,1,0,22131,Water supply & irrigation systems,City of Cleburne
225,38,New Braunfels Utilities,False,2,0,14000,8000,2400,mixed portfolio (per-station audit required),False,1,TX,TX,ERCOT,True,True,True,0,0,0,22131,Water supply & irrigation systems,New Braunfels Utilities
226,28,Town of Vidalia,False,2,0,12000,8000,2400,mixed portfolio (per-station audit required),False,1,LA,LA,MISO,False,True,False,1,1,0,22131,Water supply & irrigation systems,Town of Vidalia
227,32,Southwest Water Authority,False,2,0,12000,6000,2400,elevated storage network (inferred),False,1,ND,ND,MISO,False,True,True,0,0,0,22131,Water supply & irrigation systems,Southwest Water Authority
228,38,City of Kerrville,False,2,0,12000,6000,2400,mixed portfolio (per-station audit required),False,1,TX,TX,ERCOT,True,True,False,1,1,0,22131,Water supply & irrigation systems,City of Kerrville
229,34,City of Plainview,False,2,0,12000,8000,2400,mixed portfolio (per-station audit required),False,1,TX,TX,ERCOT,True,True,False,0,0,0,22131,Water supply & irrigation systems,City of Plainview
230,28,City Of Norfolk,False,2,0,12000,8000,2400,elevated storage network (inferred),False,1,NE,NE,SPP,False,True,False,0,0,0,22131,Water supply & irrigation systems,City Of Norfolk
231,42,Agua Special Utility District,False,2,0,12000,6000,2400,elevated storage network (inferred),False,1,TX,TX,ERCOT,True,True,True,0,0,0,22131,Water supply & irrigation systems,Agua Special Utility District
232,24,City of Dublin,False,2,0,12000,6000,2400,mixed portfolio (per-station audit required),False,1,GA,GA,SERC,False,True,False,0,0,0,22131,Water supply & irrigation systems,City of Dublin
233,34,City of Rio Grande City,False,2,0,12000,8000,2400,mixed portfolio (per-station audit required),False,1,TX,TX,ERCOT,True,True,False,0,0,0,22131,Water supply & irrigation systems,City of Rio Grande City
234,34,City of Stamford,False,2,0,12000,8000,2400,mixed portfolio (per-station audit required),False,1,TX,TX,ERCOT,True,True,False,0,0,0,22131,Water supply & irrigation systems,City of Stamford
235,35,CITY OF ATHENS,False,2,0,12000,6000,2400,wet-well / inflow detention (inferred),False,1,TX,TX,ERCOT,True,True,False,0,0,0,22132,Sewage treatment facilities,CITY OF ATHENS
236,24,City of Breaux Bridge,False,2,0,10750,6000,2400,mixed portfolio (per-station audit required),False,1,LA,LA,MISO,False,True,False,0,0,0,22131,Water supply & irrigation systems,City of Breaux Bridge
237,24,City of Milledgeville,False,2,0,10000,6000,2400,mixed portfolio (per-station audit required),False,1,GA,GA,SERC,False,True,False,0,0,0,22131,Water supply & irrigation systems,City of Milledgeville
238,34,City of Henderson,False,2,0,10000,6000,2400,mixed portfolio (per-station audit required),False,1,TX,TX,ERCOT,True,True,False,0,0,0,22131,Water supply & irrigation systems,City of Henderson
239,28,City of Sulphur,False,2,0,8000,4000,2400,elevated storage network (inferred),False,1,LA,LA,MISO,False,True,False,0,0,0,22131,Water supply & irrigation systems,City of Sulphur
240,24,City of Neosho,False,2,0,8000,6000,2400,mixed portfolio (per-station audit required),False,1,MO,MO,MISO,False,True,False,0,0,0,22131,Water supply & irrigation systems,City of Neosho
241,42,City of Orange,False,2,0,8000,4000,2400,elevated storage network (inferred),False,1,TX,TX,ERCOT,True,True,False,1,1,0,22131,Water supply & irrigation systems,City of Orange
242,38,City of Palestine Utilities,False,2,0,8000,4000,2400,mixed portfolio (per-station audit required),False,1,TX,TX,ERCOT,True,True,True,0,0,0,22131,Water supply & irrigation systems,City of Palestine Utilities
243,28,St Charles Parish Waterworks,False,2,0,8000,4000,2400,elevated storage network (inferred),False,1,LA,LA,MISO,False,True,False,0,0,0,22131,Water supply & irrigation systems,St. Charles Parish Waterworks
244,45,City of San Juan,False,2,0,8000,4000,2400,elevated storage network (inferred),False,1,TX,TX,ERCOT,True,True,False,1,1,1,22131,Water supply & irrigation systems,City of San Juan
245,28,City of Jackson Water Sewer Utilities,False,2,0,40000,32000,2000,wet-well / inflow detention (inferred),False,1,MS,MS,SERC,False,True,True,0,0,0,22132,Sewage treatment facilities,City of Jackson Water / Sewer Utilities
246,37,City of Midland,False,2,0,32000,24000,2000,mixed portfolio (per-station audit required),False,2,"MI,TX",TX,ERCOT,True,True,False,0,0,0,22131,Water supply & irrigation systems,City of Midland
247,41,City of Troy,False,2,0,28000,24000,2000,elevated storage network (inferred),False,2,"NY,OH",OH,PJM,True,True,False,0,0,0,22131,Water supply & irrigation systems,City of Troy
248,23,City of Rock Hill,False,2,0,24000,16000,2000,mixed portfolio (per-station audit required),False,1,SC,SC,Duke,False,True,False,0,0,0,22131,Water supply & irrigation systems,City of Rock Hill
249,27,City of Homestead,False,2,0,24000,16000,2000,elevated storage network (inferred),False,1,FL,FL,SERC,False,True,False,0,0,0,22131,Water supply & irrigation systems,City of Homestead
250,34,City of Laredo,False,2,0,24000,16000,2000,wet-well / inflow detention (inferred),False,1,TX,TX,ERCOT,True,True,False,0,0,0,22131,Water supply & irrigation systems,City of Laredo
251,27,City of Lumberton North Carolina,False,2,0,24000,16000,2000,mixed portfolio (per-station audit required),False,1,NC,NC,Duke,False,True,False,1,1,0,22131,Water supply & irrigation systems,"City of Lumberton, North Carolina"
252,27,City of Atlantic Beach,False,4,0,24000,6000,2000,elevated storage network (inferred),False,1,FL,FL,SERC,False,True,False,0,0,0,22131,Water supply & irrigation systems,City Of Atlantic Beach | City of Atlantic Beach
253,37,City of Toledo,False,2,0,24000,20000,2000,mixed portfolio (per-station audit required),False,1,OH,OH,PJM,True,True,False,1,1,0,22131,Water supply & irrigation systems,City of Toledo
254,31,Englewood Water District,False,2,0,24000,16000,2000,elevated storage network (inferred),False,1,FL,FL,SERC,False,True,True,0,0,0,22131,Water supply & irrigation systems,Englewood Water District
255,27,Ardmore Public Works Authority,False,2,0,22000,16000,2000,mixed portfolio (per-station audit required),False,1,OK,OK,SPP,False,True,True,0,0,0,22131,Water supply & irrigation systems,Ardmore Public Works Authority
256,37,Aqua Pennsylvania,False,2,0,22000,14000,2000,elevated storage network (inferred),False,1,PA,PA,PJM,True,True,False,0,0,0,325181,Other,"Aqua Pennsylvania, Inc."
257,23,City Of South Bend,False,2,0,22000,16000,2000,mixed portfolio (per-station audit required),False,1,IN,IN,MISO,False,True,False,0,0,0,22131,Water supply & irrigation systems,City Of South Bend | City of South Bend
258,27,City of Winona,False,2,0,22000,16000,2000,elevated storage network (inferred),False,1,MN,MN,MISO,False,True,False,0,0,0,22131,Water supply & irrigation systems,City of Winona
259,27,KENOSHA WATER UTILITY,False,2,0,20304,13504,2000,mixed portfolio (per-station audit required),False,1,WI,WI,MISO,False,True,True,0,0,0,22131,Water supply & irrigation systems,KENOSHA WATER UTILITY
260,23,Conway,False,2,0,20000,12000,2000,mixed portfolio (per-station audit required),False,1,AR,AR,SPP,False,True,False,0,0,0,22131,Water supply & irrigation systems,Conway Corporation
261,31,Town of Blackstone,False,2,0,20000,12000,2000,elevated storage network (inferred),False,1,VA,VA,PJM,False,True,False,0,0,0,22131,Water supply & irrigation systems,Town of Blackstone
262,24,City of Oklahoma City,False,2,0,20000,16000,2000,wet-well / inflow detention (inferred),False,1,OK,OK,SPP,False,True,False,0,0,0,22132,Sewage treatment facilities,City of Oklahoma City
263,23,City of Newberry,False,2,0,18000,12000,2000,mixed portfolio (per-station audit required),False,1,SC,SC,Duke,False,True,False,0,0,0,22131,Water supply & irrigation systems,City of Newberry
264,33,City of Donna,False,2,0,18000,14000,2000,mixed portfolio (per-station audit required),False,1,TX,TX,ERCOT,True,True,False,0,0,0,22132,Sewage treatment facilities,City of Donna
265,23,Town of Waynesville,False,2,0,18000,10000,2000,mixed portfolio (per-station audit required),False,1,NC,NC,Duke,False,True,False,0,0,0,22131,Water supply & irrigation systems,Town Of Waynesville | Town of Waynesville
266,27,City of Coon Rapids MN,False,2,0,18000,10000,2000,elevated storage network (inferred),False,1,MN,MN,MISO,False,True,False,0,0,0,22131,Water supply & irrigation systems,"City of Coon Rapids, MN"
267,23,City of Claremore,False,2,0,14000,10000,2000,mixed portfolio (per-station audit required),False,1,OK,OK,SPP,False,True,False,0,0,0,22131,Water supply & irrigation systems,City of Claremore
268,37,City of Beeville Texas,False,2,0,14000,10000,2000,mixed portfolio (per-station audit required),False,1,TX,TX,ERCOT,True,True,False,1,1,0,22131,Water supply & irrigation systems,"City of Beeville, Texas"
269,39,Schuylkill County Municipal Authority,False,1,0,8000,8000,2000,elevated storage network (inferred),False,1,PA,PA,PJM,True,False,True,0,0,0,22131,Water supply & irrigation systems,Schuylkill County Municipal Authority
270,22,US Dept of Energy Richland Operations Office,False,1,0,4000,4000,2000,elevated storage network (inferred),False,1,WA,WA,NW,False,False,False,0,0,0,22131,Water supply & irrigation systems,"U.S. Dept. of Energy, Richland Operations Office"
271,30,City of Abbeville,False,2,0,12000,6000,1700,elevated storage network (inferred),False,2,"LA,SC",SC,Duke,False,True,False,0,0,0,22131,Water supply & irrigation systems,City of Abbeville
272,34,City Of Sherman,False,1,0,38500,38500,1500,elevated storage network (inferred),False,1,TX,TX,ERCOT,True,False,False,0,0,0,22131,Water supply & irrigation systems,City Of Sherman
273,20,Clearwater Paper,False,1,0,37000,37000,1500,buffer unknown,False,1,GA,GA,SERC,False,False,False,1,1,0,32211,Other,Clearwater Paper Corporation
274,25,Little Rock Water Reclamation Authority,False,1,0,36800,36800,1500,wet-well / inflow detention (inferred),False,1,AR,AR,SPP,False,False,True,0,0,0,22132,Sewage treatment facilities,Little Rock Water Reclamation Authority
275,38,Brazosport Water Authority,False,1,0,36000,36000,1500,elevated storage network (inferred),False,1,TX,TX,ERCOT,True,False,True,0,0,0,22131,Water supply & irrigation systems,Brazosport Water Authority
276,24,City of Salina Kansas,False,1,0,36000,36000,1500,elevated storage network (inferred),False,1,KS,KS,SPP,False,False,False,0,0,0,22131,Water supply & irrigation systems,"City of Salina, Kansas"
277,32,Sweetwater Authority,False,1,0,36000,36000,1500,elevated storage network (inferred),False,1,CA,CA,CAISO,False,False,True,0,0,0,22131,Water supply & irrigation systems,Sweetwater Authority
278,28,Jefferson Parish Department of Water,False,1,0,36000,36000,1500,elevated storage network (inferred),False,1,LA,LA,MISO,False,False,False,3,1,0,22131,Water supply & irrigation systems,Jefferson Parish Department of Water
279,32,Helix Water District,False,1,0,36000,36000,1500,elevated storage network (inferred),False,1,CA,CA,CAISO,False,False,True,0,0,0,22131,Water supply & irrigation systems,Helix Water District
280,28,Gainesville Regional Utilities,False,1,0,36000,36000,1500,elevated storage network (inferred),False,1,FL,FL,SERC,False,False,True,0,0,0,22131,Water supply & irrigation systems,Gainesville Regional Utilities
281,32,Santa Fe Irrigation District,False,1,0,36000,36000,1500,elevated storage network (inferred),False,1,CA,CA,CAISO,False,False,True,0,0,0,22131,Water supply & irrigation systems,Santa Fe Irrigation District
282,28,City of Lincoln Nebraska,False,1,0,35000,35000,1500,elevated storage network (inferred),False,1,NE,NE,SPP,False,False,False,1,1,0,22131,Water supply & irrigation systems,"City of Lincoln, Nebraska"
283,21,City of Albany GA,False,1,0,35000,35000,1500,wet-well / inflow detention (inferred),False,1,GA,GA,SERC,False,False,False,0,0,0,22132,Sewage treatment facilities,"City of Albany, GA"
284,34,City of Evanston,False,1,0,32600,32600,1500,elevated storage network (inferred),False,1,IL,IL,PJM,True,False,False,0,0,0,22131,Water supply & irrigation systems,City of Evanston
285,21,City of Mesa,False,1,0,32000,32000,1500,elevated storage network (inferred),False,1,AZ,AZ,WECC,False,False,False,0,0,0,22131,Water supply & irrigation systems,City of Mesa
286,21,City of Great Falls,False,1,0,32000,32000,1500,elevated storage network (inferred),False,1,MT,MT,NW,False,False,False,0,0,0,22131,Water supply & irrigation systems,City of Great Falls
287,28,Santa Clarita Valley Water Agency,False,1,0,32000,32000,1500,elevated storage network (inferred),False,1,CA,CA,CAISO,False,False,False,0,0,0,22131,Water supply & irrigation systems,Santa Clarita Valley Water Agency
288,32,Central Coast Water Authority,False,1,0,32000,32000,1500,elevated storage network (inferred),False,1,CA,CA,CAISO,False,False,True,0,0,0,22131,Water supply & irrigation systems,Central Coast Water Authority
289,38,WilkinsburgPenn Joint Water Authority,False,1,0,32000,32000,1500,elevated storage network (inferred),False,1,PA,PA,PJM,True,False,True,0,0,0,22131,Water supply & irrigation systems,Wilkinsburg-Penn Joint Water Authority
290,25,Jordan Valley Water Conservancy District,False,1,0,32000,32000,1500,elevated storage network (inferred),False,1,UT,UT,WECC,False,False,True,0,0,0,22131,Water supply & irrigation systems,Jordan Valley Water Conservancy District
291,34,City of Bethlehem PA,False,1,0,32000,32000,1500,elevated storage network (inferred),False,1,PA,PA,PJM,True,False,False,0,0,0,22131,Water supply & irrigation systems,"City of Bethlehem, PA"
292,38,Lynn Water Sewer Commission,False,1,0,32000,32000,1500,elevated storage network (inferred),False,1,MA,MA,ISO-NE,True,False,True,0,0,0,22131,Water supply & irrigation systems,Lynn Water and Sewer Commission
293,28,City of Inglewood,False,1,0,32000,32000,1500,elevated storage network (inferred),False,1,CA,CA,CAISO,False,False,False,0,0,0,22131,Water supply & irrigation systems,City of Inglewood
294,34,Illinois American Water,False,1,0,32000,32000,1500,elevated storage network (inferred),False,1,IL,IL,PJM,True,False,False,0,0,0,22131,Water supply & irrigation systems,Illinois American Water
295,28,Upper Oconee Basin Water Authority,False,1,0,32000,32000,1500,elevated storage network (inferred),False,1,GA,GA,SERC,False,False,True,0,0,0,22131,Water supply & irrigation systems,Upper Oconee Basin Water Authority
296,21,Spartanburg Water,False,1,0,32000,32000,1500,wet-well / inflow detention (inferred),False,1,SC,SC,Duke,False,False,False,0,0,0,22132,Sewage treatment facilities,Spartanburg Water
297,26,City of North Tonawanda NY,False,1,0,32000,32000,1500,buffer unknown,False,1,NY,NY,NYISO,True,False,False,0,0,0,56221,Other,"City of North Tonawanda, NY"
298,25,City of Lakeland Water Utilities,False,1,0,32000,32000,1500,wet-well / inflow detention (inferred),False,1,FL,FL,SERC,False,False,True,0,0,0,22132,Sewage treatment facilities,City of Lakeland Water Utilities
299,25,Muncie Sanitary District,False,1,0,32000,32000,1500,wet-well / inflow detention (inferred),False,1,IN,IN,MISO,False,False,True,0,0,0,22132,Sewage treatment facilities,Muncie Sanitary District
300,45,Niagara Falls Water Board,False,1,0,30000,30000,1500,elevated storage network (inferred),False,1,NY,NY,NYISO,True,False,True,1,1,1,22131,Water supply & irrigation systems,Niagara Falls Water Board
301,24,City of Independence Water Department,False,1,0,30000,30000,1500,elevated storage network (inferred),False,1,MO,MO,MISO,False,False,False,0,0,0,22131,Water supply & irrigation systems,City of Independence Water Department
302,34,City of Worcester,False,1,0,30000,30000,1500,elevated storage network (inferred),False,1,MA,MA,ISO-NE,True,False,False,0,0,0,22131,Water supply & irrigation systems,City of Worcester
303,42,Reading Area Water Authority,False,1,0,30000,30000,1500,elevated storage network (inferred),False,1,PA,PA,PJM,True,False,True,1,1,0,22131,Water supply & irrigation systems,Reading Area Water Authority
304,18,City of Flagstaff Water Services,False,1,0,30000,30000,1500,wet-well / inflow detention (inferred),False,1,AZ,AZ,WECC,False,False,False,0,0,0,22132,Sewage treatment facilities,City of Flagstaff Water Services
305,25,City of Arcata,False,1,0,30000,30000,1500,wet-well / inflow detention (inferred),False,1,CA,CA,CAISO,False,False,False,0,0,0,22132,Sewage treatment facilities,City of Arcata
306,34,CITY OF ELYRIA OHIO,False,1,0,28000,28000,1500,elevated storage network (inferred),False,1,OH,OH,PJM,True,False,False,0,0,0,22131,Water supply & irrigation systems,"CITY OF ELYRIA, OHIO"
307,24,City of Texarkana Arkansas,False,1,0,28000,28000,1500,elevated storage network (inferred),False,1,AR,AR,SPP,False,False,False,0,0,0,22131,Water supply & irrigation systems,"City of Texarkana, Arkansas"
308,21,City of Glendale,False,1,0,28000,28000,1500,elevated storage network (inferred),False,1,AZ,AZ,WECC,False,False,False,0,0,0,22131,Water supply & irrigation systems,City of Glendale
309,38,City of HolyokeHolyoke Water Works,False,1,0,28000,28000,1500,elevated storage network (inferred),False,1,MA,MA,ISO-NE,True,False,False,1,1,0,22131,Water supply & irrigation systems,"City of Holyoke,Holyoke Water Works"
310,24,Kentucky American Water,False,1,0,28000,28000,1500,elevated storage network (inferred),False,1,KY,KY,TVA,False,False,False,0,0,0,22131,Water supply & irrigation systems,Kentucky American Water  Co.
311,18,Central Weber Sewer Improvement Dis,False,1,0,28000,28000,1500,wet-well / inflow detention (inferred),False,1,UT,UT,WECC,False,False,False,0,0,0,22132,Sewage treatment facilities,Central Weber Sewer Improvement Dis
312,28,South Island Public Service District,False,1,0,28000,28000,1500,elevated storage network (inferred),False,1,SC,SC,Duke,False,False,True,0,0,0,22132,Sewage treatment facilities,South Island Public Service District
313,25,Desert Water Agency,False,1,0,27000,27000,1500,wet-well / inflow detention (inferred),False,1,CA,CA,CAISO,False,False,False,0,0,0,22132,Sewage treatment facilities,Desert Water Agency
314,32,Three Valleys Municipal Water District,False,1,0,26000,26000,1500,elevated storage network (inferred),False,1,CA,CA,CAISO,False,False,True,0,0,0,22131,Water supply & irrigation systems,Three Valleys Municipal Water District
315,34,City of Hagerstown Water Department,False,1,0,26000,26000,1500,elevated storage network (inferred),False,1,MD,MD,PJM,True,False,False,0,0,0,22131,Water supply & irrigation systems,City of Hagerstown Water Department
316,13,Carlos A Reyes,False,1,0,26000,26000,1500,buffer unknown,False,1,PR,PR,Other,False,False,False,0,0,0,22111,Other,Carlos A. Reyes
317,25,Orangeburg Department of Utilities,False,1,0,26000,26000,1500,wet-well / inflow detention (inferred),False,1,SC,SC,Duke,False,False,True,0,0,0,22132,Sewage treatment facilities,Orangeburg Department of Utilities
318,18,City of Astoria,False,1,0,24900,24900,1500,wet-well / inflow detention (inferred),False,1,OR,OR,NW,False,False,False,0,0,0,22132,Sewage treatment facilities,City of Astoria
319,24,Tom Cleveland,False,1,0,24024,24024,1500,elevated storage network (inferred),False,1,AL,AL,SERC,False,False,False,0,0,0,22131,Water supply & irrigation systems,Tom Cleveland
320,34,Frederick County,False,1,0,24000,24000,1500,elevated storage network (inferred),False,1,MD,MD,PJM,True,False,False,0,0,0,22131,Water supply & irrigation systems,Frederick County
321,28,City of Providence Rhode Island,False,1,0,24000,24000,1500,elevated storage network (inferred),False,1,RI,RI,ISO-NE,False,False,False,0,0,0,22131,Water supply & irrigation systems,"City of Providence, Rhode Island"
322,24,Greenville Water System,False,1,0,24000,24000,1500,elevated storage network (inferred),False,1,SC,SC,Duke,False,False,False,0,0,0,22131,Water supply & irrigation systems,Greenville Water System
323,34,SaginawMidland Municipal Water Supply,False,1,0,24000,24000,1500,elevated storage network (inferred),False,1,MI,MI,MISO,True,False,True,0,0,0,22131,Water supply & irrigation systems,Saginaw-Midland Municipal Water Supply Corporation
324,21,City of Billings Montana,False,1,0,24000,24000,1500,elevated storage network (inferred),False,1,MT,MT,NW,False,False,False,0,0,0,22131,Water supply & irrigation systems,"City of Billings, Montana"
325,34,Veolia North America,False,1,0,24000,24000,1500,elevated storage network (inferred),False,1,NY,NY,NYISO,True,False,False,0,0,0,22131,Water supply & irrigation systems,"Veolia North America, LLC"
326,32,Florida Keys Aqueduct Authority,False,1,0,24000,24000,1500,elevated storage network (inferred),False,1,FL,FL,SERC,False,False,True,1,1,0,22131,Water supply & irrigation systems,Florida Keys Aqueduct Authority
327,32,Contra Costa Water District,False,1,0,24000,24000,1500,elevated storage network (inferred),False,1,CA,CA,CAISO,False,False,True,0,0,0,22131,Water supply & irrigation systems,Contra Costa Water District
328,24,City of Bossier City,False,1,0,24000,24000,1500,elevated storage network (inferred),False,1,LA,LA,MISO,False,False,False,0,0,0,22131,Water supply & irrigation systems,City of Bossier City
329,25,City of Glendale Water Services Department,False,1,0,24000,24000,1500,elevated storage network (inferred),False,1,AZ,AZ,WECC,False,False,False,1,1,0,22131,Water supply & irrigation systems,City of Glendale Water Services Department
330,34,City of Lima Ohio,False,1,0,24000,24000,1500,elevated storage network (inferred),False,1,OH,OH,PJM,True,False,False,0,0,0,325181,Other,"City of Lima, Ohio"
331,24,City of Lauderhill,False,1,0,24000,24000,1500,elevated storage network (inferred),False,1,FL,FL,SERC,False,False,False,0,0,0,22131,Water supply & irrigation systems,City of Lauderhill
332,38,Gulf Coast Water Authority,False,1,0,24000,24000,1500,elevated storage network (inferred),False,1,TX,TX,ERCOT,True,False,True,0,0,0,22131,Water supply & irrigation systems,Gulf Coast Water Authority
333,38,Springfield Water Sewer Commission,False,1,0,24000,24000,1500,elevated storage network (inferred),False,1,MA,MA,ISO-NE,True,False,True,0,0,0,22131,Water supply & irrigation systems,Springfield Water and Sewer Commission
334,24,Public Works,False,1,0,24000,24000,1500,elevated storage network (inferred),False,1,LA,LA,MISO,False,False,False,0,0,0,22131,Water supply & irrigation systems,Public Works
335,24,Rick Wahlen,False,1,0,24000,24000,1500,elevated storage network (inferred),False,1,MN,MN,MISO,False,False,False,0,0,0,22131,Water supply & irrigation systems,Rick Wahlen
336,28,Orangeburg Department of Public Utilities,False,1,0,24000,24000,1500,elevated storage network (inferred),False,1,SC,SC,Duke,False,False,True,0,0,0,22131,Water supply & irrigation systems,Orangeburg Department of Public Utilities
337,34,City of Cambridge,False,1,0,24000,24000,1500,elevated storage network (inferred),False,1,OH,OH,PJM,True,False,False,0,0,0,22131,Water supply & irrigation systems,City of Cambridge
338,32,City of San Diego,False,1,0,24000,24000,1500,elevated storage network (inferred),False,1,CA,CA,CAISO,False,False,False,1,1,0,325181,Other,City of San Diego
339,34,City of San Angelo,False,1,0,24000,24000,1500,elevated storage network (inferred),False,1,TX,TX,ERCOT,True,False,False,0,0,0,22131,Water supply & irrigation systems,City of San Angelo
340,28,CITY OF SAN DIEGO WATER DEPARTMENT,False,1,0,24000,24000,1500,elevated storage network (inferred),False,1,CA,CA,CAISO,False,False,False,0,0,0,325181,Other,CITY OF SAN DIEGO WATER DEPARTMENT
341,38,Brown County Water Improvement District 1,False,1,0,24000,24000,1500,elevated storage network (inferred),False,1,TX,TX,ERCOT,True,False,True,0,0,0,22131,Water supply & irrigation systems,Brown County Water Improvement District # 1
342,34,City of Grapevine,False,1,0,24000,24000,1500,elevated storage network (inferred),False,1,TX,TX,ERCOT,True,False,False,0,0,0,22131,Water supply & irrigation systems,City of Grapevine
343,28,City of Bartow,False,1,0,24000,24000,1500,elevated storage network (inferred),False,1,FL,FL,SERC,False,False,False,1,1,0,22131,Water supply & irrigation systems,City of Bartow
344,25,Seattle Public Utilities,False,1,0,24000,24000,1500,elevated storage network (inferred),False,1,WA,WA,NW,False,False,True,0,0,0,22131,Water supply & irrigation systems,Seattle Public Utilities
345,29,City of Martinsville,False,1,0,24000,24000,1500,wet-well / inflow detention (inferred),False,1,VA,VA,PJM,False,False,False,1,1,0,22132,Sewage treatment facilities,City of Martinsville
346,31,City of Conroe Texas,False,1,0,24000,24000,1500,wet-well / inflow detention (inferred),False,1,TX,TX,ERCOT,True,False,False,0,0,0,22132,Sewage treatment facilities,"City of Conroe, Texas"
347,25,City Of Kings Mountain,False,1,0,24000,24000,1500,wet-well / inflow detention (inferred),False,1,NC,NC,Duke,False,False,False,1,1,0,22132,Sewage treatment facilities,City Of Kings Mountain
348,21,City of LaGrange GA,False,1,0,24000,24000,1500,wet-well / inflow detention (inferred),False,1,GA,GA,SERC,False,False,False,0,0,0,22132,Sewage treatment facilities,"City of LaGrange, GA"
349,22,City of Idaho Falls,False,1,0,24000,24000,1500,wet-well / inflow detention (inferred),False,1,ID,ID,NW,False,False,False,2,1,0,22132,Sewage treatment facilities,City of Idaho Falls
350,31,City of Reading PA,False,1,0,24000,24000,1500,wet-well / inflow detention (inferred),False,1,PA,PA,PJM,True,False,False,0,0,0,22132,Sewage treatment facilities,"City of Reading, PA"
351,22,Puerto Rico Aqueducr & Sewer Authority,False,1,0,24000,24000,1500,wet-well / inflow detention (inferred),False,1,PR,PR,Other,False,False,True,0,0,0,22132,Sewage treatment facilities,Puerto Rico Aqueducr & Sewer Authority
352,39,City of Paris Utilities,False,1,0,24000,24000,1500,wet-well / inflow detention (inferred),False,1,TX,TX,ERCOT,True,False,True,1,1,0,22132,Sewage treatment facilities,City of Paris Utilities
353,25,Sanitary District of Hammond,False,1,0,24000,24000,1500,wet-well / inflow detention (inferred),False,1,IN,IN,MISO,False,False,True,0,0,0,22132,Sewage treatment facilities,Sanitary District of Hammond
354,25,Dalton Utilities,False,1,0,24000,24000,1500,wet-well / inflow detention (inferred),False,1,GA,GA,SERC,False,False,True,0,0,0,22132,Sewage treatment facilities,Dalton Utilities
355,25,St Charles Parish Council,False,1,0,24000,24000,1500,wet-well / inflow detention (inferred),False,1,LA,LA,MISO,False,False,False,1,1,0,22132,Sewage treatment facilities,St. Charles Parish Council
356,34,City of Lorain,False,1,0,22000,22000,1500,elevated storage network (inferred),False,1,OH,OH,PJM,True,False,False,0,0,0,22131,Water supply & irrigation systems,City of Lorain
357,24,City of Eden Water Plant,False,1,0,22000,22000,1500,elevated storage network (inferred),False,1,NC,NC,Duke,False,False,False,0,0,0,22131,Water supply & irrigation systems,"City of Eden, Water Plant"
358,34,City of Watertown NY,False,1,0,22000,22000,1500,elevated storage network (inferred),False,1,NY,NY,NYISO,True,False,False,0,0,0,22131,Water supply & irrigation systems,"City of Watertown, NY"
359,30,Sylvamo North America,False,1,0,22000,22000,1500,buffer unknown,False,1,NY,NY,NYISO,True,False,False,2,1,0,32211,Other,Sylvamo North America LLC
360,28,Racine Water & Wastewater Utilities,False,1,0,22000,22000,1500,elevated storage network (inferred),False,1,WI,WI,MISO,False,False,True,0,0,0,22131,Water supply & irrigation systems,Racine Water & Wastewater Utilities
361,28,Consolidated Waterworks District No 1,False,1,0,21000,21000,1500,elevated storage network (inferred),False,1,LA,LA,MISO,False,False,True,0,0,0,22131,Water supply & irrigation systems,Consolidated Waterworks District No. 1
362,20,International Paper,False,1,0,20381,20381,1500,buffer unknown,False,1,GA,GA,SERC,False,False,False,3,1,0,32211,Other,International Paper
363,34,City of Denison,False,1,0,20000,20000,1500,elevated storage network (inferred),False,1,TX,TX,ERCOT,True,False,False,0,0,0,22131,Water supply & irrigation systems,City of Denison
364,24,Ottumwa Water & Hydro,False,1,0,20000,20000,1500,elevated storage network (inferred),False,1,IA,IA,MISO,False,False,False,0,0,0,22131,Water supply & irrigation systems,Ottumwa Water & Hydro
365,24,City of Kingsport,False,1,0,20000,20000,1500,elevated storage network (inferred),False,1,TN,TN,TVA,False,False,False,0,0,0,22131,Water supply & irrigation systems,City of Kingsport
366,38,West View Water Authority,False,1,0,20000,20000,1500,elevated storage network (inferred),False,1,PA,PA,PJM,True,False,True,0,0,0,22131,Water supply & irrigation systems,West View Water Authority
367,34,Billerud NA,False,1,0,20000,20000,1500,elevated storage network (inferred),False,1,MI,MI,MISO,True,False,False,1,1,0,22131,Water supply & irrigation systems,Billerud NA
368,21,PUD 1 of Skagit County,False,1,0,20000,20000,1500,elevated storage network (inferred),False,1,WA,WA,NW,False,False,False,0,0,0,22131,Water supply & irrigation systems,PUD #1 of Skagit County
369,34,Travis County WC&ID No 17,False,1,0,20000,20000,1500,elevated storage network (inferred),False,1,TX,TX,ERCOT,True,False,False,0,0,0,22131,Water supply & irrigation systems,Travis County WC&ID No. 17
370,34,Central Texas Water Supply,False,1,0,20000,20000,1500,elevated storage network (inferred),False,1,TX,TX,ERCOT,True,False,False,0,0,0,22131,Water supply & irrigation systems,Central Texas Water Supply Corporation
371,34,City of Syracuse Dept of Water,False,1,0,20000,20000,1500,elevated storage network (inferred),False,1,NY,NY,NYISO,True,False,False,0,0,0,22131,Water supply & irrigation systems,City of Syracuse Dept. of Water
372,38,City of Troy Department of Public Utilities,False,1,0,20000,20000,1500,elevated storage network (inferred),False,1,NY,NY,NYISO,True,False,True,0,0,0,22131,Water supply & irrigation systems,City of Troy Department of Public Utilities
373,28,City of Pittsburg California,False,1,0,20000,20000,1500,elevated storage network (inferred),False,1,CA,CA,CAISO,False,False,False,0,0,0,22131,Water supply & irrigation systems,"City of Pittsburg, California"
374,34,Town of Colonie Division of Latham Water,False,1,0,20000,20000,1500,elevated storage network (inferred),False,1,NY,NY,NYISO,True,False,False,0,0,0,22131,Water supply & irrigation systems,Town of Colonie Division of Latham Water
375,34,Randy J Cahalan,False,1,0,20000,20000,1500,elevated storage network (inferred),False,1,PA,PA,PJM,True,False,False,0,0,0,22131,Water supply & irrigation systems,Randy J. Cahalan
376,24,City of Iowa City Department of Public Works,False,1,0,20000,20000,1500,elevated storage network (inferred),False,1,IA,IA,MISO,False,False,False,0,0,0,22131,Water supply & irrigation systems,City of Iowa City Department of Public Works
377,34,City of Sweetwater,False,1,0,20000,20000,1500,elevated storage network (inferred),False,1,TX,TX,ERCOT,True,False,False,0,0,0,22131,Water supply & irrigation systems,City of Sweetwater
378,28,City of Lakeland Water Utilities Department,False,1,0,20000,20000,1500,elevated storage network (inferred),False,1,FL,FL,SERC,False,False,True,0,0,0,22131,Water supply & irrigation systems,"City of Lakeland , Water Utilities Department"
379,38,Brazos River Authority,False,1,0,20000,20000,1500,elevated storage network (inferred),False,1,TX,TX,ERCOT,True,False,True,0,0,0,22131,Water supply & irrigation systems,Brazos River Authority
380,25,Jefferson County Commission,False,1,0,20000,20000,1500,wet-well / inflow detention (inferred),False,1,AL,AL,SERC,False,False,True,0,0,0,22132,Sewage treatment facilities,Jefferson County Commission
381,25,City of Moorhead,False,1,0,20000,20000,1500,wet-well / inflow detention (inferred),False,1,MN,MN,MISO,False,False,False,1,1,0,22132,Sewage treatment facilities,City of Moorhead
382,34,Genesee County Division of Water Waste,False,1,0,20000,20000,1500,wet-well / inflow detention (inferred),False,1,MI,MI,MISO,True,False,False,2,1,1,22132,Sewage treatment facilities,Genesee County Division of Water and Waste
383,28,Monterey One Water,False,1,0,20000,20000,1500,elevated storage network (inferred),False,1,CA,CA,CAISO,False,False,False,0,0,0,22132,Sewage treatment facilities,Monterey One Water
384,35,New Castle Sanitation Authority,False,1,0,20000,20000,1500,wet-well / inflow detention (inferred),False,1,PA,PA,PJM,True,False,True,0,0,0,22132,Sewage treatment facilities,New Castle Sanitation Authority
385,29,Huntington Sanitary Board,False,1,0,20000,20000,1500,wet-well / inflow detention (inferred),False,1,WV,WV,PJM,False,False,True,0,0,0,22132,Sewage treatment facilities,Huntington Sanitary Board
386,31,HARFORD COUNTY GOVERNMENT,False,1,0,20000,20000,1500,wet-well / inflow detention (inferred),False,1,MD,MD,PJM,True,False,False,0,0,0,22132,Sewage treatment facilities,HARFORD COUNTY GOVERNMENT
387,28,Water Treatment Plant Manager,False,1,0,19000,19000,1500,elevated storage network (inferred),False,1,CA,CA,CAISO,False,False,False,0,0,0,22131,Water supply & irrigation systems,Water Treatment Plant Manager
388,33,City of Seguin,False,3,0,18000,8000,1500,wet-well / inflow detention (inferred),False,1,TX,TX,ERCOT,True,True,False,0,0,0,22132,Sewage treatment facilities,City of Seguin
389,30,City Of Perry,False,3,0,18000,8000,1500,elevated storage network (inferred),False,2,"FL,GA",FL,SERC,False,True,False,0,0,0,22131,Water supply & irrigation systems,City Of Perry | City of Perry
390,25,Fort Collins Utilities,False,1,0,18000,18000,1500,elevated storage network (inferred),False,1,CO,CO,WECC,False,False,True,0,0,0,22131,Water supply & irrigation systems,Fort Collins Utilities
391,25,Centennial Water Sanitation District,False,1,0,18000,18000,1500,elevated storage network (inferred),False,1,CO,CO,WECC,False,False,True,0,0,0,22131,Water supply & irrigation systems,Centennial Water and Sanitation District
392,34,City of College Station Texas,False,1,0,18000,18000,1500,elevated storage network (inferred),False,1,TX,TX,ERCOT,True,False,False,0,0,0,22131,Water supply & irrigation systems,"City of College Station, Texas"
393,38,Finch Paper Holdings,False,1,0,18000,18000,1500,elevated storage network (inferred),False,1,NY,NY,NYISO,True,False,False,3,1,0,22131,Water supply & irrigation systems,Finch Paper Holdings LLC
394,24,City of St Cloud,False,1,0,18000,18000,1500,elevated storage network (inferred),False,1,MN,MN,MISO,False,False,False,0,0,0,22131,Water supply & irrigation systems,City of St. Cloud
395,28,City of Bismarck,False,1,0,18000,18000,1500,elevated storage network (inferred),False,1,ND,ND,MISO,False,False,False,4,1,0,22131,Water supply & irrigation systems,City of Bismarck
396,24,City of Toccoa,False,1,0,18000,18000,1500,elevated storage network (inferred),False,1,GA,GA,SERC,False,False,False,0,0,0,22131,Water supply & irrigation systems,City of Toccoa
397,32,Casitas Municipal Water District,False,1,0,18000,18000,1500,elevated storage network (inferred),False,1,CA,CA,CAISO,False,False,True,0,0,0,22131,Water supply & irrigation systems,Casitas Municipal Water District
398,24,Michigan City Department of Water Works,False,1,0,18000,18000,1500,elevated storage network (inferred),False,1,IN,IN,MISO,False,False,False,0,0,0,22131,Water supply & irrigation systems,Michigan City Department of Water Works
399,24,Duncan Water Treatment Plant,False,1,0,18000,18000,1500,elevated storage network (inferred),False,1,OK,OK,SPP,False,False,False,0,0,0,22131,Water supply & irrigation systems,Duncan Water Treatment Plant
400,24,City of Bartlesville,False,1,0,18000,18000,1500,elevated storage network (inferred),False,1,OK,OK,SPP,False,False,False,0,0,0,22131,Water supply & irrigation systems,City of Bartlesville
401,21,City of Sumter,False,1,0,18000,18000,1500,wet-well / inflow detention (inferred),False,1,SC,SC,Duke,False,False,False,0,0,0,22132,Sewage treatment facilities,City of Sumter
402,31,City of Victoria,False,1,0,18000,18000,1500,wet-well / inflow detention (inferred),False,1,TX,TX,ERCOT,True,False,False,0,0,0,22132,Sewage treatment facilities,City of Victoria
403,31,City of Saginaw Michigan,False,1,0,18000,18000,1500,wet-well / inflow detention (inferred),False,1,MI,MI,MISO,True,False,False,3,1,0,22132,Sewage treatment facilities,"City of Saginaw, Michigan"
404,29,Clarksburg Sanitary Board,False,1,0,18000,18000,1500,wet-well / inflow detention (inferred),False,1,WV,WV,PJM,False,False,True,0,0,0,22132,Sewage treatment facilities,Clarksburg Sanitary Board
405,31,City of Brownwood,False,1,0,18000,18000,1500,wet-well / inflow detention (inferred),False,1,TX,TX,ERCOT,True,False,False,0,0,0,22132,Sewage treatment facilities,City of Brownwood
406,35,Joint Regional Sewerage Board,False,1,0,17500,17500,1500,wet-well / inflow detention (inferred),False,1,NY,NY,NYISO,True,False,True,0,0,0,22132,Sewage treatment facilities,Joint Regional Sewerage Board
407,24,City of Midwest City Oklahoma,False,1,0,16000,16000,1500,elevated storage network (inferred),False,1,OK,OK,SPP,False,False,False,0,0,0,22131,Water supply & irrigation systems,City of Midwest City Oklahoma
408,28,Utilities Commission City of New Smyrna Beach,False,1,0,16000,16000,1500,elevated storage network (inferred),False,1,FL,FL,SERC,False,False,True,0,0,0,22131,Water supply & irrigation systems,"Utilities Commission, City of New Smyrna Beach"
409,36,Clarksburg Water Board,False,1,0,16000,16000,1500,elevated storage network (inferred),False,1,WV,WV,PJM,False,False,True,1,1,0,22131,Water supply & irrigation systems,Clarksburg Water Board
410,34,City of Pharr,False,1,0,16000,16000,1500,elevated storage network (inferred),False,1,TX,TX,ERCOT,True,False,False,0,0,0,22131,Water supply & irrigation systems,City of Pharr
411,21,City of Walla Walla,False,1,0,16000,16000,1500,elevated storage network (inferred),False,1,WA,WA,NW,False,False,False,0,0,0,22131,Water supply & irrigation systems,City of Walla Walla
412,28,CarrollBoone Water District,False,1,0,16000,16000,1500,elevated storage network (inferred),False,1,AR,AR,SPP,False,False,True,0,0,0,22131,Water supply & irrigation systems,Carroll-Boone Water District
413,32,United Water Conservation District,False,1,0,16000,16000,1500,elevated storage network (inferred),False,1,CA,CA,CAISO,False,False,True,0,0,0,22131,Water supply & irrigation systems,United Water Conservation District
414,38,Morrisville Municipal Authority,False,1,0,16000,16000,1500,elevated storage network (inferred),False,1,PA,PA,PJM,True,False,True,0,0,0,22131,Water supply & irrigation systems,Morrisville Municipal Authority
415,30,City of Midland Michigan,False,1,0,16000,16000,1500,elevated storage network (inferred),False,1,MI,MI,MISO,True,False,False,0,0,0,22131,Water supply & irrigation systems,"City of Midland, Michigan"
416,38,San Patricio Municipal Water Dist,False,1,0,16000,16000,1500,elevated storage network (inferred),False,1,TX,TX,ERCOT,True,False,True,0,0,0,22131,Water supply & irrigation systems,San Patricio Municipal Water Dist.
417,21,City of Calhoun,False,1,0,16000,16000,1500,wet-well / inflow detention (inferred),False,1,GA,GA,SERC,False,False,False,0,0,0,22132,Sewage treatment facilities,City of Calhoun
418,24,City of Hendersonville,False,1,0,16000,16000,1500,elevated storage network (inferred),False,1,NC,NC,Duke,False,False,False,0,0,0,22131,Water supply & irrigation systems,City of Hendersonville
419,34,Daniel Handrich,False,1,0,16000,16000,1500,elevated storage network (inferred),False,1,NY,NY,NYISO,True,False,False,0,0,0,22131,Water supply & irrigation systems,Daniel Handrich
420,28,City of Fairmont,False,1,0,16000,16000,1500,elevated storage network (inferred),False,1,WV,WV,PJM,False,False,False,0,0,0,22131,Water supply & irrigation systems,City of Fairmont
421,32,Water Facilities Authority Joint Power Agency,False,1,0,16000,16000,1500,elevated storage network (inferred),False,1,CA,CA,CAISO,False,False,True,0,0,0,22131,Water supply & irrigation systems,Water Facilities Authority Joint Power Agency
422,30,City of Kalamazoo,False,1,0,16000,16000,1500,elevated storage network (inferred),False,1,MI,MI,MISO,True,False,False,0,0,0,22131,Water supply & irrigation systems,City of Kalamazoo
423,38,City of Lebanon Authority,False,1,0,16000,16000,1500,elevated storage network (inferred),False,1,PA,PA,PJM,True,False,True,0,0,0,22131,Water supply & irrigation systems,City of Lebanon Authority
424,38,Williamsport Municipal Water Author,False,1,0,16000,16000,1500,elevated storage network (inferred),False,1,PA,PA,PJM,True,False,True,0,0,0,22131,Water supply & irrigation systems,Williamsport Municipal Water Author
425,24,CITY OF NATCHITOCHES,False,1,0,16000,16000,1500,elevated storage network (inferred),False,1,LA,LA,MISO,False,False,False,0,0,0,22131,Water supply & irrigation systems,CITY OF NATCHITOCHES
426,24,City of Fort Wayne,False,1,0,16000,16000,1500,elevated storage network (inferred),False,1,IN,IN,MISO,False,False,False,0,0,0,22131,Water supply & irrigation systems,City of Fort Wayne
427,28,Greer Commission of Public Works,False,1,0,16000,16000,1500,elevated storage network (inferred),False,1,SC,SC,Duke,False,False,True,0,0,0,22131,Water supply & irrigation systems,Greer Commission of Public Works
428,25,ButteSilver Bow Water Utility Division,False,1,0,16000,16000,1500,elevated storage network (inferred),False,1,MT,MT,NW,False,False,True,0,0,0,22131,Water supply & irrigation systems,Butte-Silver Bow Water Utility Division
429,24,County of Brunswick,False,1,0,16000,16000,1500,elevated storage network (inferred),False,1,NC,NC,Duke,False,False,False,0,0,0,22131,Water supply & irrigation systems,County of Brunswick
430,32,Henry County Public Service Authority,False,1,0,16000,16000,1500,elevated storage network (inferred),False,1,VA,VA,PJM,False,False,True,0,0,0,22131,Water supply & irrigation systems,Henry County Public Service Authority
431,24,Steve Stone,False,1,0,16000,16000,1500,elevated storage network (inferred),False,1,NC,NC,Duke,False,False,False,0,0,0,22131,Water supply & irrigation systems,Steve Stone
432,32,San Juan Water District,False,1,0,16000,16000,1500,elevated storage network (inferred),False,1,CA,CA,CAISO,False,False,True,0,0,0,22131,Water supply & irrigation systems,San Juan Water District
433,25,Ute Water Conservancy District,False,1,0,16000,16000,1500,elevated storage network (inferred),False,1,CO,CO,WECC,False,False,True,0,0,0,22131,Water supply & irrigation systems,Ute Water Conservancy District
434,34,City of Snyder Texas,False,1,0,16000,16000,1500,elevated storage network (inferred),False,1,TX,TX,ERCOT,True,False,False,0,0,0,22131,Water supply & irrigation systems,"City of Snyder, Texas"
435,24,Fayette County Water System,False,1,0,16000,16000,1500,elevated storage network (inferred),False,1,GA,GA,SERC,False,False,False,0,0,0,22131,Water supply & irrigation systems,Fayette County Water System
436,38,Southmost Regional Water Authority,False,1,0,16000,16000,1500,elevated storage network (inferred),False,1,TX,TX,ERCOT,True,False,True,0,0,0,22131,Water supply & irrigation systems,Southmost Regional Water Authority
437,28,City of Salem Virginia,False,1,0,16000,16000,1500,elevated storage network (inferred),False,1,VA,VA,PJM,False,False,False,0,0,0,22131,Water supply & irrigation systems,"City of Salem, Virginia"
438,34,Wilson Water Treatment Plant,False,1,0,16000,16000,1500,elevated storage network (inferred),False,1,TX,TX,ERCOT,True,False,False,0,0,0,22131,Water supply & irrigation systems,Wilson Water Treatment Plant
439,21,City of DeLand,False,1,0,16000,16000,1500,wet-well / inflow detention (inferred),False,1,FL,FL,SERC,False,False,False,0,0,0,22132,Sewage treatment facilities,City of DeLand
440,21,City of Eden,False,1,0,16000,16000,1500,wet-well / inflow detention (inferred),False,1,NC,NC,Duke,False,False,False,0,0,0,22132,Sewage treatment facilities,City of Eden
441,21,Rockdale County Georgia,False,1,0,16000,16000,1500,wet-well / inflow detention (inferred),False,1,GA,GA,SERC,False,False,False,0,0,0,22132,Sewage treatment facilities,"Rockdale County, Georgia"
442,29,Fallbrook Public Utility District,False,1,0,16000,16000,1500,wet-well / inflow detention (inferred),False,1,CA,CA,CAISO,False,False,True,0,0,0,22131,Water supply & irrigation systems,Fallbrook Public Utility District
443,25,City of Hanford,False,1,0,16000,16000,1500,wet-well / inflow detention (inferred),False,1,CA,CA,CAISO,False,False,False,0,0,0,22132,Sewage treatment facilities,City of Hanford
444,25,City Of Yuba City,False,1,0,16000,16000,1500,wet-well / inflow detention (inferred),False,1,CA,CA,CAISO,False,False,False,0,0,0,22132,Sewage treatment facilities,City Of Yuba City
445,21,City of Rochester,False,1,0,16000,16000,1500,wet-well / inflow detention (inferred),False,1,MN,MN,MISO,False,False,False,0,0,0,22132,Sewage treatment facilities,City of Rochester
446,25,JOINT WATER SEWER COMMISSION,False,1,0,16000,16000,1500,wet-well / inflow detention (inferred),False,1,GA,GA,SERC,False,False,True,0,0,0,22132,Sewage treatment facilities,JOINT WATER SEWER COMMISSION
447,31,City of Temple Texas,False,1,0,16000,16000,1500,wet-well / inflow detention (inferred),False,1,TX,TX,ERCOT,True,False,False,0,0,0,22132,Sewage treatment facilities,"City of Temple, Texas"
448,24,Dan A Defore,False,1,0,14000,14000,1500,elevated storage network (inferred),False,1,KS,KS,SPP,False,False,False,0,0,0,22131,Water supply & irrigation systems,Dan A. Defore
449,24,City of Cartersville,False,1,0,14000,14000,1500,elevated storage network (inferred),False,1,GA,GA,SERC,False,False,False,0,0,0,22131,Water supply & irrigation systems,City of Cartersville
450,31,US Army,False,1,0,14000,14000,1500,wet-well / inflow detention (inferred),False,1,MD,MD,PJM,True,False,False,0,0,0,22132,Sewage treatment facilities,US Army
451,34,Village of Northbrook,False,1,0,14000,14000,1500,elevated storage network (inferred),False,1,IL,IL,PJM,True,False,False,0,0,0,22131,Water supply & irrigation systems,Village of Northbrook
452,34,City of Oregon,False,1,0,14000,14000,1500,elevated storage network (inferred),False,1,OH,OH,PJM,True,False,False,0,0,0,22131,Water supply & irrigation systems,City of Oregon
453,34,City of Waukegen,False,1,0,14000,14000,1500,elevated storage network (inferred),False,1,IL,IL,PJM,True,False,False,0,0,0,22131,Water supply & irrigation systems,City of Waukegen
454,32,Mr Alan Johnson,False,1,0,14000,14000,1500,elevated storage network (inferred),False,1,VA,VA,PJM,False,False,False,1,1,0,22131,Water supply & irrigation systems,Mr. Alan Johnson
455,31,City of Alliance,False,1,0,14000,14000,1500,wet-well / inflow detention (inferred),False,1,OH,OH,PJM,True,False,False,0,0,0,22131,Water supply & irrigation systems,City of Alliance
456,28,City of Duluth Public Works Utilities,False,1,0,14000,14000,1500,elevated storage network (inferred),False,1,MN,MN,MISO,False,False,True,0,0,0,22131,Water supply & irrigation systems,City of Duluth Public Works and Utilities
457,24,City of Hutchinson,False,1,0,14000,14000,1500,elevated storage network (inferred),False,1,KS,KS,SPP,False,False,False,0,0,0,22131,Water supply & irrigation systems,City of Hutchinson
458,22,City of Tolleson Wastewater Treatment Plant,False,1,0,14000,14000,1500,wet-well / inflow detention (inferred),False,1,AZ,AZ,WECC,False,False,False,1,1,0,22132,Sewage treatment facilities,City of Tolleson Wastewater Treatment Plant
459,21,City of Liberal,False,1,0,14000,14000,1500,wet-well / inflow detention (inferred),False,1,KS,KS,SPP,False,False,False,0,0,0,22132,Sewage treatment facilities,City of Liberal
460,25,City of Buena Vista,False,1,0,14000,14000,1500,wet-well / inflow detention (inferred),False,1,VA,VA,PJM,False,False,False,0,0,0,22132,Sewage treatment facilities,City of Buena Vista
461,34,Brick Township Mun Util Auth,False,1,0,12100,12100,1500,elevated storage network (inferred),False,1,NJ,NJ,PJM,True,False,False,0,0,0,22131,Water supply & irrigation systems,Brick Township Mun. Util. Auth.
462,32,Oklahoma Ordnance Works Authority,False,1,0,12045,12045,1500,elevated storage network (inferred),False,1,OK,OK,SPP,False,False,True,1,1,0,22131,Water supply & irrigation systems,Oklahoma Ordnance Works Authority
463,38,City of Springfield Ohio,False,1,0,12000,12000,1500,elevated storage network (inferred),False,1,OH,OH,PJM,True,False,False,1,1,0,22131,Water supply & irrigation systems,"City of Springfield, Ohio"
464,38,Town of Normal,False,1,0,12000,12000,1500,elevated storage network (inferred),False,1,IL,IL,PJM,True,False,False,2,1,0,22131,Water supply & irrigation systems,Town of Normal
465,38,City of Greenville Texas,False,1,0,12000,12000,1500,elevated storage network (inferred),False,1,TX,TX,ERCOT,True,False,False,1,1,0,22131,Water supply & irrigation systems,"City of Greenville, Texas"
466,28,Benton Utilities,False,1,0,12000,12000,1500,elevated storage network (inferred),False,1,AR,AR,SPP,False,False,True,0,0,0,22131,Water supply & irrigation systems,Benton Utilities
467,25,Soldier Canyon Water Treatment Authority,False,1,0,12000,12000,1500,elevated storage network (inferred),False,1,CO,CO,WECC,False,False,True,0,0,0,22131,Water supply & irrigation systems,Soldier Canyon Water Treatment Authority
468,28,Corbin City Utilities Commission,False,1,0,12000,12000,1500,elevated storage network (inferred),False,1,KY,KY,TVA,False,False,True,0,0,0,22131,Water supply & irrigation systems,Corbin City Utilities Commission
469,25,Fountain Valley Authority,False,1,0,12000,12000,1500,elevated storage network (inferred),False,1,CO,CO,WECC,False,False,True,0,0,0,22131,Water supply & irrigation systems,Fountain Valley Authority
470,24,CITY OF KIRKSVILLE,False,1,0,12000,12000,1500,elevated storage network (inferred),False,1,MO,MO,MISO,False,False,False,0,0,0,22131,Water supply & irrigation systems,CITY OF KIRKSVILLE
471,24,Shelbyville Power Water Sewerage System,False,1,0,12000,12000,1500,elevated storage network (inferred),False,1,TN,TN,TVA,False,False,False,0,0,0,22131,Water supply & irrigation systems,"Shelbyville Power, Water and Sewerage System"
472,24,Barry Turner,False,1,0,12000,12000,1500,elevated storage network (inferred),False,1,TN,TN,TVA,False,False,False,0,0,0,22131,Water supply & irrigation systems,Barry Turner
473,34,City of Bryan,False,1,0,12000,12000,1500,elevated storage network (inferred),False,1,TX,TX,ERCOT,True,False,False,0,0,0,22131,Water supply & irrigation systems,City of Bryan
474,28,Edmond Public Works Authority,False,1,0,12000,12000,1500,elevated storage network (inferred),False,1,OK,OK,SPP,False,False,True,0,0,0,22131,Water supply & irrigation systems,Edmond Public Works Authority
475,38,City of Rome,False,1,0,12000,12000,1500,elevated storage network (inferred),False,1,NY,NY,NYISO,True,False,False,2,1,0,22131,Water supply & irrigation systems,City of Rome
476,24,City of Stillwater,False,1,0,12000,12000,1500,elevated storage network (inferred),False,1,OK,OK,SPP,False,False,False,0,0,0,22131,Water supply & irrigation systems,City of Stillwater
477,28,Shawnee Municipal AuthCity of Shawnee Beneficiary,False,1,0,12000,12000,1500,elevated storage network (inferred),False,1,OK,OK,SPP,False,False,True,0,0,0,22131,Water supply & irrigation systems,Shawnee Municipal Auth/City of Shawnee Beneficiary
478,32,Bella Vista Water District,False,1,0,12000,12000,1500,elevated storage network (inferred),False,1,CA,CA,CAISO,False,False,True,0,0,0,22131,Water supply & irrigation systems,Bella Vista Water District
479,38,Brazos Regional Public Utility Agency PUA,False,1,0,12000,12000,1500,elevated storage network (inferred),False,1,TX,TX,ERCOT,True,False,True,0,0,0,22131,Water supply & irrigation systems,Brazos Regional Public Utility Agency (PUA)
480,24,City of Altus,False,1,0,12000,12000,1500,elevated storage network (inferred),False,1,OK,OK,SPP,False,False,False,0,0,0,22131,Water supply & irrigation systems,City of Altus
481,28,City Of Okmulgee,False,1,0,12000,12000,1500,elevated storage network (inferred),False,1,OK,OK,SPP,False,False,False,1,1,0,22131,Water supply & irrigation systems,City Of Okmulgee
482,24,City of Del City,False,1,0,12000,12000,1500,elevated storage network (inferred),False,1,OK,OK,SPP,False,False,False,0,0,0,22131,Water supply & irrigation systems,City of Del City
483,24,City of Mitchell South Dakota,False,1,0,12000,12000,1500,elevated storage network (inferred),False,1,SD,SD,SPP,False,False,False,0,0,0,22131,Water supply & irrigation systems,"City of Mitchell, South Dakota"
484,24,City of Pittsburg,False,1,0,12000,12000,1500,elevated storage network (inferred),False,1,KS,KS,SPP,False,False,False,0,0,0,22131,Water supply & irrigation systems,City of Pittsburg
485,38,Lakway Municipal Utility District,False,1,0,12000,12000,1500,elevated storage network (inferred),False,1,TX,TX,ERCOT,True,False,True,0,0,0,22131,Water supply & irrigation systems,Lakway Municipal Utility District
486,24,CITY OF THIBODAUX,False,1,0,12000,12000,1500,elevated storage network (inferred),False,1,LA,LA,MISO,False,False,False,0,0,0,22131,Water supply & irrigation systems,CITY OF THIBODAUX
487,31,City of Terrell,False,1,0,12000,12000,1500,wet-well / inflow detention (inferred),False,1,TX,TX,ERCOT,True,False,False,0,0,0,22131,Water supply & irrigation systems,City of Terrell
488,24,City of Junction City,False,1,0,12000,12000,1500,elevated storage network (inferred),False,1,KS,KS,SPP,False,False,False,0,0,0,22131,Water supply & irrigation systems,City of Junction City
489,24,City of Cape Girardeau,False,1,0,12000,12000,1500,elevated storage network (inferred),False,1,MO,MO,MISO,False,False,False,0,0,0,22131,Water supply & irrigation systems,City of Cape Girardeau
490,30,City of Jackson,False,1,0,12000,12000,1500,elevated storage network (inferred),False,1,MI,MI,MISO,True,False,False,0,0,0,22131,Water supply & irrigation systems,City of Jackson
491,24,City of El Dorado,False,1,0,12000,12000,1500,elevated storage network (inferred),False,1,KS,KS,SPP,False,False,False,0,0,0,22131,Water supply & irrigation systems,City of El Dorado
492,35,City of Redlands,False,1,0,12000,12000,1500,elevated storage network (inferred),False,1,CA,CA,CAISO,False,False,False,1,1,1,22131,Water supply & irrigation systems,City of Redlands
493,34,City of Avon Lake,False,1,0,12000,12000,1500,elevated storage network (inferred),False,1,OH,OH,PJM,True,False,False,0,0,0,22131,Water supply & irrigation systems,City of Avon Lake
494,34,Guadalupe Blanco River Arthority,False,1,0,12000,12000,1500,elevated storage network (inferred),False,1,TX,TX,ERCOT,True,False,False,0,0,0,22131,Water supply & irrigation systems,Guadalupe Blanco River Arthority
495,34,ShertzSeguin Local Government,False,1,0,12000,12000,1500,elevated storage network (inferred),False,1,TX,TX,ERCOT,True,False,False,0,0,0,22131,Water supply & irrigation systems,Shertz/Seguin Local Government Corporation
496,24,Stanton Clean Energy,False,1,0,12000,12000,1500,elevated storage network (inferred),False,1,FL,FL,SERC,False,False,False,0,0,0,22131,Water supply & irrigation systems,"Stanton Clean Energy, LLC"
497,28,Winchester Utility System,False,1,0,12000,12000,1500,elevated storage network (inferred),False,1,TN,TN,TVA,False,False,True,0,0,0,22131,Water supply & irrigation systems,Winchester Utility System
498,21,Lake Havasu City,False,1,0,12000,12000,1500,elevated storage network (inferred),False,1,AZ,AZ,WECC,False,False,False,0,0,0,22131,Water supply & irrigation systems,Lake Havasu City
499,28,City of Calexico,False,1,0,12000,12000,1500,elevated storage network (inferred),False,1,CA,CA,CAISO,False,False,False,0,0,0,22131,Water supply & irrigation systems,City of Calexico
500,28,West Wilson Utility District,False,1,0,12000,12000,1500,elevated storage network (inferred),False,1,TN,TN,TVA,False,False,True,0,0,0,22131,Water supply & irrigation systems,West Wilson Utility District
501,34,Zapata County Water Works,False,1,0,12000,12000,1500,elevated storage network (inferred),False,1,TX,TX,ERCOT,True,False,False,0,0,0,22131,Water supply & irrigation systems,Zapata County Water Works
502,21,City of Elizabethtown,False,1,0,12000,12000,1500,wet-well / inflow detention (inferred),False,1,KY,KY,TVA,False,False,False,0,0,0,22132,Sewage treatment facilities,City of Elizabethtown
503,25,City of Greenwood MS,False,1,0,12000,12000,1500,wet-well / inflow detention (inferred),False,1,MS,MS,SERC,False,False,False,1,1,0,22132,Sewage treatment facilities,"City of Greenwood, MS"
504,35,City of Cumberland,False,1,0,12000,12000,1500,wet-well / inflow detention (inferred),False,1,MD,MD,PJM,True,False,False,2,1,0,22132,Sewage treatment facilities,City of Cumberland
505,21,City of Tupelo,False,1,0,12000,12000,1500,wet-well / inflow detention (inferred),False,1,MS,MS,SERC,False,False,False,0,0,0,22132,Sewage treatment facilities,City of Tupelo
506,35,Williamsport Sanitary Authority,False,1,0,12000,12000,1500,wet-well / inflow detention (inferred),False,1,PA,PA,PJM,True,False,True,0,0,0,22132,Sewage treatment facilities,Williamsport Sanitary Authority
507,42,Clear Lake City Water Authority,False,1,0,12000,12000,1500,wet-well / inflow detention (inferred),False,1,TX,TX,ERCOT,True,False,True,1,1,1,22132,Sewage treatment facilities,Clear Lake City Water Authority
508,31,Fort Bend WC&ID No2,False,1,0,12000,12000,1500,wet-well / inflow detention (inferred),False,1,TX,TX,ERCOT,True,False,False,0,0,0,22132,Sewage treatment facilities,Fort Bend Co. WC&ID No.2
509,31,Borough of Hanover,False,1,0,12000,12000,1500,wet-well / inflow detention (inferred),False,1,PA,PA,PJM,True,False,False,0,0,0,22132,Sewage treatment facilities,Borough of Hanover
510,25,Manitowoc Public Utilities,False,1,0,12000,12000,1500,wet-well / inflow detention (inferred),False,1,WI,WI,MISO,False,False,True,0,0,0,22132,Sewage treatment facilities,Manitowoc Public Utilities
511,25,City of West Monroe,False,1,0,12000,12000,1500,wet-well / inflow detention (inferred),False,1,LA,LA,MISO,False,False,False,1,1,0,22132,Sewage treatment facilities,City of West Monroe
512,29,Sewerage Commission Oroville Region,False,1,0,12000,12000,1500,wet-well / inflow detention (inferred),False,1,CA,CA,CAISO,False,False,True,0,0,0,22132,Sewage treatment facilities,Sewerage Commission Oroville Region
513,18,Cedar City,False,1,0,12000,12000,1500,wet-well / inflow detention (inferred),False,1,UT,UT,WECC,False,False,False,0,0,0,22132,Sewage treatment facilities,Cedar City Corporation
514,21,Robert Neal Jackson,False,1,0,12000,12000,1500,wet-well / inflow detention (inferred),False,1,KY,KY,TVA,False,False,False,0,0,0,22132,Sewage treatment facilities,Robert Neal Jackson
515,31,City of South Houston,False,1,0,12000,12000,1500,wet-well / inflow detention (inferred),False,1,TX,TX,ERCOT,True,False,False,0,0,0,22132,Sewage treatment facilities,City of South Houston
516,21,City of Gretna LA,False,1,0,12000,12000,1500,wet-well / inflow detention (inferred),False,1,LA,LA,MISO,False,False,False,0,0,0,22132,Sewage treatment facilities,"City of Gretna, LA"
517,35,City of Pasadena Texas,False,1,0,12000,12000,1500,wet-well / inflow detention (inferred),False,1,TX,TX,ERCOT,True,False,False,1,1,0,22132,Sewage treatment facilities,"City of Pasadena, Texas"
518,31,City of La Porte,False,1,0,12000,12000,1500,wet-well / inflow detention (inferred),False,1,TX,TX,ERCOT,True,False,False,0,0,0,56221,Other,City of La Porte
519,25,Springdale Water Utilities,False,1,0,12000,12000,1500,wet-well / inflow detention (inferred),False,1,AR,AR,SPP,False,False,True,0,0,0,22132,Sewage treatment facilities,Springdale Water Utilities
520,21,City of New Iberia,False,1,0,12000,12000,1500,wet-well / inflow detention (inferred),False,1,LA,LA,MISO,False,False,False,0,0,0,22132,Sewage treatment facilities,City of New Iberia
521,32,Linda County Water District,False,1,0,12000,12000,1500,elevated storage network (inferred),False,1,CA,CA,CAISO,False,False,True,0,0,0,22132,Sewage treatment facilities,Linda County Water District
522,29,Broad Creek Public Service District,False,1,0,11750,11750,1500,wet-well / inflow detention (inferred),False,1,SC,SC,Duke,False,False,True,2,1,0,22132,Sewage treatment facilities,Broad Creek Public Service District
523,25,City of Alturas,False,1,0,11000,11000,1500,wet-well / inflow detention (inferred),False,1,CA,CA,CAISO,False,False,False,0,0,0,22132,Sewage treatment facilities,City of Alturas
524,24,CIty of Chanute,False,1,0,10250,10250,1500,elevated storage network (inferred),False,1,KS,KS,SPP,False,False,False,0,0,0,22131,Water supply & irrigation systems,CIty of Chanute
525,32,Humboldt Bay Municipal Water District HBMWD,False,1,0,10150,10150,1500,elevated storage network (inferred),False,1,CA,CA,CAISO,False,False,True,0,0,0,22131,Water supply & irrigation systems,Humboldt Bay Municipal Water District (HBMWD)
526,38,Western Berks Water Authority,False,1,0,10000,10000,1500,elevated storage network (inferred),False,1,PA,PA,PJM,True,False,True,0,0,0,22131,Water supply & irrigation systems,Western Berks Water Authority
527,34,Bluebonnet Water Supply,False,1,0,10000,10000,1500,elevated storage network (inferred),False,1,TX,TX,ERCOT,True,False,False,0,0,0,22131,Water supply & irrigation systems,Bluebonnet Water Supply Corporation
528,38,Aquilla Water Supply District,False,1,0,10000,10000,1500,elevated storage network (inferred),False,1,TX,TX,ERCOT,True,False,True,0,0,0,22131,Water supply & irrigation systems,Aquilla Water Supply District
529,21,City of Flagstaff,False,1,0,10000,10000,1500,elevated storage network (inferred),False,1,AZ,AZ,WECC,False,False,False,0,0,0,22131,Water supply & irrigation systems,City of Flagstaff
530,32,Cheyenne Board of Public Utilities,False,1,0,10000,10000,1500,elevated storage network (inferred),False,1,WY,WY,Other,False,False,True,2,1,1,22131,Water supply & irrigation systems,Cheyenne Board of Public Utilities
531,32,Otay Water District,False,1,0,10000,10000,1500,elevated storage network (inferred),False,1,CA,CA,CAISO,False,False,True,0,0,0,22131,Water supply & irrigation systems,Otay Water District
532,24,City of Hays Kansas,False,1,0,10000,10000,1500,elevated storage network (inferred),False,1,KS,KS,SPP,False,False,False,0,0,0,22131,Water supply & irrigation systems,"City of Hays, Kansas"
533,34,City of Bowie,False,1,0,10000,10000,1500,elevated storage network (inferred),False,1,TX,TX,ERCOT,True,False,False,0,0,0,22131,Water supply & irrigation systems,City of Bowie
534,34,City of Coshocton,False,1,0,10000,10000,1500,elevated storage network (inferred),False,1,OH,OH,PJM,True,False,False,0,0,0,325181,Other,City of Coshocton
535,28,James Morrison,False,1,0,10000,10000,1500,elevated storage network (inferred),False,1,OK,OK,SPP,False,False,False,1,1,0,22131,Water supply & irrigation systems,James Morrison
536,28,City of LaGrange,False,1,0,10000,10000,1500,elevated storage network (inferred),False,1,GA,GA,SERC,False,False,False,1,1,0,22131,Water supply & irrigation systems,City of LaGrange
537,24,City of Cloquet,False,1,0,10000,10000,1500,elevated storage network (inferred),False,1,MN,MN,MISO,False,False,False,0,0,0,22131,Water supply & irrigation systems,City of Cloquet
538,24,City of Gretna,False,1,0,10000,10000,1500,elevated storage network (inferred),False,1,LA,LA,MISO,False,False,False,0,0,0,22131,Water supply & irrigation systems,City of Gretna
539,24,Town of Wilkesboro,False,1,0,10000,10000,1500,elevated storage network (inferred),False,1,NC,NC,Duke,False,False,False,0,0,0,22131,Water supply & irrigation systems,Town of Wilkesboro
540,24,Department of Public Works,False,1,0,10000,10000,1500,elevated storage network (inferred),False,1,LA,LA,MISO,False,False,False,0,0,0,22131,Water supply & irrigation systems,Department of Public Works
541,38,Southwestern PA Water Authority,False,1,0,10000,10000,1500,elevated storage network (inferred),False,1,PA,PA,PJM,True,False,True,0,0,0,22131,Water supply & irrigation systems,Southwestern PA Water Authority
542,24,City of Griffin,False,1,0,10000,10000,1500,elevated storage network (inferred),False,1,GA,GA,SERC,False,False,False,0,0,0,22131,Water supply & irrigation systems,City of Griffin
543,24,City of Northport,False,1,0,10000,10000,1500,elevated storage network (inferred),False,1,AL,AL,SERC,False,False,False,0,0,0,22131,Water supply & irrigation systems,The City of Northport
544,28,City of Benicia,False,1,0,10000,10000,1500,elevated storage network (inferred),False,1,CA,CA,CAISO,False,False,False,0,0,0,22131,Water supply & irrigation systems,City of Benicia
545,21,City of Bend,False,1,0,10000,10000,1500,elevated storage network (inferred),False,1,OR,OR,NW,False,False,False,0,0,0,22131,Water supply & irrigation systems,City of Bend
546,24,City of Lakeville,False,1,0,10000,10000,1500,elevated storage network (inferred),False,1,MN,MN,MISO,False,False,False,0,0,0,99999,Other,City of Lakeville
547,24,City of Bardstown,False,1,0,10000,10000,1500,elevated storage network (inferred),False,1,KY,KY,TVA,False,False,False,0,0,0,22131,Water supply & irrigation systems,City of Bardstown
548,34,Undine Group,False,1,0,10000,10000,1500,elevated storage network (inferred),False,1,TX,TX,ERCOT,True,False,False,0,0,0,22131,Water supply & irrigation systems,"Undine Group, LLC"
549,28,SHELBYVILLE MUNICIPAL WATER & SEWER COMMISSION,False,1,0,10000,10000,1500,elevated storage network (inferred),False,1,KY,KY,TVA,False,False,True,0,0,0,22131,Water supply & irrigation systems,SHELBYVILLE MUNICIPAL WATER & SEWER COMMISSION
550,34,City of Galesburg,False,1,0,10000,10000,1500,elevated storage network (inferred),False,1,IL,IL,PJM,True,False,False,0,0,0,22131,Water supply & irrigation systems,City of Galesburg
551,24,Randy Head,False,1,0,10000,10000,1500,elevated storage network (inferred),False,1,TN,TN,TVA,False,False,False,0,0,0,22131,Water supply & irrigation systems,Randy Head
552,24,City of Pulaski,False,1,0,10000,10000,1500,elevated storage network (inferred),False,1,TN,TN,TVA,False,False,False,0,0,0,22131,Water supply & irrigation systems,City of Pulaski
553,32,NRV Regional Water Authority,False,1,0,10000,10000,1500,elevated storage network (inferred),False,1,VA,VA,PJM,False,False,True,0,0,0,22131,Water supply & irrigation systems,NRV Regional Water Authority
554,28,BentonWashington Regional Public Water Authority,False,1,0,10000,10000,1500,elevated storage network (inferred),False,1,AR,AR,SPP,False,False,True,0,0,0,22131,Water supply & irrigation systems,Benton/Washington Regional Public Water Authority
555,38,West Jefferson County Municipal Water District,False,1,0,10000,10000,1500,elevated storage network (inferred),False,1,TX,TX,ERCOT,True,False,True,0,0,0,22131,Water supply & irrigation systems,West Jefferson County Municipal Water District
556,34,City of Albany,False,1,0,10000,10000,1500,elevated storage network (inferred),False,1,TX,TX,ERCOT,True,False,False,0,0,0,22131,Water supply & irrigation systems,City of Albany
557,25,Phenix City Utilities,False,1,0,10000,10000,1500,wet-well / inflow detention (inferred),False,1,AL,AL,SERC,False,False,True,0,0,0,22132,Sewage treatment facilities,Phenix City Utilities
558,39,Medina County Board of Commissioners,False,1,0,10000,10000,1500,wet-well / inflow detention (inferred),False,1,OH,OH,PJM,True,False,True,3,1,0,22132,Sewage treatment facilities,Medina County Board of Commissioners
559,35,Chelford City Municipal Utility District,False,1,0,10000,10000,1500,wet-well / inflow detention (inferred),False,1,TX,TX,ERCOT,True,False,True,0,0,0,22132,Sewage treatment facilities,Chelford City Municipal Utility District
560,21,City of Austin,False,1,0,10000,10000,1500,wet-well / inflow detention (inferred),False,1,MN,MN,MISO,False,False,False,0,0,0,22132,Sewage treatment facilities,City of Austin
561,21,City of Oakdale,False,1,0,10000,10000,1500,wet-well / inflow detention (inferred),False,1,LA,LA,MISO,False,False,False,0,0,0,22132,Sewage treatment facilities,City of Oakdale
562,40,City of Canton,False,3,0,7500,2500,1500,elevated storage network (inferred),False,1,OH,OH,PJM,True,True,False,1,1,0,22131,Water supply & irrigation systems,City of Canton
563,37,KinkaidReeds Creek Conservancy District,False,1,0,9000,9000,1200,elevated storage network (inferred),False,1,IL,IL,PJM,True,False,True,0,0,0,22131,Water supply & irrigation systems,Kinkaid-Reed's Creek Conservancy District
564,37,MACKENZIE MUNICIPAL WATER AUTHORITY,False,1,0,8600,8600,1200,elevated storage network (inferred),False,1,TX,TX,ERCOT,True,False,True,0,0,0,22131,Water supply & irrigation systems,MACKENZIE MUNICIPAL WATER AUTHORITY
565,23,City of Durant,False,1,0,8000,8000,1200,elevated storage network (inferred),False,1,OK,OK,SPP,False,False,False,0,0,0,92119,Other,City of Durant
566,20,City Of Holly Hill,False,1,0,8000,8000,1200,wet-well / inflow detention (inferred),False,1,FL,FL,SERC,False,False,False,0,0,0,22131,Water supply & irrigation systems,City Of Holly Hill
567,33,City of Gonzales Texas,False,1,0,8000,8000,1200,elevated storage network (inferred),False,1,TX,TX,ERCOT,True,False,False,0,0,0,22131,Water supply & irrigation systems,"City of Gonzales, Texas"
568,33,Borough of Tamaqua,False,1,0,8000,8000,1200,elevated storage network (inferred),False,1,PA,PA,PJM,True,False,False,0,0,0,22131,Water supply & irrigation systems,Borough of Tamaqua
569,33,City of Ennis,False,1,0,8000,8000,1200,elevated storage network (inferred),False,1,TX,TX,ERCOT,True,False,False,0,0,0,22131,Water supply & irrigation systems,City of Ennis
570,37,Lower Bucks County Joint Municipal Authority,False,1,0,8000,8000,1200,elevated storage network (inferred),False,1,PA,PA,PJM,True,False,True,0,0,0,22131,Water supply & irrigation systems,Lower Bucks County Joint Municipal Authority
571,20,City of Greeley,False,1,0,8000,8000,1200,elevated storage network (inferred),False,1,CO,CO,WECC,False,False,False,0,0,0,22131,Water supply & irrigation systems,City of Greeley
572,20,Jeremy King,False,1,0,8000,8000,1200,wet-well / inflow detention (inferred),False,1,GA,GA,SERC,False,False,False,0,0,0,22132,Sewage treatment facilities,Jeremy King
573,33,Auth of Borough of Charleroi,False,1,0,8000,8000,1200,elevated storage network (inferred),False,1,PA,PA,PJM,True,False,False,0,0,0,22131,Water supply & irrigation systems,Auth. of the Borough of Charleroi
574,24,Pueblo West Metropolitan District,False,1,0,8000,8000,1200,elevated storage network (inferred),False,1,CO,CO,WECC,False,False,True,0,0,0,22131,Water supply & irrigation systems,Pueblo West Metropolitan District
575,33,City of Marshall,False,1,0,8000,8000,1200,elevated storage network (inferred),False,1,TX,TX,ERCOT,True,False,False,0,0,0,22131,Water supply & irrigation systems,City of Marshall
576,23,City of Nashville Arkansas,False,1,0,8000,8000,1200,elevated storage network (inferred),False,1,AR,AR,SPP,False,False,False,0,0,0,22131,Water supply & irrigation systems,"City of Nashville, Arkansas"
577,27,Newnan Utilities,False,1,0,8000,8000,1200,elevated storage network (inferred),False,1,GA,GA,SERC,False,False,True,0,0,0,22131,Water supply & irrigation systems,Newnan Utilities
578,37,Greater Johnstown Water Authority,False,1,0,8000,8000,1200,elevated storage network (inferred),False,1,PA,PA,PJM,True,False,True,0,0,0,22131,Water supply & irrigation systems,Greater Johnstown Water Authority
579,33,City of Carthage Texas,False,1,0,8000,8000,1200,elevated storage network (inferred),False,1,TX,TX,ERCOT,True,False,False,0,0,0,22131,Water supply & irrigation systems,"City of Carthage, Texas"
580,23,City of Appleton,False,1,0,8000,8000,1200,elevated storage network (inferred),False,1,WI,WI,MISO,False,False,False,0,0,0,22131,Water supply & irrigation systems,City of Appleton
581,33,City of Cedar Pak Texas,False,1,0,8000,8000,1200,elevated storage network (inferred),False,1,TX,TX,ERCOT,True,False,False,0,0,0,22131,Water supply & irrigation systems,"City of Cedar Pak, Texas"
582,37,City of Waxahachie,False,1,0,8000,8000,1200,elevated storage network (inferred),False,1,TX,TX,ERCOT,True,False,False,1,1,0,22131,Water supply & irrigation systems,City of Waxahachie
583,37,North Fayette County Municipal Authority,False,1,0,8000,8000,1200,elevated storage network (inferred),False,1,PA,PA,PJM,True,False,True,0,0,0,22131,Water supply & irrigation systems,North Fayette County Municipal Authority
584,37,Municipal Authority of City of New Kensington,False,1,0,8000,8000,1200,elevated storage network (inferred),False,1,PA,PA,PJM,True,False,True,0,0,0,22131,Water supply & irrigation systems,Municipal Authority of the City of New Kensington
585,37,Canadian River Muncipal Water Authority,False,1,0,8000,8000,1200,elevated storage network (inferred),False,1,TX,TX,ERCOT,True,False,True,0,0,0,22131,Water supply & irrigation systems,Canadian River Muncipal Water Authority
586,37,Erie Water Works,False,1,0,8000,8000,1200,elevated storage network (inferred),False,1,PA,PA,PJM,True,False,False,2,1,0,22131,Water supply & irrigation systems,Erie Water Works
587,24,Little Thompson Water District,False,1,0,8000,8000,1200,elevated storage network (inferred),False,1,CO,CO,WECC,False,False,True,0,0,0,22131,Water supply & irrigation systems,Little Thompson Water District
588,23,Assumption Parish WaterWorks Dis1,False,1,0,8000,8000,1200,elevated storage network (inferred),False,1,LA,LA,MISO,False,False,False,0,0,0,22131,Water supply & irrigation systems,Assumption Parish WaterWorks Dis.#1
589,33,City of Marlin,False,1,0,8000,8000,1200,elevated storage network (inferred),False,1,TX,TX,ERCOT,True,False,False,0,0,0,22131,Water supply & irrigation systems,City of Marlin
590,23,Town of Many,False,1,0,8000,8000,1200,elevated storage network (inferred),False,1,LA,LA,MISO,False,False,False,0,0,0,22131,Water supply & irrigation systems,Town of Many
591,37,City of Victoria Texas,False,1,0,8000,8000,1200,elevated storage network (inferred),False,1,TX,TX,ERCOT,True,False,False,1,1,0,22131,Water supply & irrigation systems,"City of Victoria, Texas"
592,27,Five Star Water Supply District,False,1,0,8000,8000,1200,elevated storage network (inferred),False,1,AL,AL,SERC,False,False,True,0,0,0,22131,Water supply & irrigation systems,Five Star Water Supply District
593,23,City of Coffeyville Kansas,False,1,0,8000,8000,1200,elevated storage network (inferred),False,1,KS,KS,SPP,False,False,False,0,0,0,22131,Water supply & irrigation systems,"City of Coffeyville, Kansas"
594,37,Lower Neches Valley Authority,False,1,0,8000,8000,1200,elevated storage network (inferred),False,1,TX,TX,ERCOT,True,False,True,0,0,0,22131,Water supply & irrigation systems,Lower Neches Valley Authority
595,20,City of Florence Wastewater Depart,False,1,0,8000,8000,1200,wet-well / inflow detention (inferred),False,1,AL,AL,SERC,False,False,False,0,0,0,22132,Sewage treatment facilities,City of Florence Wastewater Depart.
596,34,Ephrata Borough Authority,False,1,0,8000,8000,1200,wet-well / inflow detention (inferred),False,1,PA,PA,PJM,True,False,True,0,0,0,22132,Sewage treatment facilities,Ephrata Borough Authority
597,24,Water & Sewer Board of City of Wetumpka,False,1,0,8000,8000,1200,wet-well / inflow detention (inferred),False,1,AL,AL,SERC,False,False,True,0,0,0,22132,Sewage treatment facilities,Water & Sewer Board of the City of Wetumpka
598,34,KRMA Board,False,1,0,8000,8000,1200,wet-well / inflow detention (inferred),False,1,IL,IL,PJM,True,False,True,0,0,0,22132,Sewage treatment facilities,KRMA Board
599,30,Lake Forest Plant Advisory Council,False,1,0,8000,8000,1200,wet-well / inflow detention (inferred),False,1,TX,TX,ERCOT,True,False,False,0,0,0,22132,Sewage treatment facilities,Lake Forest Plant Advisory Council
600,34,Carlisle Borough Sewer System Authority,False,1,0,8000,8000,1200,wet-well / inflow detention (inferred),False,1,PA,PA,PJM,True,False,True,0,0,0,22132,Sewage treatment facilities,Carlisle Borough Sewer System Authority
601,34,Lower Bucks Joint Municipal Authority,False,1,0,8000,8000,1200,wet-well / inflow detention (inferred),False,1,PA,PA,PJM,True,False,True,0,0,0,22132,Sewage treatment facilities,Lower Bucks Co. Joint Municipal Authority
602,24,Town of Selbyville,False,1,0,8000,8000,1200,wet-well / inflow detention (inferred),False,1,DE,DE,PJM,False,False,False,0,0,0,22132,Sewage treatment facilities,Town of Selbyville
603,30,Mun San Auth of New Kensington,False,1,0,8000,8000,1200,wet-well / inflow detention (inferred),False,1,PA,PA,PJM,True,False,False,0,0,0,22132,Sewage treatment facilities,Mun. San. Auth. of New Kensington
604,24,Wards 5&8 Joint Sewerage Commission,False,1,0,8000,8000,1200,wet-well / inflow detention (inferred),False,1,LA,LA,MISO,False,False,True,0,0,0,22132,Sewage treatment facilities,Wards 5&8 Joint Sewerage Commission
605,30,City of Bay City,False,1,0,8000,8000,1200,wet-well / inflow detention (inferred),False,1,TX,TX,ERCOT,True,False,False,0,0,0,22132,Sewage treatment facilities,City of Bay City
606,30,City of Groves,False,1,0,8000,8000,1200,wet-well / inflow detention (inferred),False,1,TX,TX,ERCOT,True,False,False,0,0,0,22132,Sewage treatment facilities,City of Groves
607,17,City of Coeur dAlene Idaho,False,1,0,8000,8000,1200,wet-well / inflow detention (inferred),False,1,ID,ID,NW,False,False,False,0,0,0,22132,Sewage treatment facilities,"City of Coeur d'Alene, Idaho"
608,30,LLVSA,False,1,0,8000,8000,1200,wet-well / inflow detention (inferred),False,1,PA,PA,PJM,True,False,False,0,0,0,22132,Sewage treatment facilities,LLVSA
609,30,City of Carthage,False,1,0,8000,8000,1200,wet-well / inflow detention (inferred),False,1,TX,TX,ERCOT,True,False,False,0,0,0,22132,Sewage treatment facilities,City of Carthage
610,20,City of New Roads,False,1,0,8000,8000,1200,wet-well / inflow detention (inferred),False,1,LA,LA,MISO,False,False,False,0,0,0,22132,Sewage treatment facilities,City of New Roads
611,30,City of Buda,False,1,0,8000,8000,1200,wet-well / inflow detention (inferred),False,1,TX,TX,ERCOT,True,False,False,0,0,0,22132,Sewage treatment facilities,City of Buda
612,37,North Central Texas Municipal Water Authority,False,1,0,7800,7800,1200,elevated storage network (inferred),False,1,TX,TX,ERCOT,True,False,True,0,0,0,22131,Water supply & irrigation systems,North Central Texas Municipal Water Authority
613,20,City of Starkville,False,1,0,7000,7000,1200,wet-well / inflow detention (inferred),False,1,MS,MS,SERC,False,False,False,0,0,0,22132,Sewage treatment facilities,City of Starkville
614,33,Mun Auth of Bourough of Oakmont,False,1,0,6600,6600,1200,elevated storage network (inferred),False,1,PA,PA,PJM,True,False,False,0,0,0,22131,Water supply & irrigation systems,Mun. Auth. of the Bourough of Oakmont
615,23,City of Cameron,False,1,0,6000,6000,1200,elevated storage network (inferred),False,1,MO,MO,MISO,False,False,False,0,0,0,22131,Water supply & irrigation systems,City of Cameron
616,27,Nebraska City Utilities,False,1,0,6000,6000,1200,elevated storage network (inferred),False,1,NE,NE,SPP,False,False,True,0,0,0,22131,Water supply & irrigation systems,Nebraska City Utilities
617,23,City of Williston,False,1,0,6000,6000,1200,elevated storage network (inferred),False,1,ND,ND,MISO,False,False,False,0,0,0,22131,Water supply & irrigation systems,City of Williston
618,33,Walt Sears Jr,False,1,0,6000,6000,1200,elevated storage network (inferred),False,1,TX,TX,ERCOT,True,False,False,0,0,0,22131,Water supply & irrigation systems,"Walt Sears, Jr."
619,23,City of Chillicothe,False,1,0,6000,6000,1200,elevated storage network (inferred),False,1,MO,MO,MISO,False,False,False,0,0,0,22131,Water supply & irrigation systems,City of Chillicothe
620,33,City of Nederland,False,1,0,6000,6000,1200,elevated storage network (inferred),False,1,TX,TX,ERCOT,True,False,False,0,0,0,22131,Water supply & irrigation systems,City of Nederland
621,31,Weirton Area Water Board,False,1,0,6000,6000,1200,elevated storage network (inferred),False,1,WV,WV,PJM,False,False,True,0,0,0,22131,Water supply & irrigation systems,Weirton Area Water Board
622,27,City of Gardner Kansas,False,1,0,6000,6000,1200,elevated storage network (inferred),False,1,KS,KS,SPP,False,False,False,3,1,0,22131,Water supply & irrigation systems,"City of Gardner, Kansas"
623,27,Magnolia Municipal Water System,False,1,0,6000,6000,1200,elevated storage network (inferred),False,1,AR,AR,SPP,False,False,True,0,0,0,22131,Water supply & irrigation systems,Magnolia Municipal Water System
624,23,City of Wellington KS,False,1,0,6000,6000,1200,elevated storage network (inferred),False,1,KS,KS,SPP,False,False,False,0,0,0,22131,Water supply & irrigation systems,"City of Wellington, KS"
625,33,City of Breckenridge,False,1,0,6000,6000,1200,elevated storage network (inferred),False,1,TX,TX,ERCOT,True,False,False,0,0,0,22131,Water supply & irrigation systems,City of Breckenridge
626,27,City of Waldron,False,1,0,6000,6000,1200,elevated storage network (inferred),False,1,AR,AR,SPP,False,False,False,2,1,0,22131,Water supply & irrigation systems,City of Waldron
627,37,White River Mun Water District,False,1,0,6000,6000,1200,elevated storage network (inferred),False,1,TX,TX,ERCOT,True,False,True,0,0,0,22131,Water supply & irrigation systems,White River Mun. Water District
628,27,Batesville water Utilities,False,1,0,6000,6000,1200,elevated storage network (inferred),False,1,AR,AR,SPP,False,False,True,0,0,0,22131,Water supply & irrigation systems,Batesville water Utilities
629,27,Guntersville Water Sewer Board,False,1,0,6000,6000,1200,elevated storage network (inferred),False,1,AL,AL,SERC,False,False,True,0,0,0,22131,Water supply & irrigation systems,Guntersville Water and Sewer Board
630,20,City of Indianola,False,1,0,6000,6000,1200,wet-well / inflow detention (inferred),False,1,MS,MS,SERC,False,False,False,0,0,0,22132,Sewage treatment facilities,City of Indianola
631,31,Butts County et al Water & Sewer Authority,False,1,0,6000,6000,1200,elevated storage network (inferred),False,1,GA,GA,SERC,False,False,True,1,1,0,22131,Water supply & irrigation systems,"Butts County, et al. Water & Sewer Authority"
632,20,City of Caon City,False,1,0,6000,6000,1200,elevated storage network (inferred),False,1,CO,CO,WECC,False,False,False,0,0,0,22131,Water supply & irrigation systems,City of Cañon City
633,33,City of Elsa,False,1,0,6000,6000,1200,elevated storage network (inferred),False,1,TX,TX,ERCOT,True,False,False,0,0,0,22131,Water supply & irrigation systems,City of Elsa
634,23,City of Opelousas Water Department,False,1,0,6000,6000,1200,elevated storage network (inferred),False,1,LA,LA,MISO,False,False,False,0,0,0,22131,Water supply & irrigation systems,City of Opelousas Water Department
635,23,City of Sand Springs,False,1,0,6000,6000,1200,elevated storage network (inferred),False,1,OK,OK,SPP,False,False,False,0,0,0,22131,Water supply & irrigation systems,City of Sand Springs
636,33,City of Coleman Texas,False,1,0,6000,6000,1200,elevated storage network (inferred),False,1,TX,TX,ERCOT,True,False,False,0,0,0,22131,Water supply & irrigation systems,"City of Coleman, Texas"
637,23,City of McComb,False,1,0,6000,6000,1200,elevated storage network (inferred),False,1,MS,MS,SERC,False,False,False,0,0,0,22131,Water supply & irrigation systems,City of McComb
638,34,Treschwig Joint Powers Board,False,1,0,6000,6000,1200,wet-well / inflow detention (inferred),False,1,TX,TX,ERCOT,True,False,True,0,0,0,22132,Sewage treatment facilities,Treschwig Joint Powers Board
639,20,City of Aberdeen Mississippi,False,1,0,6000,6000,1200,wet-well / inflow detention (inferred),False,1,MS,MS,SERC,False,False,False,0,0,0,22132,Sewage treatment facilities,"City of Aberdeen, Mississippi"
640,30,City of Ennis Texas,False,1,0,6000,6000,1200,wet-well / inflow detention (inferred),False,1,TX,TX,ERCOT,True,False,False,0,0,0,22132,Sewage treatment facilities,"City of Ennis, Texas"
641,28,Jasper Waterworks Sewer Board,False,1,0,6000,6000,1200,wet-well / inflow detention (inferred),False,1,AL,AL,SERC,False,False,True,1,1,0,22132,Sewage treatment facilities,Jasper Waterworks and Sewer Board
642,20,City of Westwego,False,1,0,6000,6000,1200,wet-well / inflow detention (inferred),False,1,LA,LA,MISO,False,False,False,0,0,0,22132,Sewage treatment facilities,City of Westwego
643,30,City of Crockett,False,1,0,6000,6000,1200,wet-well / inflow detention (inferred),False,1,TX,TX,ERCOT,True,False,False,0,0,0,22132,Sewage treatment facilities,City of Crockett
644,34,Lumberton Municipal Utilities Distr,False,1,0,6000,6000,1200,wet-well / inflow detention (inferred),False,1,TX,TX,ERCOT,True,False,True,0,0,0,22132,Sewage treatment facilities,Lumberton Municipal Utilities Distr
645,30,City of Clute,False,1,0,6000,6000,1200,wet-well / inflow detention (inferred),False,1,TX,TX,ERCOT,True,False,False,0,0,0,22132,Sewage treatment facilities,City of Clute
646,30,City of Jasper,False,1,0,6000,6000,1200,wet-well / inflow detention (inferred),False,1,TX,TX,ERCOT,True,False,False,0,0,0,22132,Sewage treatment facilities,City of Jasper
647,33,Harris FWSD No 51,False,1,0,6000,6000,1200,elevated storage network (inferred),False,1,TX,TX,ERCOT,True,False,False,0,0,0,22132,Sewage treatment facilities,Harris Co. FWSD No. 51
648,33,City of Ballinger,False,1,0,5800,5800,1200,elevated storage network (inferred),False,1,TX,TX,ERCOT,True,False,False,0,0,0,22131,Water supply & irrigation systems,City of Ballinger
649,30,City of Woodville,False,1,0,5200,5200,1200,wet-well / inflow detention (inferred),False,1,TX,TX,ERCOT,True,False,False,0,0,0,22132,Sewage treatment facilities,City of Woodville
650,24,Project 7 Water Authority,False,1,0,5000,5000,1200,elevated storage network (inferred),False,1,CO,CO,WECC,False,False,True,0,0,0,22131,Water supply & irrigation systems,Project 7 Water Authority
651,27,City of Morgantown,False,1,0,5000,5000,1200,elevated storage network (inferred),False,1,WV,WV,PJM,False,False,False,0,0,0,22131,Water supply & irrigation systems,City of Morgantown
652,33,Houston County WCID 1,False,1,0,5000,5000,1200,elevated storage network (inferred),False,1,TX,TX,ERCOT,True,False,False,0,0,0,22131,Water supply & irrigation systems,Houston County WCID # 1
653,33,City of Mabank,False,1,0,4800,4800,1200,elevated storage network (inferred),False,1,TX,TX,ERCOT,True,False,False,0,0,0,22131,Water supply & irrigation systems,City of Mabank
654,37,Benbrook Water Authority,False,1,0,4500,4500,1200,elevated storage network (inferred),False,1,TX,TX,ERCOT,True,False,True,0,0,0,22131,Water supply & irrigation systems,Benbrook Water Authority
655,24,Utilities Board of Cityof Ozark,False,1,0,4400,4400,1200,wet-well / inflow detention (inferred),False,1,AL,AL,SERC,False,False,True,0,0,0,22132,Sewage treatment facilities,Utilities Board of the Cityof Ozark
656,34,Washington Township Municipal Authority,False,1,0,4300,4300,1200,wet-well / inflow detention (inferred),False,1,PA,PA,PJM,True,False,True,0,0,0,22132,Sewage treatment facilities,Washington Township Municipal Authority
657,20,Magnolia Wastewater System,False,1,0,4150,4150,1200,wet-well / inflow detention (inferred),False,1,AR,AR,SPP,False,False,False,0,0,0,22132,Sewage treatment facilities,Magnolia Wastewater System
658,33,City of Borger Texas,False,1,0,4000,4000,1200,elevated storage network (inferred),False,1,TX,TX,ERCOT,True,False,False,0,0,0,22131,Water supply & irrigation systems,"City of Borger, Texas"
659,33,City of Emory,False,1,0,4000,4000,1200,elevated storage network (inferred),False,1,TX,TX,ERCOT,True,False,False,0,0,0,22131,Water supply & irrigation systems,City of Emory
660,34,City of Buckhannon,False,1,0,4000,4000,1200,elevated storage network (inferred),False,1,WV,WV,PJM,False,False,False,1,1,1,22131,Water supply & irrigation systems,City of Buckhannon
661,37,Borough of Carlisle Municipal Authority,False,1,0,4000,4000,1200,elevated storage network (inferred),False,1,PA,PA,PJM,True,False,True,0,0,0,22131,Water supply & irrigation systems,Borough of Carlisle Municipal Authority
662,27,Paragould Municipal Utilities Commission,False,1,0,4000,4000,1200,elevated storage network (inferred),False,1,AR,AR,SPP,False,False,True,0,0,0,22131,Water supply & irrigation systems,Paragould Municipal Utilities Commission
663,33,Borough of Huntingdon,False,1,0,4000,4000,1200,elevated storage network (inferred),False,1,PA,PA,PJM,True,False,False,0,0,0,22131,Water supply & irrigation systems,Borough of Huntingdon
664,27,Russellville Water Sewer Board,False,1,0,4000,4000,1200,elevated storage network (inferred),False,1,AL,AL,SERC,False,False,True,0,0,0,22131,Water supply & irrigation systems,Russellville Water and Sewer Board
665,33,City of Three Rivers,False,1,0,4000,4000,1200,elevated storage network (inferred),False,1,TX,TX,ERCOT,True,False,False,0,0,0,22131,Water supply & irrigation systems,City of Three Rivers
666,27,City of Blair Nebraska,False,1,0,4000,4000,1200,elevated storage network (inferred),False,1,NE,NE,SPP,False,False,False,1,1,0,22131,Water supply & irrigation systems,"City of Blair, Nebraska"
667,23,City of Mandan,False,1,0,4000,4000,1200,elevated storage network (inferred),False,1,ND,ND,MISO,False,False,False,0,0,0,22131,Water supply & irrigation systems,City of Mandan
668,27,Beaver Water District,False,1,0,4000,4000,1200,elevated storage network (inferred),False,1,AR,AR,SPP,False,False,True,0,0,0,22131,Water supply & irrigation systems,Beaver Water District
669,27,BY Rural Water District,False,1,0,4000,4000,1200,elevated storage network (inferred),False,1,SD,SD,SPP,False,False,True,0,0,0,22131,Water supply & irrigation systems,B-Y Rural Water District
670,23,Village of Parks,False,1,0,4000,4000,1200,elevated storage network (inferred),False,1,LA,LA,MISO,False,False,False,0,0,0,22131,Water supply & irrigation systems,The Village of Parks
671,23,City of Lamar,False,1,0,4000,4000,1200,elevated storage network (inferred),False,1,MO,MO,MISO,False,False,False,0,0,0,22131,Water supply & irrigation systems,City of Lamar
672,37,Lakeway Municipal Utility District,False,1,0,4000,4000,1200,elevated storage network (inferred),False,1,TX,TX,ERCOT,True,False,True,0,0,0,22131,Water supply & irrigation systems,Lakeway Municipal Utility District
673,23,WEB WATER DEVELOPMENT ASSOCIATION,False,1,0,4000,4000,1200,elevated storage network (inferred),False,1,SD,SD,SPP,False,False,False,0,0,0,22131,Water supply & irrigation systems,"WEB WATER DEVELOPMENT ASSOCIATION, INC."
674,23,City of Ottawa Kansas,False,1,0,4000,4000,1200,elevated storage network (inferred),False,1,KS,KS,SPP,False,False,False,0,0,0,22131,Water supply & irrigation systems,"City of Ottawa, Kansas"
675,23,City of Kaplan,False,1,0,4000,4000,1200,elevated storage network (inferred),False,1,LA,LA,MISO,False,False,False,0,0,0,22131,Water supply & irrigation systems,City of Kaplan
676,23,City of Natchez,False,1,0,4000,4000,1200,elevated storage network (inferred),False,1,MS,MS,SERC,False,False,False,0,0,0,22131,Water supply & irrigation systems,City of Natchez
677,27,City of Rayne,False,1,0,4000,4000,1200,elevated storage network (inferred),False,1,LA,LA,MISO,False,False,False,2,1,0,22131,Water supply & irrigation systems,City of Rayne
678,27,Canton Municipal Utilities,False,1,0,4000,4000,1200,elevated storage network (inferred),False,1,MS,MS,SERC,False,False,True,0,0,0,22131,Water supply & irrigation systems,Canton Municipal Utilities
679,27,City of St Martinville,False,1,0,4000,4000,1200,elevated storage network (inferred),False,1,LA,LA,MISO,False,False,False,1,1,0,22131,Water supply & irrigation systems,City of St. Martinville
680,23,City of Ridgleand,False,1,0,4000,4000,1200,elevated storage network (inferred),False,1,MS,MS,SERC,False,False,False,0,0,0,22131,Water supply & irrigation systems,City of Ridgleand
681,33,City of Decatur Texas,False,1,0,4000,4000,1200,elevated storage network (inferred),False,1,TX,TX,ERCOT,True,False,False,0,0,0,22131,Water supply & irrigation systems,"City of Decatur, Texas"
682,37,Canadian River Municipal Water Authority,False,1,0,4000,4000,1200,elevated storage network (inferred),False,1,TX,TX,ERCOT,True,False,True,0,0,0,22131,Water supply & irrigation systems,Canadian River Municipal Water Authority
683,23,City of Savannah Missouri,False,1,0,4000,4000,1200,elevated storage network (inferred),False,1,MO,MO,MISO,False,False,False,0,0,0,22131,Water supply & irrigation systems,"City of Savannah, Missouri"
684,23,Gary M Conley,False,1,0,4000,4000,1200,elevated storage network (inferred),False,1,OK,OK,SPP,False,False,False,0,0,0,22131,Water supply & irrigation systems,Gary M Conley
685,30,City of Lancaster,False,1,0,4000,4000,1200,wet-well / inflow detention (inferred),False,1,PA,PA,PJM,True,False,False,0,0,0,22132,Sewage treatment facilities,City of Lancaster
686,30,City of Lake Jackson,False,1,0,4000,4000,1200,wet-well / inflow detention (inferred),False,1,TX,TX,ERCOT,True,False,False,0,0,0,22132,Sewage treatment facilities,City of Lake Jackson
687,28,City of Fairmont Sanitary Sewer Board,False,1,0,4000,4000,1200,wet-well / inflow detention (inferred),False,1,WV,WV,PJM,False,False,True,0,0,0,22132,Sewage treatment facilities,City of Fairmont Sanitary Sewer Board
688,28,Buchanan County Public Service Authority,False,1,0,4000,4000,1200,wet-well / inflow detention (inferred),False,1,VA,VA,PJM,False,False,True,0,0,0,22132,Sewage treatment facilities,Buchanan County Public Service Authority
689,30,City of Fredericksburg,False,1,0,4000,4000,1200,wet-well / inflow detention (inferred),False,1,TX,TX,ERCOT,True,False,False,0,0,0,22132,Sewage treatment facilities,City of Fredericksburg
690,30,City of DuBois,False,1,0,4000,4000,1200,wet-well / inflow detention (inferred),False,1,PA,PA,PJM,True,False,False,0,0,0,22132,Sewage treatment facilities,City of DuBois
691,34,Lycoming County Water Sewer Authority,False,1,0,4000,4000,1200,wet-well / inflow detention (inferred),False,1,PA,PA,PJM,True,False,True,0,0,0,22132,Sewage treatment facilities,Lycoming County Water and Sewer Authority
692,20,City of Fort Payne Alabama,False,1,0,4000,4000,1200,wet-well / inflow detention (inferred),False,1,AL,AL,SERC,False,False,False,0,0,0,22132,Sewage treatment facilities,"City of Fort Payne, Alabama"
693,20,Natchez Water Works,False,1,0,4000,4000,1200,wet-well / inflow detention (inferred),False,1,MS,MS,SERC,False,False,False,0,0,0,22132,Sewage treatment facilities,Natchez Water Works
694,30,City of webster,False,1,0,4000,4000,1200,wet-well / inflow detention (inferred),False,1,TX,TX,ERCOT,True,False,False,0,0,0,22132,Sewage treatment facilities,City of webster
695,30,City of Rusk,False,1,0,4000,4000,1200,wet-well / inflow detention (inferred),False,1,TX,TX,ERCOT,True,False,False,0,0,0,22132,Sewage treatment facilities,City of Rusk
696,23,City of Fort Scott KS,False,1,0,3800,3800,1200,elevated storage network (inferred),False,1,KS,KS,SPP,False,False,False,0,0,0,22131,Water supply & irrigation systems,"City of Fort Scott, KS"
697,23,City of Parsons KS,False,1,0,3000,3000,1200,elevated storage network (inferred),False,1,KS,KS,SPP,False,False,False,0,0,0,22131,Water supply & irrigation systems,"City of Parsons, KS"
698,27,City of Independence,False,1,0,2000,2000,1200,elevated storage network (inferred),False,1,KS,KS,SPP,False,False,False,1,1,0,22131,Water supply & irrigation systems,City of Independence
699,23,City of Minot North Dakota,False,1,0,2000,2000,1200,elevated storage network (inferred),False,1,ND,ND,MISO,False,False,False,0,0,0,22131,Water supply & irrigation systems,"City of Minot, North Dakota"
700,24,Clifton Water District,False,1,0,2000,2000,1200,elevated storage network (inferred),False,1,CO,CO,WECC,False,False,True,0,0,0,22131,Water supply & irrigation systems,Clifton Water District
701,27,BerwickBayou Vista WW Commission,False,1,0,2000,2000,1200,elevated storage network (inferred),False,1,LA,LA,MISO,False,False,True,0,0,0,22131,Water supply & irrigation systems,Berwick/Bayou Vista WW Commission
702,33,City of San Benito,False,1,0,2000,2000,1200,elevated storage network (inferred),False,1,TX,TX,ERCOT,True,False,False,0,0,0,22131,Water supply & irrigation systems,City of San Benito
703,20,City of Fort Morgan,False,1,0,2000,2000,1200,elevated storage network (inferred),False,1,CO,CO,WECC,False,False,False,0,0,0,22131,Water supply & irrigation systems,City of Fort Morgan
704,30,City of Borger,False,1,0,2000,2000,1200,wet-well / inflow detention (inferred),False,1,TX,TX,ERCOT,True,False,False,0,0,0,22132,Sewage treatment facilities,City of Borger
705,24,City of Cloverdale,False,1,0,2000,2000,1200,wet-well / inflow detention (inferred),False,1,CA,CA,CAISO,False,False,False,0,0,0,22132,Sewage treatment facilities,City of Cloverdale
706,30,City of Bridge City,False,1,0,2000,2000,1200,wet-well / inflow detention (inferred),False,1,TX,TX,ERCOT,True,False,False,0,0,0,22132,Sewage treatment facilities,City of Bridge City
707,38,North Texas Municipal Water Dist,False,1,0,2000,2000,1200,wet-well / inflow detention (inferred),False,1,TX,TX,ERCOT,True,False,True,1,1,0,22132,Sewage treatment facilities,North Texas Municipal Water Dist
708,25,WashingtonEast Washington Joint Au,False,1,0,2000,2000,1200,buffer unknown,False,1,PA,PA,PJM,True,False,False,0,0,0,56221,Other,Washington-East Washington Joint Au
709,34,Wyoming Valley Sanitary Authority,False,1,0,2000,2000,1200,wet-well / inflow detention (inferred),False,1,PA,PA,PJM,True,False,True,0,0,0,22132,Sewage treatment facilities,Wyoming Valley Sanitary Authority
710,23,City of Emporia,False,1,0,1000,1000,1200,elevated storage network (inferred),False,1,KS,KS,SPP,False,False,False,0,0,0,22131,Water supply & irrigation systems,City of Emporia
711,28,Georgetown County Water Sewer District,False,2,0,16650,8650,1000,mixed portfolio (per-station audit required),False,1,SC,SC,Duke,False,True,True,1,1,0,22131,Water supply & irrigation systems,Georgetown County Water and Sewer District
712,21,Okaloosa County Water Sewer,False,2,0,16000,8000,1000,wet-well / inflow detention (inferred),False,1,FL,FL,SERC,False,True,False,0,0,0,22132,Sewage treatment facilities,Okaloosa County Water and Sewer
713,28,City of Eagan,False,2,0,16000,8000,1000,elevated storage network (inferred),False,1,MN,MN,MISO,False,True,False,1,1,0,22131,Water supply & irrigation systems,City of Eagan
714,20,City of Fergus Falls,False,2,0,14000,8000,1000,mixed portfolio (per-station audit required),False,1,MN,MN,MISO,False,True,False,0,0,0,22131,Water supply & irrigation systems,City of Fergus Falls
715,32,Willmar Municipal Utilities,False,2,0,14000,8000,1000,elevated storage network (inferred),False,1,MN,MN,MISO,False,True,True,1,1,0,22131,Water supply & irrigation systems,Willmar Municipal Utilities
716,24,City of Marion,False,2,0,14000,8000,1000,mixed portfolio (per-station audit required),False,2,"IN,NC",NC,Duke,False,True,False,0,0,0,22131,Water supply & irrigation systems,City of Marion
717,28,Chickasha Municipal Authority,False,2,0,14000,8000,1000,mixed portfolio (per-station audit required),False,1,OK,OK,SPP,False,True,True,1,1,0,22131,Water supply & irrigation systems,Chickasha Municipal Authority
718,20,City of Bennettsville,False,2,0,12000,8000,1000,mixed portfolio (per-station audit required),False,1,SC,SC,Duke,False,True,False,0,0,0,22131,Water supply & irrigation systems,City of Bennettsville
719,30,Village of Attica,False,2,0,12000,6000,1000,mixed portfolio (per-station audit required),False,1,NY,NY,NYISO,True,True,False,0,0,0,22132,Sewage treatment facilities,Village of Attica
720,28,Mammoth Community Water District,False,2,0,10000,8000,1000,mixed portfolio (per-station audit required),False,1,CA,CA,CAISO,False,True,True,0,0,0,22131,Water supply & irrigation systems,Mammoth Community Water District
721,32,Hardin County Water District No 2,False,2,0,10000,6000,1000,elevated storage network (inferred),False,1,KY,KY,TVA,False,True,True,1,1,0,22131,Water supply & irrigation systems,Hardin County Water District No. 2
722,24,City of Galax,False,2,0,10000,6000,1000,mixed portfolio (per-station audit required),False,1,VA,VA,PJM,False,True,False,0,0,0,22131,Water supply & irrigation systems,City of Galax
723,20,City of Mount Holly,False,2,0,10000,6000,1000,mixed portfolio (per-station audit required),False,1,NC,NC,Duke,False,True,False,0,0,0,92119,Other,City of Mount Holly
724,24,Commission of Public Works,False,2,0,8000,4000,1000,mixed portfolio (per-station audit required),False,1,SC,SC,Duke,False,True,True,0,0,0,22131,Water supply & irrigation systems,Commission of Public Works
725,24,City of Cayce Public Utilities,False,2,0,8000,4000,1000,mixed portfolio (per-station audit required),False,1,SC,SC,Duke,False,True,True,0,0,0,22131,Water supply & irrigation systems,City of Cayce - Public Utilities
726,20,City of Elizabeth City,False,2,0,8000,4000,1000,mixed portfolio (per-station audit required),False,1,NC,NC,Duke,False,True,False,0,0,0,22131,Water supply & irrigation systems,City of Elizabeth City
727,20,City of Jamestown ND,False,2,0,8000,4000,1000,mixed portfolio (per-station audit required),False,1,ND,ND,MISO,False,True,False,0,0,0,22131,Water supply & irrigation systems,"City of Jamestown, ND"
728,24,Veolia Water,False,2,0,8000,4000,1000,elevated storage network (inferred),False,1,MS,MS,SERC,False,True,False,0,0,0,22131,Water supply & irrigation systems,Veolia Water
729,30,Jamie Sandoval,False,2,0,8000,4000,1000,mixed portfolio (per-station audit required),False,1,TX,TX,ERCOT,True,True,False,0,0,0,22131,Water supply & irrigation systems,Jamie Sandoval
730,25,Central Utah Water Conservancy District,False,2,0,4000,2000,1000,elevated storage network (inferred),False,1,UT,UT,WECC,False,True,True,0,0,0,22131,Water supply & irrigation systems,Central Utah Water Conservancy District
731,24,Seacoast Utility Authority,False,2,0,4000,2000,1000,mixed portfolio (per-station audit required),False,1,FL,FL,SERC,False,True,True,0,0,0,22131,Water supply & irrigation systems,Seacoast Utility Authority
732,20,City of Oshkosh,False,2,0,4000,2000,1000,mixed portfolio (per-station audit required),False,1,WI,WI,MISO,False,True,False,0,0,0,22131,Water supply & irrigation systems,City of Oshkosh
